pitch_type,game_date,release_speed,release_pos_x,release_pos_z,player_name,batter,pitcher,events,description,spin_dir,spin_rate_deprecated,break_angle_deprecated,break_length_deprecated,zone,des,game_type,stand,p_throws,home_team,away_team,type,hit_location,bb_type,balls,strikes,game_year,pfx_x,pfx_z,plate_x,plate_z,on_3b,on_2b,on_1b,outs_when_up,inning,inning_topbot,hc_x,hc_y,tfs_deprecated,tfs_zulu_deprecated,umpire,sv_id,vx0,vy0,vz0,ax,ay,az,sz_top,sz_bot,hit_distance_sc,launch_speed,launch_angle,effective_speed,release_spin_rate,release_extension,game_pk,fielder_2,fielder_3,fielder_4,fielder_5,fielder_6,fielder_7,fielder_8,fielder_9,release_pos_y,estimated_ba_using_speedangle,estimated_woba_using_speedangle,woba_value,woba_denom,babip_value,iso_value,launch_speed_angle,at_bat_number,pitch_number,pitch_name,home_score,away_score,bat_score,fld_score,post_away_score,post_home_score,post_bat_score,post_fld_score,if_fielding_alignment,of_fielding_alignment,spin_axis,delta_home_win_exp,delta_run_exp,bat_speed,swing_length,miss_distance,estimated_slg_using_speedangle,delta_pitcher_run_exp,hyper_speed,home_score_diff,bat_score_diff,home_win_exp,bat_win_exp,age_pit_legacy,age_bat_legacy,age_pit,age_bat,n_thruorder_pitcher,n_priorpa_thisgame_player_at_bat,pitcher_days_since_prev_game,batter_days_since_prev_game,pitcher_days_until_next_game,batter_days_until_next_game,api_break_z_with_gravity,api_break_x_arm,api_break_x_batter_in,arm_angle,attack_angle,attack_direction,swing_path_tilt,intercept_ball_minus_batter_pos_x_inches,intercept_ball_minus_batter_pos_y_inches
FF,2026-07-23,94.5,-1.97,5.23,"Iglesias, Raisel",650859,628452,strikeout,swinging_strike,,,,,2,Luis Rengifo strikes out swinging.,R,L,R,ATL,SD,S,2,,0,2,2026,-0.83,1.14,-0.2500225584593832,2.979410120569152,,630105,665487,2,9,Top,,,,,,,6.3506404745451475,-137.61100229121791,-2.656441699600121,-11.8662388138441,28.708238857924165,-17.23540861035472,3.087483596,1.558169291,,,,95.4,2421,6.6,824893,686948,621566,645277,663586,805347,643289,671739,642201,53.85,,0.0,0.0,1,0,0,,72,3,4-Seam Fastball,6,5,5,6,5,6,5,6,Strategic,Standard,233,0.088,-0.191,64.4,5.9,2.06464482,,0.191,,1,-1,0.912,0.088,36,29,36,29,1,4,1,1,3,1,1.39,0.83,-0.83,26.6,-6.151972738226053,34.47207229980606,31.98357454671114,39.13020083146071,12.644834080037178
CH,2026-07-23,88.8,-1.58,5.41,"Iglesias, Raisel",650859,628452,,foul,,,,,14,,R,L,R,ATL,SD,S,,,0,1,2026,-1.11,0.58,0.1913615229589949,1.388035000777109,,630105,665487,2,9,Top,,,,,,,6.644669434415097,-129.1194478443958,-4.840217889908846,-13.810819453473847,24.9707110301032,-24.87656730396637,3.087483596,1.558169291,3,96.4,-26,89.1,1956,6.4,824893,686948,621566,645277,663586,805347,643289,671739,642201,54.11,,,,,,,,72,2,Changeup,6,5,5,6,5,6,5,6,Strategic,Standard,247,0.036,-0.057,72.8,7.8,,,0.057,96.4,1,-1,0.876,0.124,36,29,36,29,1,4,1,1,3,1,2.3,1.11,-1.11,27.4,23.67750926486417,-10.550946665141083,42.59665791626399,33.49208782309181,39.14930449360307
CH,2026-07-23,88.0,-1.9,5.33,"Iglesias, Raisel",650859,628452,,swinging_strike,,,,,13,,R,L,R,ATL,SD,S,,,0,0,2026,-1.13,0.48,-0.2532948068307428,0.913006405785227,,630105,665487,2,9,Top,,,,,,,6.32557495957957,-128.08930652295348,-5.439524653959931,-13.698077419403784,23.44047524518055,-26.05913808917775,3.087483596,1.558169291,,,,88.4,2029,6.3,824893,686948,621566,645277,663586,805347,643289,671739,642201,54.2,,,,,,,,72,1,Changeup,6,5,5,6,5,6,5,6,Strategic,Standard,242,0.022,-0.034,74.5,8.0,0.75797538,,0.034,,1,-1,0.854,0.146,36,29,36,29,1,4,1,1,3,1,2.44,1.13,-1.13,27.7,14.677057715575728,-13.063899531188532,41.986838564692555,38.75197348322846,38.76800071959221
SI,2026-07-23,94.1,-2.41,4.99,"Iglesias, Raisel",665487,628452,single,hit_into_play,,,,,7,Fernando Tatis Jr. singles on a line drive to right fielder Eli White. Jake Cronenworth to 2nd.,R,R,R,ATL,SD,X,9,line_drive,0,0,2026,-1.45,0.37,-0.3582373056906383,1.938712841093484,,,630105,2,9,Top,172.42,119.24,,,,,8.56883163197499,-136.752381589788,-2.834012018832074,-20.096619853683812,30.71977487521632,-27.063156363514487,3.346382874,1.68882874,173,97.1,7,94.5,2375,6.7,824893,686948,621566,645277,663586,805347,643289,671739,642201,53.84,0.609,0.564,0.9,1,1,0,4,71,1,Sinker,6,5,5,6,5,6,5,6,Standard,Standard,235,-0.067,0.344,66.1,6.8,,0.688,-0.344,97.1,1,-1,0.921,0.079,36,27,36,27,1,4,1,1,3,1,2.21,1.45,1.45,21.6,10.38604542397017,46.71167676278777,23.315829996938465,34.397900361354104,20.12879821948768
FF,2026-07-23,94.0,-1.6,5.52,"Iglesias, Raisel",630105,628452,single,hit_into_play,,,,,1,Jake Cronenworth singles on a line drive to left fielder Mauricio Dubón.,R,L,R,ATL,SD,X,7,line_drive,1,2,2026,-0.63,1.28,-0.3840348851815248,3.097194500780689,,,,2,9,Top,65.62,115.33,,,,,4.504024969032407,-136.88323416157095,-3.3110366962775677,-8.948438137966846,28.115030104458818,-15.453827169400144,3.171735564,1.600688976,257,89.4,17,93.7,2357,5.9,824893,686948,621566,645277,663586,805347,643289,671739,642201,54.57,0.877,0.825,0.9,1,1,0,4,70,4,4-Seam Fastball,6,5,5,6,5,6,5,6,Infield shade,Standard,220,-0.053,0.412,66.6,6.1,,1.017,-0.412,89.4,1,-1,0.974,0.026,36,32,36,32,1,3,1,1,3,1,1.28,0.63,-0.63,33.0,-6.4456455192113165,18.608683177865416,19.23328137616955,41.590797920693134,21.06287135352939
FF,2026-07-23,94.2,-2.17,5.22,"Iglesias, Raisel",630105,628452,,foul,,,,,1,,R,L,R,ATL,SD,S,,,1,1,2026,-0.82,1.2,-0.4837161556626932,3.1394990399378147,,,,2,9,Top,,,,,,,6.19916755703573,-137.1114957740505,-2.285178630593298,-11.645208102000293,28.905702245580834,-16.682626372263513,3.171735564,1.600688976,221,83.8,58,94.8,2415,6.5,824893,686948,621566,645277,663586,805347,643289,671739,642201,53.98,,,,,,,,70,3,4-Seam Fastball,6,5,5,6,5,6,5,6,Standard,Standard,231,0.009,-0.065,65.6,6.5,,,0.065,88.0,1,-1,0.965,0.035,36,32,36,32,1,3,1,1,3,1,1.36,0.82,-0.82,24.7,-2.409555861606767,9.721484787956388,21.395044613251212,42.896736087702834,22.4616497823228
CH,2026-07-23,88.4,-1.81,5.3,"Iglesias, Raisel",630105,628452,,ball,,,,,13,,R,L,R,ATL,SD,B,,,0,1,2026,-1.28,0.2,-0.6871170885267497,0.9442333258410064,,,,2,9,Top,,,,,,,5.394770691714625,-128.6542351348662,-4.727987064156131,-15.361790836405577,25.582718716920077,-29.202531400427503,3.171735564,1.600688976,,,,88.4,2000,6.2,824893,686948,621566,645277,663586,805347,643289,671739,642201,54.34,,,,,,,,70,2,Changeup,6,5,5,6,5,6,5,6,Standard,Standard,246,-0.004,0.029,,,,,-0.029,,1,-1,0.969,0.031,36,32,36,32,1,3,1,1,3,1,2.71,1.28,-1.28,28.1,,,,,
CH,2026-07-23,88.0,-1.71,5.34,"Iglesias, Raisel",630105,628452,,called_strike,,,,,8,,R,L,R,ATL,SD,S,,,0,0,2026,-1.2,0.44,0.1019209025339986,1.7559070279107094,,,,2,9,Top,,,,,,,6.816781861295576,-128.000187804727,-3.2926920112713898,-14.536685194850804,25.47251938919736,-26.87605119755692,3.171735564,1.600688976,,,,87.7,1950,6.1,824893,686948,621566,645277,663586,805347,643289,671739,642201,54.45,,,,,,,,70,1,Changeup,6,5,5,6,5,6,5,6,Strategic,Standard,246,0.006,-0.044,,,,,0.044,,1,-1,0.963,0.037,36,32,36,32,1,3,1,1,3,1,2.5,1.2,-1.2,28.8,,,,,
FF,2026-07-23,95.4,-2.27,5.23,"Iglesias, Raisel",701538,628452,field_out,hit_into_play,,,,,1,Jackson Merrill flies out to left fielder Mauricio Dubón.,R,L,R,ATL,SD,X,7,fly_ball,1,2,2026,-0.92,1.23,-0.4623794115209159,3.151003616734082,,,,1,9,Top,70.54,66.13,,,,,6.808074062580544,-138.85016033779291,-2.4927109968211156,-13.39582243456056,30.045916737318773,-15.882505454457403,3.320054134,1.675541339,356,98.2,26,95.7,2355,6.4,824893,686948,621566,645277,663586,805347,643289,671739,642201,54.11,0.38,0.609,0.0,1,0,0,6,69,4,4-Seam Fastball,6,5,5,6,5,6,5,6,Strategic,Standard,234,0.039,-0.183,72.8,7.0,,1.099,0.183,98.2,1,-1,0.924,0.076,36,23,36,23,1,0,1,1,3,1,1.27,0.92,-0.92,23.4,5.2757051010764044,13.05459822744635,33.06944881407384,41.660180816118256,23.384825406763365
FF,2026-07-23,93.9,-2.33,5.16,"Iglesias, Raisel",701538,628452,,swinging_strike,,,,,11,,R,L,R,ATL,SD,S,,,1,1,2026,-0.86,1.21,-0.9980839360517296,3.295233863672192,,,,1,9,Top,,,,,,,5.35265082859209,-136.6311024437292,-1.6684101573957624,-11.928437119298165,29.626132256270925,-16.883172001663723,3.320054134,1.675541339,,,,94.2,2323,6.4,824893,686948,621566,645277,663586,805347,643289,671739,642201,54.06,,,,,,,,69,3,4-Seam Fastball,6,5,5,6,5,6,5,6,Strategic,Standard,233,0.013,-0.071,80.6,7.2,0.522188892,,0.071,,1,-1,0.911,0.089,36,23,36,23,1,0,1,1,3,1,1.38,0.86,-0.86,22.4,13.640022982369596,8.257016478972153,32.51082250510878,47.68122093038349,25.12552141261771
FF,2026-07-23,94.3,-2.25,5.2,"Iglesias, Raisel",701538,628452,,ball,,,,,11,,R,L,R,ATL,SD,B,,,0,1,2026,-0.95,1.25,-1.0143786646815234,2.9551435508917105,,,,1,9,Top,,,,,,,5.29489038309105,-137.3032535269481,-2.8129395468458354,-13.18028333256814,29.894710083497575,-15.934913148595651,3.320054134,1.675541339,,,,94.2,2372,6.2,824893,686948,621566,645277,663586,805347,643289,671739,642201,54.32,,,,,,,,69,2,4-Seam Fastball,6,5,5,6,5,6,5,6,Strategic,Standard,234,-0.005,0.033,,,,,-0.033,,1,-1,0.916,0.084,36,23,36,23,1,0,1,1,3,1,1.31,0.95,-0.95,20.5,,,,,
FF,2026-07-23,93.1,-1.56,5.55,"Iglesias, Raisel",701538,628452,,swinging_strike,,,,,1,,R,L,R,ATL,SD,S,,,0,0,2026,-0.66,1.22,-0.8252646683864601,3.2257796974234365,,,,1,9,Top,,,,,,,3.3215154171169816,-135.653074427873,-2.7753969438772543,-8.8284278931371,27.642582536988108,-16.7039933269404,3.320054134,1.675541339,,,,93.2,2311,6.1,824893,686948,621566,645277,663586,805347,643289,671739,642201,54.36,,,,,,,,69,1,4-Seam Fastball,6,5,5,6,5,6,5,6,Strategic,Standard,222,0.008,-0.041,68.7,6.9,0.400516488,,0.041,,1,-1,0.908,0.092,36,23,36,23,1,0,1,1,3,1,1.39,0.66,-0.66,31.1,3.8827282864932062,29.333252092665777,30.925959032722915,45.62200728976474,15.122266803781132
CH,2026-07-23,87.8,-1.56,5.35,"Iglesias, Raisel",823550,628452,strikeout,swinging_strike,,,,,7,Sung-Mun Song strikes out swinging.,R,L,R,ATL,SD,S,2,,1,2,2026,-1.11,0.71,-0.3640959940496107,1.5791446185329638,,,,0,9,Top,,,,,,,5.221886897126562,-127.78413988056572,-4.29893776977168,-13.282787446730364,26.264470931919124,-23.704486869695344,3.189288058,1.609547244,,,,88.3,1846,6.6,824893,686948,621566,645277,663586,805347,643289,671739,642201,53.91,,0.0,0.0,1,0,0,,68,5,Changeup,6,5,5,6,5,6,5,6,Strategic,Standard,245,0.051,-0.186,69.9,9.0,1.490207412,,0.186,,1,-1,0.857,0.143,36,29,36,30,1,0,1,1,3,1,2.24,1.11,-1.11,27.4,21.429297059377785,-27.58657031303117,28.49570123163756,39.92302611107306,47.92262536371064
CH,2026-07-23,88.1,-1.67,5.41,"Iglesias, Raisel",823550,628452,,foul,,,,,7,,R,L,R,ATL,SD,S,,,1,2,2026,-0.82,0.61,-0.4243623590270694,2.0735315379014594,,,,0,9,Top,,,,,,,4.726964548751374,-128.3139561623262,-3.1209753945543515,-10.05204428569363,24.900779535900664,-25.01172909021578,3.189288058,1.609547244,,,,88.4,1973,6.3,824893,686948,621566,645277,663586,805347,643289,671739,642201,54.21,,,,,,,,68,4,Changeup,6,5,5,6,5,6,5,6,Strategic,Standard,243,0.0,0.0,73.6,8.0,,,0.0,,1,-1,0.857,0.143,36,29,36,30,1,0,1,1,3,1,2.31,0.82,-0.82,29.1,10.293848583299075,1.1723826261107175,29.829266766848285,41.53321263506361,30.940461385546172
FF,2026-07-23,94.1,-2.25,5.22,"Iglesias, Raisel",823550,628452,,foul,,,,,6,,R,L,R,ATL,SD,S,,,1,1,2026,-0.8,1.11,0.359537583501734,2.6566231497224946,,,,0,9,Top,,,,,,,8.528109103949935,-136.89536056142217,-3.297729038704049,-11.87047778548481,28.918823713983667,-17.601316672418157,3.189288058,1.609547244,224,70.1,36,94.7,2309,6.6,824893,686948,621566,645277,663586,805347,643289,671739,642201,53.92,,,,,,,,68,3,4-Seam Fastball,6,5,5,6,5,6,5,6,Standard,Standard,227,0.018,-0.061,74.6,7.6,,,0.061,88.0,1,-1,0.839,0.161,36,29,36,30,1,0,1,1,3,1,1.45,0.8,-0.8,22.7,3.860625764507198,-1.5172978074883996,28.179286477671077,31.388651800172077,26.031998505623942
FF,2026-07-23,92.5,-1.49,5.58,"Iglesias, Raisel",823550,628452,,called_strike,,,,,4,,R,L,R,ATL,SD,S,,,1,0,2026,-0.66,1.33,-0.6185501485284938,2.643294195359402,,,,0,9,Top,,,,,,,3.645175108125089,-134.78373542868323,-4.492620386412758,-8.798129671028983,26.87953159681336,-15.115213490280254,3.189288058,1.609547244,,,,92.8,2222,6.2,824893,686948,621566,645277,663586,805347,643289,671739,642201,54.31,,,,,,,,68,2,4-Seam Fastball,6,5,5,6,5,6,5,6,Standard,Standard,219,0.016,-0.056,,,,,0.056,,1,-1,0.823,0.177,36,29,36,30,1,0,1,1,3,1,1.31,0.66,-0.66,33.8,,,,,
CH,2026-07-23,88.0,-1.79,5.45,"Iglesias, Raisel",823550,628452,,ball,,,,,13,,R,L,R,ATL,SD,B,,,0,0,2026,-1.2,0.17,-0.1448476675812648,1.0439900454941196,,,,0,9,Top,,,,,,,6.441163866424252,-128.09537583584955,-4.708377454294447,-14.57645537053722,24.92816197433971,-29.599155892414863,3.189288058,1.609547244,,,,87.7,1878,6.0,824893,686948,621566,645277,663586,805347,643289,671739,642201,54.55,,,,,,,,68,1,Changeup,6,5,5,6,5,6,5,6,Standard,Standard,239,-0.012,0.043,,,,,-0.043,,1,-1,0.835,0.165,36,29,36,30,1,0,1,1,3,1,2.76,1.2,-1.2,31.1,,,,,
SL,2026-07-23,89.3,-0.72,5.84,"Rodriguez, Bradgley",663586,699134,strikeout,swinging_strike,,,,,3,Austin Riley strikes out swinging.,R,R,R,ATL,SD,S,2,,0,2,2026,0.43,0.32,0.5446215712960947,3.0736325825503066,,,,2,8,Bot,,,,,,,2.168790013534377,-130.27818381415378,-1.420127334552239,4.599575964338605,22.4799909897131,-28.420887699036427,3.273540026,1.652066929,,,,91.0,2637,6.8,824893,666023,664034,630105,592518,593428,650859,687749,665487,53.72,,0.0,0.0,1,0,0,,67,3,Slider,6,5,6,5,5,6,6,5,Strategic,Standard,146,-0.005,-0.154,72.2,6.8,0.972803904,,0.154,,1,1,0.84,0.84,22,29,23,29,1,3,2,1,1,1,2.48,-0.43,-0.43,37.7,5.304367653007724,18.83344806635616,22.668357459126423,43.85545526588379,22.020551998353938
SI,2026-07-23,96.5,-0.5,5.9,"Rodriguez, Bradgley",663586,699134,,foul,,,,,8,,R,R,R,ATL,SD,S,,,0,1,2026,-0.91,0.77,-0.2486421768640887,1.8693270464222445,,,,2,8,Bot,,,,,,,2.771205016349251,-140.5807294544286,-6.800091321807857,-12.71900057247478,28.59417866129404,-20.653021050464176,3.273540026,1.652066929,218,74.8,50,97.4,2283,6.5,824893,666023,664034,630105,592518,593428,650859,687749,665487,54.0,,,,,,,,67,2,Sinker,6,5,6,5,5,6,6,5,Strategic,Standard,201,-0.002,-0.062,75.3,7.8,,,0.062,88.0,1,1,0.842,0.842,22,29,23,29,1,3,2,1,1,1,1.65,0.91,0.91,44.0,9.692730887865144,-4.047631310107363,37.66902631490115,36.075141146230735,35.6416646074192
CH,2026-07-23,90.3,-0.57,5.88,"Rodriguez, Bradgley",663586,699134,,foul,,,,,8,,R,R,R,ATL,SD,S,,,0,0,2026,-1.23,0.6,0.1595620623761096,2.1472289606021766,,,,2,8,Bot,,,,,,,4.487678457660769,-131.5013533924062,-4.507788998910767,-15.191327816168222,25.3986735661572,-24.4381756411064,3.273540026,1.652066929,199,73.8,23,91.5,1779,6.8,824893,666023,664034,630105,592518,593428,650859,687749,665487,53.75,,,,,,,,67,1,Changeup,6,5,6,5,5,6,6,5,Strategic,Standard,238,-0.001,-0.044,81.4,7.8,,,0.044,88.0,1,1,0.843,0.843,22,29,23,29,1,3,2,1,1,1,2.17,1.23,1.23,40.3,10.800997516911686,-5.779559157207018,34.11260814477817,40.78972053116048,32.58775656978963
CH,2026-07-23,91.3,-0.5,5.82,"Rodriguez, Bradgley",643289,699134,field_out,hit_into_play,,,,,6,"Mauricio Dubón grounds out, third baseman Manny Machado to first baseman Ty France.",R,R,R,ATL,SD,X,5,ground_ball,1,2,2026,-1.24,0.39,0.3610919738208242,2.2932906771155217,,,,1,8,Bot,82.89,149.52,,,,,4.875843730431288,-132.8442626537908,-3.6605232087721618,-15.763537592197112,27.57639535178793,-26.998198381429447,3.17085794,1.600246063,4,82.0,-29,91.7,1930,6.5,824893,666023,664034,630105,592518,593428,650859,687749,665487,54.04,0.042,0.038,0.0,1,0,0,2,66,4,Changeup,6,5,6,5,5,6,6,5,Standard,Standard,236,-0.007,-0.183,66.9,8.2,,0.043,0.183,88.0,1,1,0.85,0.85,22,31,23,32,1,3,2,1,1,1,2.34,1.24,1.24,37.2,2.538419167175917,-12.411635956559683,24.055246476371973,40.1850718663343,35.855080925438266
CH,2026-07-23,90.5,-0.43,5.88,"Rodriguez, Bradgley",643289,699134,,foul,,,,,5,,R,R,R,ATL,SD,S,,,1,1,2026,-1.13,0.44,-0.1202179131973192,2.338126436662572,,,,1,8,Bot,,,,,,,3.2425665944286957,-131.81198122083163,-3.724432684414458,-13.908574210364687,25.4799834176368,-26.44760983245967,3.17085794,1.600246063,262,80.3,28,91.3,1860,6.5,824893,666023,664034,630105,592518,593428,650859,687749,665487,53.97,,,,,,,,66,3,Changeup,6,5,6,5,5,6,6,5,Standard,Standard,231,-0.002,-0.071,55.1,8.7,,,0.071,88.0,1,1,0.852,0.852,22,31,23,32,1,3,2,1,1,1,2.31,1.13,1.13,40.8,17.4543225111531,-30.937990714513145,27.08832921746218,34.97472137057297,41.79092861134022
SL,2026-07-23,89.7,-0.72,5.86,"Rodriguez, Bradgley",643289,699134,,called_strike,,,,,3,,R,R,R,ATL,SD,S,,,1,0,2026,0.18,0.4,0.4386228226782565,2.778699289890406,,,,1,8,Bot,,,,,,,2.446083660608423,-130.78296542234077,-2.3853938835781587,1.6393545548571975,24.085405702787806,-27.250897221364095,3.17085794,1.600246063,,,,90.4,2507,6.3,824893,666023,664034,630105,592518,593428,650859,687749,665487,54.18,,,,,,,,66,2,Slider,6,5,6,5,5,6,6,5,Standard,Standard,161,-0.002,-0.049,,,,,0.049,,1,1,0.854,0.854,22,31,23,32,1,3,2,1,1,1,2.39,-0.18,-0.18,41.8,,,,,
SL,2026-07-23,90.3,-0.58,5.9,"Rodriguez, Bradgley",643289,699134,,ball,,,,,14,,R,R,R,ATL,SD,B,,,0,0,2026,0.19,0.41,2.4412140939964493,1.7149936586201022,,,,1,8,Bot,,,,,,,7.021619853204813,-131.36449321908478,-5.1914243454633,0.9261468279309087,24.39276840220456,-26.61189561511713,3.17085794,1.600246063,,,,90.9,2592,6.4,824893,666023,664034,630105,592518,593428,650859,687749,665487,54.12,,,,,,,,66,1,Slider,6,5,6,5,5,6,6,5,Standard,Standard,170,0.001,0.041,,,,,-0.041,,1,1,0.853,0.853,22,31,23,32,1,3,2,1,1,1,2.36,-0.19,-0.19,43.2,,,,,
CH,2026-07-23,91.0,-0.63,5.82,"Rodriguez, Bradgley",671739,699134,strikeout,swinging_strike,,,,,7,Michael Harris II strikes out swinging.,R,L,R,ATL,SD,S,2,,1,2,2026,-1.11,0.44,-0.3808962161867388,1.6926473179022647,,,,0,8,Bot,,,,,,,3.0507410058380744,-132.50897253967966,-5.210751072656037,-13.72802703812288,27.562318113512557,-26.073713975097483,3.181389436,1.605561024,,,,91.3,1849,6.4,824893,666023,664034,630105,592518,593428,650859,687749,665487,54.14,,0.0,0.0,1,0,0,,65,5,Changeup,6,5,6,5,5,6,6,5,Infield shade,Standard,240,-0.01,-0.186,78.0,8.8,1.34848698,,0.186,,1,1,0.863,0.863,22,25,23,25,1,3,2,1,1,1,2.3,1.11,-1.11,41.4,15.756490619262156,-17.035309490175315,34.32644164268033,40.844222468722805,41.231935317426874
SI,2026-07-23,96.5,-0.49,6.08,"Rodriguez, Bradgley",671739,699134,,foul,,,,,2,,R,L,R,ATL,SD,S,,,1,2,2026,-1.19,0.93,-0.0514278375171839,3.1001797902241393,,,,0,8,Bot,,,,,,,3.9045196481356608,-140.61825075519363,-4.3646544943579375,-16.661836343210467,29.583174991497422,-19.066798306377297,3.181389436,1.605561024,192,79.0,17,96.8,2261,6.2,824893,666023,664034,630105,592518,593428,650859,687749,665487,54.26,,,,,,,,65,4,Sinker,6,5,6,5,5,6,6,5,Infield shade,Standard,210,0.0,0.0,76.5,7.4,,,0.0,88.0,1,1,0.863,0.863,22,25,23,25,1,3,2,1,1,1,1.5,1.19,-1.19,51.6,3.0210748911582344,15.738988366302122,27.44692808833696,38.85025543773487,22.73497957891288
FF,2026-07-23,97.5,-0.48,6.11,"Rodriguez, Bradgley",671739,699134,,ball,,,,,11,,R,L,R,ATL,SD,B,,,0,2,2026,-0.37,1.33,-0.1708978054532604,4.9183846610726665,,,,0,8,Bot,,,,,,,1.6851894670024772,-142.08712782032512,-0.693558481702625,-5.352899176800147,31.494365137553267,-14.2316276544251,3.181389436,1.605561024,,,,97.9,2441,6.4,824893,666023,664034,630105,592518,593428,650859,687749,665487,54.11,,,,,,,,65,3,4-Seam Fastball,6,5,6,5,5,6,6,5,Infield shade,Standard,213,0.002,0.022,,,,,-0.022,,1,1,0.861,0.861,22,25,23,25,1,3,2,1,1,1,1.06,0.37,-0.37,43.9,,,,,
CH,2026-07-23,88.9,-0.68,5.85,"Rodriguez, Bradgley",671739,699134,,swinging_strike,,,,,4,,R,L,R,ATL,SD,S,,,0,1,2026,-1.13,0.73,-0.7029855271555105,2.196116795898061,,,,0,8,Bot,,,,,,,2.3666462523047507,-129.50814466123052,-4.322657538429259,-13.219230129694308,25.30345993237892,-23.241392856250876,3.181389436,1.605561024,,,,89.5,1775,6.4,824893,666023,664034,630105,592518,593428,650859,687749,665487,54.06,,,,,,,,65,2,Changeup,6,5,6,5,5,6,6,5,Infield shade,Standard,233,-0.004,-0.053,75.4,9.0,0.128975748,,0.053,,1,1,0.865,0.865,22,25,23,25,1,3,2,1,1,1,2.13,1.13,-1.13,39.4,20.010922822122275,-15.381237283192942,30.441729818250423,43.990329680889985,42.92134125542318
CH,2026-07-23,89.2,-0.75,5.96,"Rodriguez, Bradgley",671739,699134,,foul_bunt,,,,,3,,R,L,R,ATL,SD,S,,,0,0,2026,-1.23,0.76,0.7942589820850288,2.8519306228292107,,,,0,8,Bot,,,,,,,6.397411030854409,-129.8754029975147,-3.096721681449111,-15.232598129390484,25.54534676782005,-23.068590972997185,3.181389436,1.605561024,,,,89.9,1772,6.5,824893,666023,664034,630105,592518,593428,650859,687749,665487,53.98,,,,,,,,65,1,Changeup,6,5,6,5,5,6,6,5,Infield shade,Standard,231,-0.002,-0.042,10.4,1.4,,,0.042,88.0,1,1,0.867,0.867,22,25,23,25,1,3,2,1,1,1,2.08,1.23,-1.23,43.6,-68.7165805887248,-2.5077358856929983,83.43925577425665,31.3606537181011,36.982682535310374
ST,2026-07-23,81.6,3.52,4.65,"Young, Danny",657757,664849,field_out,hit_into_play,,,,,7,Gavin Sheets flies out to center fielder Michael Harris II.,R,L,L,ATL,SD,X,8,fly_ball,1,2,2026,-1.38,-0.17,-0.2889237972997718,2.1250957785279447,,,,2,8,Top,123.43,82.66,,,,,-5.747832735187012,-118.72938394220388,1.3798203790608858,-12.10683134402086,21.371840158795017,-34.26616698804777,3.350770997,1.691043307,333,89.0,32,81.7,2858,6.2,824893,686948,621566,645277,663586,805347,643289,671739,642201,54.26,0.049,0.064,0.0,1,0,0,3,64,4,Sweeper,6,5,5,6,5,6,5,6,Infield shade,Standard,289,0.019,-0.18,74.1,7.8,,0.106,0.18,89.0,1,-1,0.848,0.152,32,30,32,30,1,3,3,1,1,1,3.58,-1.38,-1.38,9.6,7.864152686420704,-2.0935035729094897,30.911374617707654,41.13108276076759,32.9538744269713
ST,2026-07-23,81.5,3.53,4.61,"Young, Danny",657757,664849,,ball,,,,,13,,R,L,L,ATL,SD,B,,,0,2,2026,-1.44,0.01,-0.6650596130826829,1.1515046614788518,,,,2,8,Top,,,,,,,-6.482523235429383,-118.62308013006334,-1.0125716556370847,-12.4800337490942,21.67904038275091,-32.075043313858515,3.350770997,1.691043307,,,,81.8,2648,6.4,824893,686948,621566,645277,663586,805347,643289,671739,642201,54.14,,,,,,,,64,3,Sweeper,6,5,5,6,5,6,5,6,Infield shade,Standard,288,-0.003,0.026,,,,,-0.026,,1,-1,0.851,0.149,32,30,32,30,1,3,3,1,1,1,3.4,-1.44,-1.44,10.0,,,,,
ST,2026-07-23,82.9,3.56,4.73,"Young, Danny",657757,664849,,called_strike,,,,,7,,R,L,L,ATL,SD,S,,,0,1,2026,-1.6,-0.04,-0.7300453135621219,1.9249438456588073,,,,2,8,Top,,,,,,,-6.478588230337368,-120.60803211061376,0.3716566493297826,-14.286324965208028,24.491703144639494,-32.824749538960305,3.350770997,1.691043307,,,,82.7,2963,6.3,824893,686948,621566,645277,663586,805347,643289,671739,642201,54.25,,,,,,,,64,2,Sweeper,6,5,5,6,5,6,5,6,Infield shade,Standard,298,0.007,-0.062,,,,,0.062,,1,-1,0.844,0.156,32,30,32,30,1,3,3,1,1,1,3.37,-1.6,-1.6,10.0,,,,,
SI,2026-07-23,92.3,3.61,5.03,"Young, Danny",657757,664849,,foul,,,,,6,,R,L,L,ATL,SD,S,,,0,0,2026,1.49,0.22,0.5046177647724148,2.3447607597542177,,,,2,8,Top,,,,,,,-11.109814485150904,-134.15677528230867,-1.3855090955653426,20.264725127600563,24.862334781087664,-29.4143743466468,3.350770997,1.691043307,3,72.3,-42,93.0,2267,6.4,824893,686948,621566,645277,663586,805347,643289,671739,642201,54.06,,,,,,,,64,1,Sinker,6,5,5,6,5,6,5,6,Infield shade,Standard,117,0.004,-0.044,72.7,8.2,,,0.044,88.0,1,-1,0.84,0.16,32,30,32,30,1,3,3,1,1,1,2.43,1.49,1.49,17.1,21.92639839830239,-16.858461254461947,27.288006480121915,34.27629225554069,37.52656905177673
SL,2026-07-23,87.2,-0.78,6.44,"Kinley, Tyler",593428,641755,field_out,hit_into_play,,,,,6,Xander Bogaerts flies out to right fielder Eli White.,R,R,R,ATL,SD,X,9,fly_ball,1,2,2026,0.02,-0.01,0.295984687250291,2.7014295590474457,,,,1,8,Top,201.31,110.34,,,,,2.480581578761591,-127.07157006735184,-2.666399978858195,-0.202376223733438,22.712860782617064,-31.965560308930815,3.284949147,1.657824803,288,83.7,29,86.7,2522,5.6,824893,686948,621566,645277,663586,805347,643289,671739,642201,54.87,0.051,0.056,0.0,1,0,0,3,63,4,Slider,6,5,5,6,5,6,5,6,Standard,Standard,107,0.029,-0.183,,,,0.097,0.183,88.0,1,-1,0.811,0.189,35,33,35,34,1,3,2,1,1,1,2.97,-0.02,-0.02,42.0,,,,,
SL,2026-07-23,86.8,-0.72,6.41,"Kinley, Tyler",593428,641755,,foul,,,,,9,,R,R,R,ATL,SD,S,,,1,1,2026,0.3,0.09,0.3029537785035412,1.6729770152222958,,,,1,8,Top,,,,,,,1.7890009450556597,-126.46115551920144,-5.148310542223377,2.904877627937648,21.58955912586993,-30.46873446018676,3.284949147,1.657824803,7,69.4,-16,86.6,2637,5.8,824893,686948,621566,645277,663586,805347,643289,671739,642201,54.74,,,,,,,,63,3,Slider,6,5,5,6,5,6,5,6,Standard,Standard,112,0.01,-0.071,74.3,7.9,,,0.071,88.0,1,-1,0.801,0.199,35,33,35,34,1,3,2,1,1,1,2.89,-0.3,-0.3,44.4,16.978450091487037,-14.80648459512134,35.0344540892833,39.582696970368794,41.69444126142812
SL,2026-07-23,86.9,-0.74,6.45,"Kinley, Tyler",593428,641755,,called_strike,,,,,12,,R,R,R,ATL,SD,S,,,1,0,2026,0.35,0.04,0.8882513497882631,2.6676076031269176,,,,1,8,Top,,,,,,,3.0528164626908496,-126.64332982382908,-2.8178286013101284,3.3470545551433255,21.44408672348347,-31.43401721145759,3.284949147,1.657824803,,,,86.0,2622,5.2,824893,686948,621566,645277,663586,805347,643289,671739,642201,55.27,,,,,,,,63,2,Slider,6,5,5,6,5,6,5,6,Standard,Standard,136,0.008,-0.049,,,,,0.049,,1,-1,0.793,0.207,35,33,35,34,1,3,2,1,1,1,2.93,-0.35,-0.35,50.9,,,,,
SL,2026-07-23,86.5,-0.84,6.38,"Kinley, Tyler",593428,641755,,ball,,,,,14,,R,R,R,ATL,SD,B,,,0,0,2026,0.21,0.22,1.2973716027994369,1.625593526213207,,,,1,8,Top,,,,,,,4.5855103630074066,-126.08035921862871,-5.436106780408373,1.4764157274086585,21.28266087259801,-29.089277744796753,3.284949147,1.657824803,,,,87.1,2547,6.2,824893,686948,621566,645277,663586,805347,643289,671739,642201,54.33,,,,,,,,63,1,Slider,6,5,5,6,5,6,5,6,Standard,Standard,163,-0.006,0.041,,,,,-0.041,,1,-1,0.799,0.201,35,33,35,34,1,3,2,1,1,1,2.78,-0.21,-0.21,44.4,,,,,
SL,2026-07-23,86.3,-0.71,6.41,"Kinley, Tyler",664034,641755,home_run,hit_into_play,,,,,5,Ty France homers (16) on a fly ball to left field. Manny Machado scores.,R,R,R,ATL,SD,X,,fly_ball,0,2,2026,0.08,-0.3,-0.069012353514853,2.293669454623374,,,592518,1,8,Top,33.27,68.06,,,,,1.3227238567276216,-125.8124955343875,-2.828956317361914,0.6191628787685434,20.871717814703484,-35.14493842284746,3.10328084,1.566141732,395,108.2,22,86.0,2690,5.6,824893,686948,621566,645277,663586,805347,643289,671739,642201,54.89,0.911,1.608,2.0,1,0,3,6,62,3,Slider,6,3,3,6,5,6,5,6,Standard,Standard,51,-0.138,1.552,,,,3.0,-1.552,108.2,3,-3,0.937,0.063,35,31,35,32,1,3,2,1,1,1,3.31,-0.08,-0.08,44.0,,,,,
SL,2026-07-23,85.5,-0.84,6.38,"Kinley, Tyler",664034,641755,,called_strike,,,,,3,,R,R,R,ATL,SD,S,,,0,1,2026,0.38,-0.29,0.3911562214975824,2.9622728807362417,,,592518,1,8,Top,,,,,,,2.044312882380437,-124.7621444167902,-1.1306579446773275,3.6835283863586463,20.225120388790646,-35.21069205558797,3.10328084,1.566141732,,,,84.5,2669,5.0,824893,686948,621566,645277,663586,805347,643289,671739,642201,55.48,,,,,,,,62,2,Slider,6,3,3,6,3,6,3,6,Standard,Standard,53,0.008,-0.06,,,,,0.06,,3,-3,0.929,0.071,35,31,35,32,1,3,2,1,1,1,3.34,-0.38,-0.38,44.3,,,,,
FF,2026-07-23,93.3,-0.61,6.53,"Kinley, Tyler",664034,641755,,called_strike,,,,,1,,R,R,R,ATL,SD,S,,,0,0,2026,-0.14,1.35,-0.4504211718228904,3.031499497513116,,,592518,1,8,Top,,,,,,,0.6928599829471632,-135.95506723093976,-6.054361866961612,-1.849429065924616,25.27398699846464,-14.33831923987351,3.10328084,1.566141732,,,,92.5,2308,5.4,824893,686948,621566,645277,663586,805347,643289,671739,642201,55.08,,,,,,,,62,1,4-Seam Fastball,6,3,3,6,3,6,3,6,Standard,Standard,200,0.004,-0.039,,,,,0.039,,3,-3,0.925,0.075,35,31,35,32,1,3,2,1,1,1,1.23,0.14,0.14,44.3,,,,,
FF,2026-07-23,94.1,-0.71,6.43,"Kinley, Tyler",592518,641755,single,hit_into_play,,,,,4,Manny Machado singles on a ground ball to left fielder Mauricio Dubón.,R,R,R,ATL,SD,X,7,ground_ball,0,0,2026,-0.54,1.29,-0.4201875736206394,2.799829916140504,,,,1,8,Top,69.57,102.63,,,,,1.9261732931566728,-137.00532432740542,-6.323694714880514,-7.278151897523285,28.359077757092457,-14.712808030141115,3.313910761,1.672440945,49,104.2,-1,92.4,2466,5.1,824893,686948,621566,645277,663586,805347,643289,671739,642201,55.39,0.463,0.428,0.9,1,1,0,4,61,1,4-Seam Fastball,6,3,3,6,3,6,3,6,Standard,Standard,208,-0.026,0.418,78.7,7.7,,0.515,-0.418,104.2,3,-3,0.951,0.049,35,33,35,34,1,3,2,1,1,1,1.27,0.54,0.54,42.5,12.777244913135382,-6.351686304612238,23.871106468706,33.18491380391069,36.69955112814914
CU,2026-07-23,82.3,-0.67,6.45,"Kinley, Tyler",650859,641755,strikeout,called_strike,,,,,4,Luis Rengifo called out on strikes.,R,L,R,ATL,SD,S,2,,2,2,2026,0.44,-0.91,-0.7201175493824985,2.202573654314708,,,,0,8,Top,,,,,,,-0.9719169173183906,-120.02969450484213,-1.1700877627192712,4.49168040193099,21.124907755190893,-41.06906355341897,3.087483596,1.558169291,,,,81.0,2786,5.1,824893,686948,621566,645277,663586,805347,643289,671739,642201,55.44,,0.0,0.0,1,0,0,,60,5,Curveball,6,3,3,6,3,6,3,6,Strategic,Standard,35,0.02,-0.233,,,,,0.233,,3,-3,0.931,0.069,35,29,35,29,1,3,2,1,1,1,4.24,-0.44,0.44,42.8,,,,,
FF,2026-07-23,93.5,-0.7,6.5,"Kinley, Tyler",650859,641755,,foul,,,,,5,,R,L,R,ATL,SD,S,,,2,1,2026,-0.45,1.41,-0.2644145203786418,2.2298753746414,,,,0,8,Top,,,,,,,2.08240419843212,-136.0678543123354,-8.055887186634067,-6.072098467754538,27.24070521821941,-13.122982646798285,3.087483596,1.558169291,5,50.7,-24,91.9,2418,5.1,824893,686948,621566,645277,663586,805347,643289,671739,642201,55.37,,,,,,,,60,4,4-Seam Fastball,6,3,3,6,3,6,3,6,Strategic,Standard,210,0.007,-0.078,72.4,7.4,,,0.078,88.0,3,-3,0.924,0.076,35,29,35,29,1,3,2,1,1,1,1.18,0.45,-0.45,43.0,4.700929814460647,3.666337949527992,29.39576299335384,38.742231912666035,24.61616904222315
CU,2026-07-23,81.6,-0.67,6.38,"Kinley, Tyler",650859,641755,,ball,,,,,14,,R,L,R,ATL,SD,B,,,1,1,2026,0.39,-0.48,1.1498792013815404,0.2176574100659993,,,,0,8,Top,,,,,,,3.2411673850688945,-118.83885252370088,-6.048726662548229,3.160053656119236,21.376070068553062,-35.811384277369186,3.087483596,1.558169291,,,,80.9,2642,5.7,824893,686948,621566,645277,663586,805347,643289,671739,642201,54.84,,,,,,,,60,3,Curveball,6,3,3,6,3,6,3,6,Strategic,Standard,35,-0.005,0.063,,,,,-0.063,,3,-3,0.929,0.071,35,29,35,29,1,3,2,1,1,1,3.88,-0.39,0.39,43.4,,,,,
FF,2026-07-23,94.1,-0.61,6.48,"Kinley, Tyler",650859,641755,,ball,,,,,12,,R,L,R,ATL,SD,B,,,0,1,2026,-0.21,1.35,0.4443653655859142,3.4742383000920665,,,,0,8,Top,,,,,,,3.110159063987658,-137.00101800068688,-4.880181980525198,-3.2420510317299995,28.244948625673043,-14.33354177329929,3.087483596,1.558169291,,,,92.8,2518,5.3,824893,686948,621566,645277,663586,805347,643289,671739,642201,55.18,,,,,,,,60,2,4-Seam Fastball,6,3,3,6,3,6,3,6,Strategic,Standard,200,-0.002,0.03,,,,,-0.03,,3,-3,0.931,0.069,35,29,35,29,1,3,2,1,1,1,1.21,0.21,-0.21,41.8,,,,,
FF,2026-07-23,93.0,-0.77,6.52,"Kinley, Tyler",650859,641755,,called_strike,,,,,2,,R,L,R,ATL,SD,S,,,0,0,2026,-0.4,1.27,-0.1442967466722692,2.9108814899517537,,,,0,8,Top,,,,,,,2.403133905847916,-135.4405835786392,-6.035130852955237,-5.423827233077508,26.290606330415976,-15.413988757793812,3.087483596,1.558169291,,,,91.3,2334,5.0,824893,686948,621566,645277,663586,805347,643289,671739,642201,55.52,,,,,,,,60,1,4-Seam Fastball,6,3,3,6,3,6,3,6,Strategic,Standard,199,0.003,-0.042,,,,,0.042,,3,-3,0.928,0.072,35,29,35,29,1,3,2,1,1,1,1.34,0.4,-0.4,42.8,,,,,
FC,2026-07-23,89.7,-1.27,5.37,"Waldron, Matt",621566,663362,field_out,hit_into_play,,,,,4,"Matt Olson grounds out, second baseman Jake Cronenworth to first baseman Ty France.",R,L,R,ATL,SD,X,4,ground_ball,0,1,2026,0.21,0.65,-0.5236926995034182,2.5263596394989016,,,,2,7,Bot,148.24,153.46,,,,,1.3897986750113955,-130.89515353761655,-2.4101966610475567,2.1766185419291184,22.348873159773095,-24.32104925994472,3.37183399,1.701673228,7,97.8,-19,91.1,2280,6.6,824893,666023,664034,630105,592518,593428,650859,687749,665487,53.94,0.121,0.113,0.0,1,0,0,2,59,2,Cutter,6,3,6,3,3,6,6,3,Infield shade,Strategic,198,-0.003,-0.216,,,,0.135,0.216,97.8,3,3,0.931,0.931,29,32,30,32,1,3,5,1,2,1,2.12,-0.21,0.21,25.7,,,,,
ST,2026-07-23,81.9,-1.4,5.33,"Waldron, Matt",621566,663362,,called_strike,,,,,7,,R,L,R,ATL,SD,S,,,0,0,2026,1.3,0.14,-0.8179759995196645,2.1291746677807057,,,,2,7,Bot,,,,,,,-1.276450048232379,-119.5304368689453,-0.909717628895628,12.89312696281115,18.02561245294047,-30.84071613712072,3.37183399,1.701673228,,,,83.8,2150,6.9,824893,666023,664034,630105,592518,593428,650859,687749,665487,53.63,,,,,,,,59,1,Sweeper,6,3,6,3,3,6,6,3,Infield shade,Strategic,69,0.0,-0.044,,,,,0.044,,3,3,0.931,0.931,29,32,30,32,1,3,5,1,2,1,3.18,-1.3,1.3,26.2,,,,,
FC,2026-07-23,89.1,-1.25,5.3,"Waldron, Matt",645277,663362,field_out,hit_into_play,,,,,8,Ozzie Albies flies out to left fielder Luis Rengifo.,R,L,R,ATL,SD,X,7,fly_ball,1,0,2026,0.28,0.58,0.0769085884176311,1.9053005253059656,,,,1,7,Bot,55.78,126.83,,,,,2.66634145040201,-129.77333995893835,-3.4067316917992345,2.603988333220485,25.5864732878945,-25.142851400093804,2.984801509,1.506348425,250,80.9,42,90.3,2185,6.8,824893,666023,664034,630105,592518,593428,650859,687749,665487,53.69,0.02,0.022,0.0,1,0,0,3,58,2,Cutter,6,3,6,3,3,6,6,3,Infield shade,Standard,200,-0.006,-0.303,70.9,6.9,,0.03,0.303,88.0,3,3,0.937,0.937,29,29,30,29,1,3,5,1,2,1,2.27,-0.28,0.28,28.0,7.042532017000063,-0.4489380326218362,41.40309697120684,30.348477179908095,32.89602347849205
SI,2026-07-23,92.6,-1.35,5.36,"Waldron, Matt",645277,663362,,ball,,,,,11,,R,L,R,ATL,SD,B,,,0,0,2026,-1.2,0.5,-0.9820708107528842,3.134461923599413,,,,1,7,Bot,,,,,,,3.603817640257776,-134.83686444553604,-0.7916383987124099,-15.377186948940604,30.522302576777737,-26.14838273387953,2.984801509,1.506348425,,,,93.1,2039,6.6,824893,666023,664034,630105,592518,593428,650859,687749,665487,53.88,,,,,,,,58,1,Sinker,6,3,6,3,3,6,6,3,Infield shade,Standard,224,0.001,0.041,,,,,-0.041,,3,3,0.936,0.936,29,29,30,29,1,3,5,1,2,1,2.16,1.2,-1.2,25.8,,,,,
ST,2026-07-23,83.3,-1.25,5.17,"Waldron, Matt",686948,663362,home_run,hit_into_play,,,,,14,Drake Baldwin homers (19) on a fly ball to right field.,R,L,R,ATL,SD,X,,fly_ball,3,2,2026,1.29,0.28,1.3641344496344912,1.2730529702350424,,,,1,7,Bot,219.69,81.46,,,,,3.3841881700156775,-121.4073899423398,-2.8864773691014647,12.136969728024305,22.67759281924155,-29.10352871066869,3.205962927,1.617962598,370,98.4,37,84.4,2223,6.8,824893,666023,664034,630105,592518,593428,650859,687749,665487,53.67,0.163,0.297,2.0,1,0,3,3,57,7,Sweeper,5,3,5,3,3,6,6,3,Infield shade,Standard,72,0.058,1.499,67.4,7.8,,0.577,-1.499,98.4,2,2,0.878,0.878,29,25,30,25,1,3,5,1,2,1,2.99,-1.29,1.29,22.8,23.8746997017284,-11.27046394998295,46.97187273269552,24.249324436860647,38.78447520299244
KN,2026-07-23,84.4,-0.75,5.6,"Waldron, Matt",686948,663362,,ball,,,,,14,,R,L,R,ATL,SD,B,,,2,2,2026,-0.02,-0.08,1.367963122896786,0.5415047436248499,,,,1,7,Bot,,,,,,,4.9106841217219666,-122.88272712455736,-4.989838620197203,-1.1428264875470608,24.19252722772906,-32.239504587925275,3.205962927,1.617962598,,,,84.7,383,6.4,824893,666023,664034,630105,592518,593428,650859,687749,665487,54.07,,,,,,,,57,6,Knuckleball,5,3,5,3,3,5,5,3,Infield shade,Standard,269,0.003,0.111,,,,,-0.111,,2,2,0.875,0.875,29,25,30,25,1,3,5,1,2,1,3.28,0.02,-0.02,35.5,,,,,
KN,2026-07-23,85.8,-0.97,5.53,"Waldron, Matt",686948,663362,,foul,,,,,14,,R,L,R,ATL,SD,S,,,2,2,2026,-0.47,0.15,0.4789804158082544,1.4401815679106238,,,,1,7,Bot,,,,,,,4.386190674054089,-124.8716386679768,-3.515467503890627,-5.797091567261528,24.287497380427663,-30.15548401962363,3.205962927,1.617962598,4,86.4,-20,86.5,390,6.7,824893,666023,664034,630105,592518,593428,650859,687749,665487,53.84,,,,,,,,57,5,Knuckleball,5,3,5,3,3,5,5,3,Infield shade,Standard,278,0.0,0.0,78.1,8.2,,,0.0,88.0,2,2,0.875,0.875,29,25,30,25,1,3,5,1,2,1,2.94,0.47,-0.47,32.1,23.70197876404398,-12.556417312902724,36.3309904409017,33.77525522453291,41.19239335266961
ST,2026-07-23,81.1,-1.3,5.29,"Waldron, Matt",686948,663362,,swinging_strike,,,,,7,,R,L,R,ATL,SD,S,,,2,1,2026,1.03,0.3,-0.5474267379547556,2.057140268988297,,,,1,7,Bot,,,,,,,-0.3367359959858782,-118.20209372162608,-1.0761445016366715,9.824695341356096,19.46995590946761,-29.348521949073255,3.205962927,1.617962598,,,,82.2,2243,6.6,824893,666023,664034,630105,592518,593428,650859,687749,665487,53.87,,,,,,,,57,4,Sweeper,5,3,5,3,3,5,5,3,Infield shade,Standard,85,-0.002,-0.076,75.1,6.7,0.374675724,,0.076,,2,2,0.877,0.877,29,25,30,25,1,3,5,1,2,1,3.12,-1.03,1.03,26.9,-2.1762056198814457,25.78063437927817,33.59704926446799,45.713310743011874,14.27148735733145
ST,2026-07-23,81.1,-1.41,5.21,"Waldron, Matt",686948,663362,,called_strike,,,,,1,,R,L,R,ATL,SD,S,,,2,0,2026,1.33,0.25,-0.4694858350715996,2.755594914295062,,,,1,7,Bot,,,,,,,-0.5293066019476576,-118.1193605968176,0.8153196344550193,12.604369270856044,21.630604156245663,-30.16439555575301,3.205962927,1.617962598,,,,81.8,2118,6.6,824893,666023,664034,630105,592518,593428,650859,687749,665487,53.89,,,,,,,,57,3,Sweeper,5,3,5,3,3,5,5,3,Infield shade,Standard,75,-0.002,-0.069,,,,,0.069,,2,2,0.879,0.879,29,25,30,25,1,3,5,1,2,1,3.2,-1.33,1.33,26.4,,,,,
FC,2026-07-23,88.0,-1.41,5.49,"Waldron, Matt",686948,663362,,ball,,,,,13,,R,L,R,ATL,SD,B,,,1,0,2026,0.31,0.7,-1.7738978966559444,2.2541165491551034,,,,1,7,Bot,,,,,,,-1.5344489517925013,-128.30369665601555,-3.121002481332081,3.708473311822359,23.095903968740767,-24.03270929887924,3.205962927,1.617962598,,,,89.0,2093,6.5,824893,666023,664034,630105,592518,593428,650859,687749,665487,53.99,,,,,,,,57,2,Cutter,5,3,5,3,3,5,5,3,Infield shade,Standard,194,0.002,0.076,,,,,-0.076,,2,2,0.877,0.877,29,25,30,25,1,3,5,1,2,1,2.2,-0.31,0.31,30.4,,,,,
ST,2026-07-23,81.1,-1.46,5.26,"Waldron, Matt",686948,663362,,ball,,,,,11,,R,L,R,ATL,SD,B,,,0,0,2026,1.28,0.14,-1.7870402352811925,2.651375515921079,,,,1,7,Bot,,,,,,,-3.240842903071873,-118.12785384635458,0.6645863537966694,12.600136655438826,20.62180049939198,-31.147019969410984,3.205962927,1.617962598,,,,82.3,2100,6.9,824893,666023,664034,630105,592518,593428,650859,687749,665487,53.63,,,,,,,,57,1,Sweeper,5,3,5,3,3,5,5,3,Infield shade,Standard,78,0.001,0.041,,,,,-0.041,,2,2,0.876,0.876,29,25,30,25,1,3,5,1,2,1,3.29,-1.28,1.28,24.1,,,,,
SI,2026-07-23,92.5,-1.31,5.31,"Waldron, Matt",805347,663362,field_out,hit_into_play,,,,,5,"Jim Jarvis grounds out, shortstop Xander Bogaerts to first baseman Ty France.",R,L,R,ATL,SD,X,6,ground_ball,2,0,2026,-1.05,0.65,0.2265090309608373,2.201379542026646,,,,0,7,Bot,122.83,141.96,,,,,6.263188316110759,-134.66762812132765,-3.45035328739313,-14.049425690306494,26.33526796142453,-23.748333368380976,3.091871719,1.560383858,16,104.0,-7,94.2,1978,7.0,824893,666023,664034,630105,592518,593428,650859,687749,665487,53.48,0.369,0.339,0.0,1,0,0,2,56,3,Sinker,5,3,5,3,3,5,5,3,Infield shade,Standard,224,-0.015,-0.386,,,,0.402,0.386,104.0,2,2,0.891,0.891,29,25,30,26,1,2,5,1,2,1,1.99,1.05,-1.05,24.6,,,,,
KN,2026-07-23,80.6,-1.16,5.44,"Waldron, Matt",805347,663362,,ball,,,,,14,,R,L,R,ATL,SD,B,,,1,0,2026,0.21,-0.09,0.6008024119169474,1.0633399525713498,,,,0,7,Bot,,,,,,,3.4628105504937015,-117.45203673783384,-2.6726686595943976,1.274590781515052,21.871602612122363,-32.69220681793011,3.091871719,1.560383858,,,,80.9,265,6.4,824893,666023,664034,630105,592518,593428,650859,687749,665487,54.13,,,,,,,,56,2,Knuckleball,5,3,5,3,3,5,5,3,Infield shade,Standard,350,0.002,0.082,,,,,-0.082,,2,2,0.889,0.889,29,25,30,26,1,2,5,1,2,1,3.58,-0.21,0.21,29.8,,,,,
KN,2026-07-23,77.3,-1.16,5.6,"Waldron, Matt",805347,663362,,ball,,,,,11,,R,L,R,ATL,SD,B,,,0,0,2026,0.42,-0.48,-1.5802937261353218,4.2277648386090565,,,,0,7,Bot,,,,,,,-1.6371818619225986,-112.41590189272436,4.986776312694908,3.836564635014825,18.92472093714156,-37.31228580834836,3.091871719,1.560383858,,,,77.1,323,6.0,824893,666023,664034,630105,592518,593428,650859,687749,665487,54.5,,,,,,,,56,1,Knuckleball,5,3,5,3,3,5,5,3,Infield shade,Standard,42,0.002,0.043,,,,,-0.043,,2,2,0.887,0.887,29,25,30,26,1,2,5,1,2,1,4.28,-0.42,0.42,31.7,,,,,
FC,2026-07-23,86.8,2.31,5.92,"Dodd, Dylan",665487,689266,field_out,hit_into_play,,,,,8,Fernando Tatis Jr. flies out to right fielder Eli White.,R,R,L,ATL,SD,X,9,fly_ball,2,2,2026,0.05,0.57,-0.0098638292261857,1.998185554570116,,,,2,7,Top,172.98,66.38,,,,,-5.583447475842312,-126.4193790029596,-4.211567199880725,1.5857941110653304,23.75099447985009,-25.406397532027626,3.346382874,1.68882874,348,95.6,28,87.1,2154,6.2,824893,686948,621566,645277,663586,805347,643289,671739,642201,54.28,0.257,0.447,0.0,1,0,0,5,55,5,Cutter,5,3,3,5,3,5,3,5,Standard,Standard,147,0.012,-0.222,76.7,7.2,,0.821,0.222,95.6,2,-2,0.875,0.125,28,27,28,27,1,3,1,1,3,1,2.43,0.05,-0.05,39.8,-0.3280213450575046,2.772583122249899,32.051543151720175,39.276526761177166,30.232948207053287
SI,2026-07-23,93.3,2.09,6.02,"Dodd, Dylan",665487,689266,,ball,,,,,12,,R,R,L,ATL,SD,B,,,1,2,2026,0.77,1.47,0.8229593865258256,4.395027322913583,,,,2,7,Top,,,,,,,-4.923321673170065,-135.81883456481103,-1.5591859877904288,10.589183678197108,29.318240962405135,-13.87577285047227,3.346382874,1.68882874,,,,93.1,2179,6.1,824893,686948,621566,645277,663586,805347,643289,671739,642201,54.4,,,,,,,,55,4,Sinker,5,3,3,5,3,5,3,5,Standard,Standard,128,-0.002,0.042,,,,,-0.042,,2,-2,0.877,0.123,28,27,28,27,1,3,1,1,3,1,1.15,0.77,-0.77,37.6,,,,,
SI,2026-07-23,93.6,2.01,6.05,"Dodd, Dylan",665487,689266,,ball,,,,,11,,R,R,L,ATL,SD,B,,,0,2,2026,0.88,1.18,-0.8156750135797745,4.106528957456455,,,,2,7,Top,,,,,,,-9.1367939356049,-136.15372669419207,-1.8059488657105884,12.826677436506204,26.42909158760759,-17.23019655741397,3.346382874,1.68882874,,,,93.8,2148,6.2,824893,686948,621566,645277,663586,805347,643289,671739,642201,54.35,,,,,,,,55,3,Sinker,5,3,3,5,3,5,3,5,Standard,Standard,129,-0.002,0.026,,,,,-0.026,,2,-2,0.879,0.121,28,27,28,27,1,3,1,1,3,1,1.4,0.88,-0.88,41.3,,,,,
SI,2026-07-23,93.8,1.92,6.11,"Dodd, Dylan",665487,689266,,foul,,,,,5,,R,R,L,ATL,SD,S,,,0,1,2026,0.78,1.44,-0.1135535894926725,2.6994989971827543,,,,2,7,Top,,,,,,,-6.923835034859461,-136.5308009664336,-6.157200872207218,11.158735576758334,26.387147260890476,-12.984568477023254,3.346382874,1.68882874,165,76.7,15,94.0,2286,6.1,824893,686948,621566,645277,663586,805347,643289,671739,642201,54.35,,,,,,,,55,2,Sinker,5,3,3,5,3,5,3,5,Standard,Standard,133,0.004,-0.062,76.5,7.0,,,0.062,88.0,2,-2,0.875,0.125,28,27,28,27,1,3,1,1,3,1,1.13,0.78,-0.78,41.2,0.8868260308221115,5.490823374266561,34.07838943313449,37.05172820215776,23.4856949749768
SI,2026-07-23,92.7,1.99,6.07,"Dodd, Dylan",665487,689266,,called_strike,,,,,4,,R,R,L,ATL,SD,S,,,0,0,2026,0.61,1.4,-0.549556556455698,2.441657163404119,,,,2,7,Top,,,,,,,-7.728596130705219,-134.84390001663184,-6.442031837237607,8.95167197654849,24.6464536270363,-13.87343673162678,3.346382874,1.68882874,,,,93.1,2150,6.2,824893,686948,621566,645277,663586,805347,643289,671739,642201,54.32,,,,,,,,55,1,Sinker,5,3,3,5,3,5,3,5,Standard,Standard,132,0.002,-0.044,,,,,0.044,,2,-2,0.873,0.127,28,27,28,27,1,3,1,1,3,1,1.22,0.61,-0.61,43.7,,,,,
SI,2026-07-23,94.8,1.98,6.0,"Dodd, Dylan",630105,689266,strikeout,swinging_strike,,,,,7,Jake Cronenworth strikes out swinging.,R,L,L,ATL,SD,S,2,,2,2,2026,0.66,1.47,-0.3193952199213851,1.9772109336703405,,,,1,7,Top,,,,,,,-7.431548562963224,-137.80671134352914,-7.9866488593536,9.980853827436311,27.635302483056616,-11.84469515302399,3.171735564,1.600688976,,,,95.1,2212,6.3,824893,686948,621566,645277,663586,805347,643289,671739,642201,54.21,,0.0,0.0,1,0,0,,54,6,Sinker,5,3,3,5,3,5,3,5,Strategic,Standard,133,0.02,-0.235,72.6,7.1,0.513490104,,0.235,,2,-2,0.853,0.147,28,32,28,32,1,2,1,1,3,1,1.05,0.66,0.66,41.6,-0.068503905467819,9.0104376517238,30.718240061545593,40.86362388907775,25.57787408075386
FC,2026-07-23,88.1,2.19,5.91,"Dodd, Dylan",630105,689266,,ball,,,,,13,,R,L,L,ATL,SD,B,,,1,2,2026,0.23,0.79,-1.5444820000615342,0.619909491481746,,,,1,7,Top,,,,,,,-9.406365108373668,-127.94485915060392,-8.172539838014597,4.227608657007521,23.422289863645116,-22.07195277614098,3.171735564,1.600688976,,,,88.2,1968,6.2,824893,686948,621566,645277,663586,805347,643289,671739,642201,54.26,,,,,,,,54,5,Cutter,5,3,3,5,3,5,3,5,Strategic,Standard,147,-0.003,0.052,,,,,-0.052,,2,-2,0.856,0.144,28,32,28,32,1,2,1,1,3,1,2.14,0.23,0.23,42.5,,,,,
SI,2026-07-23,94.3,1.94,6.07,"Dodd, Dylan",630105,689266,,foul,,,,,1,,R,L,L,ATL,SD,S,,,1,2,2026,0.83,1.43,-0.4830443231982805,2.974169307927889,,,,1,7,Top,,,,,,,-8.095973652046277,-137.07839184874123,-5.413141417727014,12.17072551664379,28.47171734031816,-13.036711736805264,3.171735564,1.600688976,223,73.3,48,94.6,2121,6.4,824893,686948,621566,645277,663586,805347,643289,671739,642201,54.11,,,,,,,,54,4,Sinker,5,3,3,5,3,5,3,5,Strategic,Standard,134,0.0,0.0,67.5,6.5,,,0.0,88.0,2,-2,0.856,0.144,28,32,28,32,1,2,1,1,3,1,1.12,0.83,0.83,43.1,-8.763059741594533,16.55323952423224,21.30817412985432,43.61629970749768,17.89278305353388
SL,2026-07-23,82.3,2.35,5.87,"Dodd, Dylan",630105,689266,,foul,,,,,9,,R,L,L,ATL,SD,S,,,1,1,2026,0.15,0.15,0.5843154261390386,1.712967860286308,,,,1,7,Top,,,,,,,-4.244894476228476,-119.80522498382255,-2.9505954182598417,2.305089873057317,23.87005744434329,-30.346522158403516,3.171735564,1.600688976,380,100.6,32,82.1,2325,6.2,824893,686948,621566,645277,663586,805347,643289,671739,642201,54.31,,,,,,,,54,3,Slider,5,3,3,5,3,5,3,5,Strategic,Standard,342,0.006,-0.071,72.0,8.3,,,0.071,100.6,2,-2,0.85,0.15,28,32,28,32,1,2,1,1,3,1,3.22,0.15,0.15,41.6,17.107439177326135,-31.461806176460488,30.286623673716345,30.41512165280277,44.98986386422398
SI,2026-07-23,93.9,1.84,6.1,"Dodd, Dylan",630105,689266,,ball,,,,,12,,R,L,L,ATL,SD,B,,,0,1,2026,0.66,1.27,0.2318046449295774,3.7802836504919535,,,,1,7,Top,,,,,,,-5.578224389180704,-136.69079906248905,-3.00524685747373,9.47263268878439,28.09895782520261,-15.71696013326564,3.171735564,1.600688976,,,,94.0,2239,6.2,824893,686948,621566,645277,663586,805347,643289,671739,642201,54.35,,,,,,,,54,2,Sinker,5,3,3,5,3,5,3,5,Strategic,Standard,133,-0.003,0.033,,,,,-0.033,,2,-2,0.853,0.147,28,32,28,32,1,2,1,1,3,1,1.3,0.66,0.66,47.4,,,,,
SI,2026-07-23,94.4,1.97,6.08,"Dodd, Dylan",630105,689266,,foul,,,,,3,,R,L,L,ATL,SD,S,,,0,0,2026,0.89,1.43,0.554034933799495,2.8936754522217703,,,,1,7,Top,,,,,,,-5.660365979499441,-137.41609482914788,-5.696459106995253,12.49461845650713,28.27630528029039,-12.913221448019469,3.171735564,1.600688976,201,71.9,36,95.0,2282,6.4,824893,686948,621566,645277,663586,805347,643289,671739,642201,54.05,,,,,,,,54,1,Sinker,5,3,3,5,3,5,3,5,Standard,Standard,136,0.004,-0.041,69.2,6.1,,,0.041,88.0,2,-2,0.849,0.151,28,32,28,32,1,2,1,1,3,1,1.11,0.89,0.89,43.6,-1.160238253947545,7.978161736242395,30.112800567885568,31.403441887317136,27.90046439386551
SI,2026-07-23,93.7,1.96,6.11,"Dodd, Dylan",687749,689266,field_out,hit_into_play,,,,,11,"Jase Bowen grounds out, second baseman Ozzie Albies to first baseman Matt Olson.",R,R,L,ATL,SD,X,4,ground_ball,1,2,2026,0.71,1.44,-0.1247456743621586,3.4365072265169267,,,,0,7,Top,122.04,140.74,,,,,-6.904383319723648,-136.33709786620713,-4.234163875926102,10.380121066763037,28.484615274959097,-13.468942088575709,3.208595801,1.619291339,96,66.3,9,93.8,2220,6.3,824893,686948,621566,645277,663586,805347,643289,671739,642201,54.25,0.242,0.22,0.0,1,0,0,2,53,4,Sinker,5,3,3,5,3,5,3,5,Standard,Standard,132,0.024,-0.186,73.5,6.6,,0.279,0.186,88.0,2,-2,0.825,0.175,28,25,28,26,1,2,1,1,3,1,1.15,0.71,-0.71,43.7,16.803604559478927,21.610521305880063,25.916325251692022,33.278583825228864,23.640004191891975
SI,2026-07-23,93.8,1.9,6.06,"Dodd, Dylan",687749,689266,,foul,,,,,1,,R,R,L,ATL,SD,S,,,1,1,2026,0.66,1.45,-0.5403468673469516,3.0999371782362974,,,,0,7,Top,,,,,,,-7.682674642516354,-136.4421547809543,-5.02674303338218,9.881042485999052,27.354475504684583,-13.05491128818089,3.208595801,1.619291339,123,69.2,69,93.8,2140,6.1,824893,686948,621566,645277,663586,805347,643289,671739,642201,54.36,,,,,,,,53,3,Sinker,5,3,3,5,3,5,3,5,Standard,Standard,137,0.008,-0.061,75.1,6.8,,,0.061,88.0,2,-2,0.817,0.183,28,25,28,26,1,2,1,1,3,1,1.12,0.66,-0.66,40.2,14.606216162428062,6.5200835767755505,31.18280772034493,29.80788023389981,27.366649308889382
SI,2026-07-23,94.9,1.91,6.17,"Dodd, Dylan",687749,689266,,ball,,,,,11,,R,R,L,ATL,SD,B,,,0,1,2026,0.77,1.52,-0.4918739005994738,4.32510337226753,,,,0,7,Top,,,,,,,-7.930862517988424,-138.04582627097437,-2.4740482221298015,11.575679752655736,28.672526448132196,-12.3619040504682,3.208595801,1.619291339,,,,94.9,2173,6.1,824893,686948,621566,645277,663586,805347,643289,671739,642201,54.35,,,,,,,,53,2,Sinker,5,3,3,5,3,5,3,5,Standard,Standard,134,-0.003,0.03,,,,,-0.03,,2,-2,0.82,0.18,28,25,28,26,1,2,1,1,3,1,1.0,0.77,-0.77,41.5,,,,,
SI,2026-07-23,93.2,1.89,6.21,"Dodd, Dylan",687749,689266,,foul_bunt,,,,,11,,R,R,L,ATL,SD,S,,,0,0,2026,0.44,1.39,-0.2065356930641385,3.475813301344325,,,,0,7,Top,,,,,,,-6.283478739168651,-135.71211750356443,-4.265769466994452,6.645654765546218,26.09378166467488,-14.130732991090008,3.208595801,1.619291339,,,,93.6,2210,6.2,824893,686948,621566,645277,663586,805347,643289,671739,642201,54.29,,,,,,,,53,1,Sinker,5,3,3,5,3,5,3,5,Standard,Standard,139,0.005,-0.042,11.2,1.2,,,0.042,88.0,2,-2,0.815,0.185,28,25,28,26,1,2,1,1,3,1,1.2,0.44,-0.44,43.1,-24.584834843356173,-11.971872057623528,30.24134726975994,33.897210249268326,24.6241370616746
FF,2026-07-23,93.3,-1.22,5.38,"Waldron, Matt",573262,663362,field_out,hit_into_play,,,,,8,Mike Yastrzemski flies out to center fielder Jase Bowen.,R,L,R,ATL,SD,X,8,fly_ball,3,0,2026,-0.69,1.14,-0.2004507288575934,1.9805132512785304,643289,,642086,2,6,Bot,111.93,77.82,,,,,4.176209262135279,-135.87654827804013,-5.4243979744918525,-9.475658548319952,27.656606674507486,-17.002903571213952,3.125221457,1.577214567,353,96.8,40,94.2,2240,6.6,824893,666023,664034,630105,592518,593428,650859,687749,665487,53.86,0.086,0.166,0.0,1,0,0,3,52,4,4-Seam Fastball,5,3,5,3,3,5,5,3,Infield shade,Standard,222,-0.037,-0.428,74.6,7.8,,0.312,0.428,96.8,2,2,0.852,0.852,29,35,30,36,1,2,5,1,2,1,1.45,0.69,-0.69,28.1,12.05776405472594,-4.277880190592008,31.074146464068992,33.90254608136435,32.697467053633176
KN,2026-07-23,81.0,-1.11,5.46,"Waldron, Matt",573262,663362,,ball,,,,,3,,R,L,R,ATL,SD,B,,,2,0,2026,-0.09,-0.04,0.733417714971083,2.6854412035900372,643289,,642086,2,6,Bot,,,,,,,4.218123997804684,-118.03749087222776,0.6123301905376697,-1.5549807988964333,20.117780017273702,-32.81441227313284,3.125221457,1.577214567,,,,81.2,397,6.1,824893,666023,664034,630105,592518,593428,650859,687749,665487,54.36,,,,,,,,52,3,Knuckleball,5,3,5,3,3,5,5,3,Standard,Standard,261,0.003,0.075,,,,,-0.075,,2,2,0.849,0.849,29,35,30,36,1,2,5,1,2,1,3.47,0.09,-0.09,31.4,,,,,
KN,2026-07-23,79.8,-1.26,5.43,"Waldron, Matt",573262,663362,,ball,,,,,13,,R,L,R,ATL,SD,B,,,1,0,2026,-0.33,-0.62,-1.1344651764139169,1.9844486864032411,643289,,642086,2,6,Bot,,,,,,,0.9149331661803526,-116.22576848684888,0.5683815165086972,-3.2053988459949525,22.16374006839463,-38.13332297000167,3.125221457,1.577214567,,,,79.8,327,6.2,824893,666023,664034,630105,592518,593428,650859,687749,665487,54.25,,,,,,,,52,2,Knuckleball,5,3,5,3,3,5,5,3,Standard,Standard,15,0.003,0.036,,,,,-0.036,,2,2,0.846,0.846,29,35,30,36,1,2,5,1,2,1,4.2,0.33,-0.33,29.5,,,,,
ST,2026-07-23,82.8,-1.62,5.22,"Waldron, Matt",573262,663362,,ball,,,,,13,,R,L,R,ATL,SD,B,,,0,0,2026,1.13,0.42,-1.4469482867251533,2.3153443275954837,643289,,642086,2,6,Bot,,,,,,,-1.872798055847423,-120.69137520124671,-0.8647148938952494,11.447931786472092,20.800454709619228,-28.064617566786556,3.125221457,1.577214567,,,,84.4,2209,7.0,824893,666023,664034,630105,592518,593428,650859,687749,665487,53.52,,,,,,,,52,1,Sweeper,5,3,5,3,3,5,5,3,Standard,Standard,75,0.001,0.019,,,,,-0.019,,2,2,0.845,0.845,29,35,30,36,1,2,5,1,2,1,2.86,-1.13,1.13,22.7,,,,,
ST,2026-07-23,82.5,-1.47,5.21,"Waldron, Matt",642086,663362,force_out,hit_into_play,,,,,9,"Dominic Smith grounds into a force out, first baseman Ty France to shortstop Xander Bogaerts. Mauricio Dubón to 3rd. Austin Riley out at 2nd. Dominic Smith to 1st.",R,L,R,ATL,SD,X,3,ground_ball,3,2,2026,1.32,0.5,0.312710123414563,2.044800813237807,,643289,663586,1,6,Bot,177.08,155.26,,,,,1.4029590344754106,-120.29830356682498,-1.5640262330742,12.616102571315784,21.560285470990785,-27.187477903061737,3.176123688,1.602903543,109,78.3,9,83.6,2213,6.7,824893,666023,664034,630105,592518,593428,650859,687749,665487,53.77,0.351,0.332,0.0,1,0,0,2,51,6,Sweeper,5,3,5,3,3,5,5,3,Infield shade,Standard,79,-0.026,-0.385,71.1,7.9,,0.397,0.385,88.0,2,2,0.871,0.871,29,31,30,31,1,2,5,1,2,1,2.81,-1.32,1.32,22.4,23.66674762763017,-28.02791885920745,36.05414031895628,30.40396019023496,50.38153775452707
KN,2026-07-23,83.6,-0.96,5.64,"Waldron, Matt",642086,663362,,blocked_ball,,,,,14,,R,L,R,ATL,SD,B,,,2,2,2026,0.27,-0.4,0.6190761837413535,0.6244844157622698,,643289,663586,1,6,Bot,,,,,,,3.045077434555977,-121.62190489597768,-3.975165851685951,1.9218396481483728,27.514499459855084,-35.413246607783144,3.176123688,1.602903543,,,,83.1,480,6.3,824893,666023,664034,630105,592518,593428,650859,687749,665487,54.19,,,,,,,,51,5,Knuckleball,5,3,5,3,3,5,5,3,Strategic,Standard,351,0.009,0.096,,,,,-0.096,,2,2,0.862,0.862,29,31,30,31,1,2,5,1,2,1,3.7,-0.27,0.27,36.9,,,,,
FC,2026-07-23,87.6,-1.45,5.34,"Waldron, Matt",642086,663362,,foul,,,,,5,,R,L,R,ATL,SD,S,,,2,1,2026,0.42,0.54,0.035859075597236,2.689160968025785,,643289,663586,1,6,Bot,,,,,,,2.667469827246432,-127.71618849529072,-1.3327737323852342,4.243968627692935,22.014404613671104,-26.157419777359195,3.176123688,1.602903543,33,101.3,-3,88.9,2205,6.6,824893,666023,664034,630105,592518,593428,650859,687749,665487,53.86,,,,,,,,51,4,Cutter,5,3,5,3,3,5,5,3,Strategic,Standard,188,-0.007,-0.07,77.1,7.5,,,0.07,101.3,2,2,0.869,0.869,29,31,30,31,1,2,5,1,2,1,2.38,-0.42,0.42,25.7,18.39607548598165,-19.74666738632674,31.58212390822078,32.69603055939438,44.22560336618539
FF,2026-07-23,93.5,-1.46,5.23,"Waldron, Matt",642086,663362,,ball,,,,,13,,R,L,R,ATL,SD,B,,,1,1,2026,-0.34,1.12,-0.3054865283281697,0.985018272754677,,643289,663586,1,6,Bot,,,,,,,3.7469249247452296,-136.1597990308014,-7.665925307957555,-4.9225271546946825,25.201158975429948,-16.85803677306088,3.176123688,1.602903543,,,,95.6,2116,7.1,824893,666023,664034,630105,592518,593428,650859,687749,665487,53.39,,,,,,,,51,3,4-Seam Fastball,5,3,5,3,3,5,5,3,Infield shade,Standard,230,0.004,0.059,,,,,-0.059,,2,2,0.865,0.865,29,31,30,31,1,2,5,1,2,1,1.45,0.34,-0.34,21.7,,,,,
KN,2026-07-23,81.3,-1.34,5.39,"Waldron, Matt",642086,663362,,ball,,,,,14,,R,L,R,ATL,SD,B,,,0,1,2026,-0.15,-0.2,0.3379820386241912,0.8883738680195714,,643289,663586,1,6,Bot,,,,,,,4.031467606787239,-118.45618557832036,-2.90343857639953,-2.1121111833672086,21.695613692117,-33.74058327162834,3.176123688,1.602903543,,,,82.2,329,6.7,824893,666023,664034,630105,592518,593428,650859,687749,665487,53.78,,,,,,,,51,2,Knuckleball,5,3,5,3,3,5,5,3,Infield shade,Standard,309,0.003,0.028,,,,,-0.028,,2,2,0.862,0.862,29,31,30,31,1,2,5,1,2,1,3.63,0.15,-0.15,28.8,,,,,
FC,2026-07-23,89.6,-1.48,5.35,"Waldron, Matt",642086,663362,,called_strike,,,,,8,,R,L,R,ATL,SD,S,,,0,0,2026,0.29,0.65,0.0860582937116502,1.6338821130077965,,643289,663586,1,6,Bot,,,,,,,3.2181039494244126,-130.7046699016764,-4.556312440665476,2.8934853023836045,21.000009849678868,-23.964234584500577,3.176123688,1.602903543,,,,90.9,2166,6.4,824893,666023,664034,630105,592518,593428,650859,687749,665487,54.07,,,,,,,,51,1,Cutter,5,3,5,3,3,5,5,3,Infield shade,Standard,201,-0.004,-0.041,,,,,0.041,,2,2,0.866,0.866,29,31,30,31,1,2,5,1,2,1,2.12,-0.29,0.29,26.7,,,,,
FC,2026-07-23,87.3,-1.16,5.55,"Waldron, Matt",663586,663362,single,hit_into_play,,,,,5,Austin Riley singles on a sharp line drive to left fielder Luis Rengifo. Mauricio Dubón to 2nd.,R,R,R,ATL,SD,X,7,line_drive,2,0,2026,0.44,0.51,-0.078516504733927,2.6351819131433025,,,643289,1,6,Bot,70.18,103.23,,,,,1.6629447523003729,-127.26373714774148,-1.838335611753963,4.499920671219655,22.01011203068972,-26.463673219810637,3.273540026,1.652066929,199,109.5,10,88.0,2213,6.3,824893,666023,664034,630105,592518,593428,650859,687749,665487,54.19,0.911,0.936,0.9,1,1,0,5,50,3,Cutter,5,3,5,3,3,5,5,3,Standard,Standard,164,0.014,0.306,77.9,7.3,,1.221,-0.306,109.5,2,2,0.852,0.852,29,29,30,29,1,2,5,1,2,1,2.44,-0.44,-0.44,31.2,14.202059609565614,-4.865807992985821,27.73519987897646,37.87187643115197,37.680622091462496
KN,2026-07-23,78.5,-1.06,5.62,"Waldron, Matt",663586,663362,,ball,,,,,13,,R,R,R,ATL,SD,B,,,1,0,2026,-1.29,-0.38,-1.6391861736913858,2.0763703590442195,,,643289,1,6,Bot,,,,,,,1.1852028906840355,-114.21113524987176,0.1729866980463066,-11.433296473673984,23.2021015450762,-35.742840687497996,3.273540026,1.652066929,,,,78.1,198,6.3,824893,666023,664034,630105,592518,593428,650859,687749,665487,54.25,,,,,,,,50,2,Knuckleball,5,3,5,3,3,5,5,3,Standard,Standard,339,0.004,0.069,,,,,-0.069,,2,2,0.848,0.848,29,29,30,29,1,2,5,1,2,1,4.11,1.29,1.29,33.4,,,,,
ST,2026-07-23,82.0,-1.45,5.27,"Waldron, Matt",663586,663362,,blocked_ball,,,,,14,,R,R,R,ATL,SD,B,,,0,0,2026,1.1,0.3,0.8941281185887288,0.4334890402986198,,,643289,1,6,Bot,,,,,,,3.08051075775728,-119.3976801303799,-4.7747973799878975,10.004867582910451,22.343864706886865,-28.642928707491844,3.273540026,1.652066929,,,,83.0,2309,6.9,824893,666023,664034,630105,592518,593428,650859,687749,665487,53.62,,,,,,,,50,1,Sweeper,5,3,5,3,3,5,5,3,Standard,Strategic,75,0.002,0.036,,,,,-0.036,,2,2,0.846,0.846,29,29,30,29,1,2,5,1,2,1,3.08,-1.1,-1.1,26.7,,,,,
SI,2026-07-23,93.2,-1.23,5.35,"Waldron, Matt",643289,663362,single,hit_into_play,,,,,9,Mauricio Dubón singles on a ground ball to center fielder Jase Bowen.,R,R,R,ATL,SD,X,8,ground_ball,0,0,2026,-1.08,0.72,0.5397146113442941,1.6245911493504164,,,,1,6,Bot,128.19,110.06,,,,,6.95970575380944,-135.56903543900532,-5.29491447945796,-14.794984790267009,26.64132985913784,-22.28924242562004,3.17085794,1.600246063,143,96.9,7,94.4,2101,6.8,824893,666023,664034,630105,592518,593428,650859,687749,665487,53.74,0.609,0.564,0.9,1,1,0,4,49,1,Sinker,5,3,5,3,3,5,5,3,Standard,Standard,226,0.014,0.418,67.1,8.5,,0.688,-0.418,96.9,2,2,0.832,0.832,29,31,30,32,1,2,5,1,2,1,1.88,1.08,1.08,27.1,2.3069182326312396,-3.626585966442702,35.895961699029726,40.85276209099784,24.107044635138088
KN,2026-07-23,79.9,-0.97,5.56,"Waldron, Matt",671739,663362,field_out,hit_into_play,,,,,8,Michael Harris II flies out to right fielder Fernando Tatis Jr.,R,L,R,ATL,SD,X,9,fly_ball,1,0,2026,0.07,-0.06,0.26261859036616,1.5704838789910167,,,,0,6,Bot,208.43,98.76,,,,,2.5538864154171055,-116.40595333077256,-1.731673607238213,0.145235205912506,21.721278687173054,-32.641608825792474,3.181389436,1.605561024,319,86.1,28,79.9,194,6.2,824893,666023,664034,630105,592518,593428,650859,687749,665487,54.26,0.069,0.087,0.0,1,0,0,3,48,2,Knuckleball,5,3,5,3,3,5,5,3,Infield shade,Standard,343,-0.015,-0.304,78.7,9.0,,0.139,0.304,88.0,2,2,0.847,0.847,29,25,30,25,1,2,5,1,2,1,3.62,-0.07,0.07,30.8,17.70089122183616,-22.406833321645617,34.176945190270104,34.576742628468494,47.22706247069166
KN,2026-07-23,78.9,-1.13,5.7,"Waldron, Matt",671739,663362,,ball,,,,,11,,R,L,R,ATL,SD,B,,,0,0,2026,0.0,0.35,-0.5760818072873093,3.932557379392732,,,,0,6,Bot,,,,,,,1.185611331432944,-114.87464020835807,2.429721994665484,-0.1922420492104631,20.71199949409676,-29.67554001861567,3.181389436,1.605561024,,,,78.8,311,6.1,824893,666023,664034,630105,592518,593428,650859,687749,665487,54.4,,,,,,,,48,1,Knuckleball,5,3,5,3,3,5,5,3,Infield shade,Standard,44,0.002,0.043,,,,,-0.043,,2,2,0.845,0.845,29,25,30,25,1,2,5,1,2,1,3.29,0.0,0.0,33.6,,,,,
SL,2026-07-23,83.3,2.92,4.78,"Sale, Chris",666023,519242,strikeout,swinging_strike,,,,,13,Freddy Fermin strikes out swinging.,R,R,L,ATL,SD,S,2,,1,2,2026,-1.0,-0.12,-0.324475312786564,1.2832165964544822,,,,2,6,Top,,,,,,,-5.378036473229762,-121.30201585138384,-1.12622539281823,-8.829984234335408,23.916843928525218,-33.33267517639537,3.105036089,1.567027559,,,,83.6,2613,6.5,824893,686948,621566,645277,663586,805347,643289,671739,573262,54.04,,0.0,0.0,1,0,0,,47,4,Slider,5,3,3,5,3,5,3,5,Standard,Standard,312,0.009,-0.18,68.3,8.9,2.580603636,,0.18,,2,-2,0.836,0.164,37,31,37,31,3,2,6,3,6,2,3.4,-1.0,1.0,10.4,27.21778040341311,-42.508821441160016,39.97045367349236,32.452913548390185,53.75728770257367
FF,2026-07-23,97.3,2.94,4.9,"Sale, Chris",666023,519242,,foul,,,,,2,,R,R,L,ATL,SD,S,,,1,1,2026,1.14,1.03,0.2416943149515795,2.885089281855694,,,,2,6,Top,,,,,,,-9.80372024409687,-141.394945778525,-2.114522303384596,17.475576944052367,31.85913037134648,-18.010439955926003,3.105036089,1.567027559,260,76.8,36,97.5,2483,6.5,824893,686948,621566,645277,663586,805347,643289,671739,573262,54.04,,,,,,,,47,3,4-Seam Fastball,5,3,3,5,3,5,3,5,Standard,Standard,116,0.003,-0.065,69.9,7.5,,,0.065,88.0,2,-2,0.833,0.167,37,31,37,31,3,2,6,3,6,2,1.38,1.14,-1.14,11.1,11.209668429790652,-3.123326865040845,32.72900911221265,37.185803768824904,28.979161410750834
CH,2026-07-23,88.7,3.05,4.57,"Sale, Chris",666023,519242,,ball,,,,,14,,R,R,L,ATL,SD,B,,,0,1,2026,1.36,0.02,1.493980751194693,1.411420037947224,,,,2,6,Top,,,,,,,-6.658727291293493,-129.1053624292408,-1.5388679257527778,16.56308120670888,25.816025157194957,-31.79125567884383,3.105036089,1.567027559,,,,89.1,1851,6.4,824893,686948,621566,645277,663586,805347,643289,671739,573262,54.09,,,,,,,,47,2,Changeup,5,3,3,5,3,5,3,5,Standard,Standard,98,-0.001,0.029,,,,,-0.029,,2,-2,0.834,0.166,37,31,37,31,3,2,6,3,6,2,2.86,1.36,-1.36,7.6,,,,,
SL,2026-07-23,78.9,3.05,4.81,"Sale, Chris",666023,519242,,called_strike,,,,,6,,R,R,L,ATL,SD,S,,,0,0,2026,-1.29,-0.53,0.6018904167661718,2.5238597534428333,,,,2,6,Top,,,,,,,-2.7955872753653965,-114.75953168381992,3.0718501995978293,-10.84781932847831,22.24452407820124,-37.648254818014905,3.105036089,1.567027559,,,,78.8,2682,6.3,824893,686948,621566,645277,663586,805347,643289,671739,573262,54.16,,,,,,,,47,1,Slider,5,3,3,5,3,5,3,5,Standard,Standard,312,0.002,-0.044,,,,,0.044,,2,-2,0.832,0.168,37,31,37,31,3,2,6,3,6,2,4.21,-1.29,1.29,13.6,,,,,
SL,2026-07-23,83.1,2.78,4.8,"Sale, Chris",657757,519242,strikeout,swinging_strike,,,,,13,Gavin Sheets strikes out swinging.,R,L,L,ATL,SD,S,2,,1,2,2026,-1.15,-0.42,-1.2223180145709305,1.2281408118456896,,,,1,6,Top,,,,,,,-6.747599699594876,-120.87927194447164,-0.6506382634922097,-9.981562777102932,23.704309915266368,-36.41366735644482,3.350770997,1.691043307,,,,83.0,2682,6.3,824893,686948,621566,645277,663586,805347,643289,671739,573262,54.21,,0.0,0.0,1,0,0,,46,5,Slider,5,3,3,5,3,5,3,5,Strategic,Standard,311,0.015,-0.183,58.0,8.4,0.210807144,,0.183,,2,-2,0.817,0.183,37,30,37,30,3,2,6,1,6,1,3.73,-1.15,-1.15,10.5,8.603023938445602,-11.002159385802528,30.148531473728667,51.74510364272487,33.93882103104096
FF,2026-07-23,98.2,2.92,4.91,"Sale, Chris",657757,519242,,foul,,,,,1,,R,L,L,ATL,SD,S,,,1,2,2026,1.19,0.8,-0.4364307322164535,3.05442410989228,,,,1,6,Top,,,,,,,-11.77898945823864,-142.51987419098046,-1.244422846822184,18.990817761777393,33.04829878316497,-21.159444181134457,3.350770997,1.691043307,151,82.0,11,98.1,2476,6.4,824893,686948,621566,645277,663586,805347,643289,671739,573262,54.08,,,,,,,,46,4,4-Seam Fastball,5,3,3,5,3,5,3,5,Strategic,Standard,115,0.0,0.0,70.6,6.4,,,0.0,88.0,2,-2,0.817,0.183,37,30,37,30,3,2,6,1,6,1,1.58,1.19,1.19,8.5,-6.481332031311924,28.515381202290538,21.975022178439996,43.70774709778553,12.251843921209035
FF,2026-07-23,98.1,2.92,5.06,"Sale, Chris",657757,519242,,swinging_strike,,,,,12,,R,L,L,ATL,SD,S,,,1,1,2026,1.07,1.0,0.832442427304485,4.101038752593529,,,,1,6,Top,,,,,,,-8.107561409211394,-142.616481150312,0.6543667743379403,16.486057325164346,32.749030479886514,-18.857192344291335,3.350770997,1.691043307,,,,98.2,2432,6.4,824893,686948,621566,645277,663586,805347,643289,671739,573262,54.12,,,,,,,,46,3,4-Seam Fastball,5,3,3,5,3,5,3,5,Strategic,Standard,118,0.006,-0.071,64.1,5.6,0.608146296,,0.071,,2,-2,0.811,0.189,37,30,37,30,3,2,6,1,6,1,1.37,1.07,1.07,11.0,-2.1291182624536207,32.07655457297941,18.76854741262608,30.04751966104556,15.286498236250644
SL,2026-07-23,77.7,2.91,4.73,"Sale, Chris",657757,519242,,ball,,,,,13,,R,L,L,ATL,SD,B,,,0,1,2026,-1.18,-0.38,-1.4244949777311344,1.0464210337982904,,,,1,6,Top,,,,,,,-6.956453790864395,-112.92272529363268,-0.0057724781658183,-8.759941925766665,21.270812250597153,-35.6514627564359,3.350770997,1.691043307,,,,77.6,2671,6.4,824893,686948,621566,645277,663586,805347,643289,671739,573262,54.14,,,,,,,,46,2,Slider,5,3,3,5,3,5,3,5,Strategic,Standard,311,-0.002,0.033,,,,,-0.033,,2,-2,0.813,0.187,37,30,37,30,3,2,6,1,6,1,4.18,-1.18,-1.18,10.1,,,,,
SL,2026-07-23,80.6,3.0,4.87,"Sale, Chris",657757,519242,,called_strike,,,,,8,,R,L,L,ATL,SD,S,,,0,0,2026,-1.16,-0.36,-0.2224460557393053,1.7531595256616392,,,,1,6,Top,,,,,,,-4.7986986005392485,-117.3738233376725,0.6318679280760382,-9.763054911196305,22.964617159939227,-35.80806300627809,3.350770997,1.691043307,,,,80.2,2715,6.1,824893,686948,621566,645277,663586,805347,643289,671739,573262,54.44,,,,,,,,46,1,Slider,5,3,3,5,3,5,3,5,Strategic,Standard,307,0.003,-0.041,,,,,0.041,,2,-2,0.81,0.19,37,30,37,30,3,2,6,1,6,1,3.87,-1.16,-1.16,13.5,,,,,
SL,2026-07-23,80.9,2.83,4.81,"Sale, Chris",593428,519242,strikeout,swinging_strike,,,,,13,Xander Bogaerts strikes out swinging.,R,R,L,ATL,SD,S,2,,1,2,2026,-1.2,-0.3,-1.2546485797761686,0.9797071873350872,,,,0,6,Top,,,,,,,-6.671900164796172,-117.6150408439949,-1.0502867638186488,-9.73853767851856,23.38199544188244,-34.93033561173664,3.284949147,1.657824803,,,,80.8,2735,6.4,824893,686948,621566,645277,663586,805347,643289,671739,573262,54.15,,0.0,0.0,1,0,0,,45,4,Slider,5,3,3,5,3,5,3,5,Standard,Standard,314,0.022,-0.186,67.2,8.4,3.114296568,,0.186,,2,-2,0.788,0.212,37,33,37,34,3,2,6,1,6,1,3.8,-1.2,1.2,11.9,30.471941632297973,-45.17262189784268,41.46640781957874,27.207911587476403,56.08939687312117
SL,2026-07-23,80.8,2.8,4.88,"Sale, Chris",593428,519242,,swinging_strike,,,,,13,,R,R,L,ATL,SD,S,,,1,1,2026,-1.06,-0.3,-0.7018664545633914,1.2909374485675125,,,,0,6,Top,,,,,,,-5.648840590059585,-117.5932032631529,-0.5658483673708867,-8.769424010187258,21.719859972609093,-35.06875128640318,3.284949147,1.657824803,,,,80.9,2648,6.3,824893,686948,621566,645277,663586,805347,643289,671739,573262,54.18,,,,,,,,45,3,Slider,5,3,3,5,3,5,3,5,Standard,Standard,311,0.007,-0.061,69.2,8.6,21.934632516,,0.061,,2,-2,0.781,0.219,37,33,37,34,3,2,6,1,6,1,3.78,-1.06,1.06,12.8,28.846803401968657,-65.1686596445901,33.77399619854017,,
FF,2026-07-23,95.4,3.0,5.0,"Sale, Chris",593428,519242,,called_strike,,,,,4,,R,R,L,ATL,SD,S,,,1,0,2026,1.14,0.96,-0.5290682183634581,2.4342665286639207,,,,0,6,Top,,,,,,,-11.76071380726338,-138.5128675989728,-3.1666016803780517,17.14740974170095,28.02988075231206,-19.221365808474086,3.284949147,1.657824803,,,,95.7,2370,6.4,824893,686948,621566,645277,663586,805347,643289,671739,573262,54.13,,,,,,,,45,2,4-Seam Fastball,5,3,3,5,3,5,3,5,Standard,Standard,118,0.007,-0.056,,,,,0.056,,2,-2,0.774,0.226,37,33,37,34,3,2,6,1,6,1,1.54,1.14,-1.14,15.0,,,,,
FF,2026-07-23,94.6,3.08,4.98,"Sale, Chris",593428,519242,,ball,,,,,12,,R,R,L,ATL,SD,B,,,0,0,2026,1.02,0.83,1.3959909662487573,3.183691082762353,,,,0,6,Top,,,,,,,-6.680989466819017,-137.72002769840125,-0.7415310804362334,14.487547162221317,29.421231529585913,-21.676230362064192,3.284949147,1.657824803,,,,95.0,2342,6.4,824893,686948,621566,645277,663586,805347,643289,671739,573262,54.07,,,,,,,,45,1,4-Seam Fastball,5,3,3,5,3,5,3,5,Standard,Standard,113,-0.005,0.043,,,,,-0.043,,2,-2,0.779,0.221,37,33,37,34,3,2,6,1,6,1,1.71,1.02,-1.02,11.5,,,,,
FF,2026-07-23,92.5,1.81,6.19,"Matsui, Yuki",671739,673513,truncated_pa,ball,,,,,11,,R,L,L,ATL,SD,B,2,,2,0,2026,0.18,1.37,-0.4992075304570368,4.556393019003655,,,645277,2,5,Bot,,,,,,,-6.147999021965359,-134.62943954000346,-1.2578021923106744,3.4731769154074215,28.186511177739508,-15.374288344105633,3.181389436,1.605561024,,,,91.9,2633,5.8,824893,666023,664034,630105,592518,593428,650859,687749,665487,54.66,,,0.0,0,0,0,,44,3,4-Seam Fastball,5,3,5,3,3,5,5,3,Infield shade,Standard,163,-0.019,-0.365,,,,,0.365,,2,2,0.798,0.798,30,25,31,25,1,2,2,1,2,1,1.28,0.18,0.18,55.8,,,,,
SI,2026-07-23,91.2,2.09,6.07,"Matsui, Yuki",671739,673513,,ball,,,,,12,,R,L,L,ATL,SD,B,,,1,0,2026,1.01,1.04,0.8600145924927297,3.027225577919979,,,645277,2,5,Bot,,,,,,,-5.19463391027678,-132.72510872619404,-3.840859577785732,13.004536046643938,26.637940343473236,-19.266826560572916,3.181389436,1.605561024,,,,90.5,2188,5.7,824893,666023,664034,630105,592518,593428,650859,687749,665487,54.77,,,,,,,,44,2,Sinker,5,3,5,3,3,5,5,3,Infield shade,Standard,155,0.003,0.054,,,,,-0.054,,2,2,0.795,0.795,30,25,31,25,1,2,2,1,2,1,1.69,1.01,1.01,52.8,,,,,
FF,2026-07-23,91.3,1.82,6.19,"Matsui, Yuki",671739,673513,,ball,,,,,11,,R,L,L,ATL,SD,B,,,0,0,2026,0.2,1.43,-2.2967802874115417,3.4479473381003576,,,645277,2,5,Bot,,,,,,,-10.556546243523648,-132.61877614902542,-3.9314873531654775,4.472950771832331,26.2421366703949,-14.599102319658217,3.181389436,1.605561024,,,,90.7,2563,5.8,824893,666023,664034,630105,592518,593428,650859,687749,665487,54.67,,,,,,,,44,1,4-Seam Fastball,5,3,5,3,3,5,5,3,Infield shade,Standard,163,0.001,0.035,,,,,-0.035,,2,2,0.794,0.794,30,25,31,25,1,2,2,1,2,1,1.3,0.2,0.2,54.0,,,,,
SL,2026-07-23,84.6,1.8,6.15,"Matsui, Yuki",621566,673513,field_out,hit_into_play,,,,,4,Matt Olson flies out to center fielder Jase Bowen.,R,L,L,ATL,SD,X,8,fly_ball,0,1,2026,-0.19,0.11,-0.6800773797646553,2.4187696134382586,,,645277,1,5,Bot,105.2,100.58,,,,,-5.271447345748515,-123.279211403618,-2.3922531485026504,-0.9820745203551556,22.457173228353113,-30.84964973693336,3.37183399,1.701673228,252,89.6,51,84.1,2890,5.7,824893,666023,664034,630105,592518,593428,650859,687749,665487,54.81,0.017,0.022,0.0,1,0,0,3,43,2,Slider,5,3,5,3,3,5,5,3,Infield shade,Strategic,261,-0.016,-0.221,,,,0.028,0.221,89.6,2,2,0.81,0.81,30,32,31,32,1,2,2,1,2,1,3.05,-0.19,-0.19,58.0,,,,,
SL,2026-07-23,84.7,1.72,6.15,"Matsui, Yuki",621566,673513,,called_strike,,,,,8,,R,L,L,ATL,SD,S,,,0,0,2026,-0.24,0.18,-0.2073385014352755,2.0080599539513075,,,645277,1,5,Bot,,,,,,,-3.9225536150491864,-123.41208567697112,-3.56761980337855,-1.8326259554319453,19.80672362001551,-29.9439096524696,3.37183399,1.701673228,,,,84.6,2859,5.7,824893,666023,664034,630105,592518,593428,650859,687749,665487,54.79,,,,,,,,43,1,Slider,5,3,5,3,3,5,5,3,Infield shade,Standard,246,-0.003,-0.039,,,,,0.039,,2,2,0.813,0.813,30,32,31,32,1,2,2,1,2,1,2.94,-0.24,-0.24,54.6,,,,,
FS,2026-07-23,84.2,2.15,6.18,"Matsui, Yuki",645277,673513,single,hit_into_play,,,,,14,Ozzie Albies singles on a ground ball to shortstop Xander Bogaerts.,R,R,L,ATL,SD,X,6,ground_ball,0,2,2026,0.84,0.31,1.300794652102396,1.4623116370887397,,,,1,5,Bot,102.25,152.85,,,,,-3.6081621766992686,-122.71654427609111,-5.017740876972522,9.166567801070784,21.05937178520346,-28.318502080967363,2.984801509,1.506348425,3,69.8,-31,84.0,1103,5.8,824893,666023,664034,630105,592518,593428,650859,687749,665487,54.71,0.057,0.051,0.9,1,1,0,2,42,3,Split-Finger,5,3,5,3,3,5,5,3,Standard,Standard,129,0.02,0.517,60.3,7.6,,0.064,-0.517,88.0,2,2,0.793,0.793,30,29,31,29,1,2,2,1,2,1,2.86,0.84,-0.84,54.6,6.995938264998439,-8.272224812063978,27.09469909673578,40.280274585133505,40.33728310713631
SL,2026-07-23,83.2,1.79,6.18,"Matsui, Yuki",645277,673513,,swinging_strike,,,,,12,,R,R,L,ATL,SD,S,,,0,1,2026,-0.39,-0.08,0.4866525892267178,3.4884953296587704,,,,1,5,Bot,,,,,,,-2.161827285656251,-121.291751440268,0.5303594233237825,-3.479031943172045,20.8290421805567,-33.289647884305275,2.984801509,1.506348425,,,,82.9,2829,5.7,824893,666023,664034,630105,592518,593428,650859,687749,665487,54.8,,,,,,,,42,2,Slider,5,3,5,3,3,5,5,3,Standard,Standard,293,-0.002,-0.058,63.2,5.6,1.555815012,,0.058,,2,2,0.795,0.795,30,29,31,29,1,2,2,1,2,1,3.33,-0.39,0.39,56.7,4.556556631917085,31.579595430957536,24.993356232304382,31.43770714855534,20.62385588616562
SL,2026-07-23,85.2,1.81,6.11,"Matsui, Yuki",645277,673513,,foul,,,,,13,,R,R,L,ATL,SD,S,,,0,0,2026,-0.38,0.29,-0.0080798496939639,1.2653402167733918,,,,1,5,Bot,,,,,,,-3.401697835061247,-124.14026115063996,-5.473997843547109,-3.4037850431758385,21.63428228096237,-28.34490244107088,2.984801509,1.506348425,3,102.3,-22,85.0,2779,5.8,824893,666023,664034,630105,592518,593428,650859,687749,665487,54.68,,,,,,,,42,1,Slider,5,3,5,3,3,5,5,3,Standard,Standard,208,-0.002,-0.041,72.4,7.5,,,0.041,102.3,2,2,0.797,0.797,30,29,31,29,1,2,2,1,2,1,2.81,-0.38,0.38,57.5,15.044372881247028,-10.869535752522472,42.49192591982222,25.272161131691647,39.460199517320504
FS,2026-07-23,83.1,1.82,6.18,"Matsui, Yuki",686948,673513,field_out,hit_into_play,,,,,14,"Drake Baldwin grounds out, first baseman Ty France to pitcher Yuki Matsui.",R,L,L,ATL,SD,X,3,ground_ball,0,2,2026,0.92,0.37,0.0613392191769621,1.1992003985311,,,,0,5,Bot,154.29,164.96,,,,,-5.765755810084314,-120.92746638172778,-5.421180093997438,10.105213796420095,23.051279595549275,-27.65370433107083,3.205962927,1.617962598,10,70.5,-7,82.7,1154,6.0,824893,666023,664034,630105,592518,593428,650859,687749,665487,54.51,0.055,0.05,0.0,1,0,0,2,41,3,Split-Finger,5,3,5,3,3,5,5,3,Infield shade,Standard,129,-0.009,-0.165,71.4,8.7,,0.061,0.165,88.0,2,2,0.806,0.806,30,25,31,25,1,2,2,1,2,1,2.92,0.92,0.92,59.0,29.81820755354813,-18.563638372364313,35.91472090412976,36.736335643078654,44.84275861988223
SL,2026-07-23,84.4,1.79,6.17,"Matsui, Yuki",686948,673513,,swinging_strike,,,,,13,,R,L,L,ATL,SD,S,,,0,1,2026,-0.24,-0.08,-0.0575660914237917,1.321007962962271,,,,0,5,Bot,,,,,,,-3.7188674608988608,-123.03154258998092,-4.579104759467334,-1.8325332421154472,20.904305682702223,-32.41427301759281,3.205962927,1.617962598,,,,84.3,2923,5.8,824893,666023,664034,630105,592518,593428,650859,687749,665487,54.7,,,,,,,,41,2,Slider,5,3,5,3,3,5,5,3,Infield shade,Standard,276,-0.004,-0.053,70.3,8.5,0.88653486,,0.053,,2,2,0.81,0.81,30,25,31,25,1,2,2,1,2,1,3.23,-0.24,-0.24,55.7,26.85494235284037,-17.37830021917983,32.20081444056791,41.00180723190456,42.57637856879975
SL,2026-07-23,84.9,1.78,6.2,"Matsui, Yuki",686948,673513,,called_strike,,,,,13,,R,L,L,ATL,SD,S,,,0,0,2026,-0.42,0.5,-0.8634721083197192,2.236109799196622,,,,0,5,Bot,,,,,,,-5.197825690684487,-123.68169915384908,-3.809244750000565,-3.4636342227173036,20.958697432271705,-26.49211494180011,3.205962927,1.617962598,,,,84.7,2685,5.7,824893,666023,664034,630105,592518,593428,650859,687749,665487,54.76,,,,,,,,41,1,Slider,5,3,5,3,3,5,5,3,Infield shade,Standard,207,-0.002,-0.042,,,,,0.042,,2,2,0.812,0.812,30,25,31,25,1,2,2,1,2,1,2.62,-0.42,-0.42,52.6,,,,,
SL,2026-07-23,82.0,3.01,4.87,"Sale, Chris",664034,519242,field_out,hit_into_play,,,,,14,"Ty France grounds out, second baseman Ozzie Albies to first baseman Matt Olson.",R,R,L,ATL,SD,X,4,ground_ball,2,2,2026,-0.73,-0.44,0.8965817398091606,1.8757844379578037,,,650859,2,5,Top,143.4,145.59,,,,,-3.274542253478798,-119.44879488166424,0.8339166183428102,-6.380387183678704,23.15908339194828,-36.75163359676501,3.10328084,1.566141732,65,93.5,2,82.2,2628,6.4,824893,686948,621566,645277,663586,805347,643289,671739,573262,54.14,0.429,0.431,0.0,1,0,0,4,40,7,Slider,5,3,3,5,3,5,3,5,Standard,Standard,310,0.024,-0.247,62.8,7.6,,0.548,0.247,93.5,2,-2,0.788,0.212,37,31,37,32,3,2,6,1,6,1,3.82,-0.73,0.73,11.8,9.495618105962109,13.742536868375144,29.261853924217508,45.867722871041735,26.33351150521661
SL,2026-07-23,82.2,3.0,4.84,"Sale, Chris",664034,519242,,ball,,,,,14,,R,R,L,ATL,SD,B,,,1,2,2026,-1.22,-0.37,1.6334039853413185,1.785167179943473,,,650859,2,5,Top,,,,,,,-0.6426351383848423,-119.80471752131224,0.5526573202403624,-11.5998679573597,23.57994368628472,-36.09362187109591,3.10328084,1.566141732,,,,82.1,2702,6.1,824893,686948,621566,645277,663586,805347,643289,671739,573262,54.36,,,,,,,,40,6,Slider,5,3,3,5,3,5,3,5,Standard,Standard,300,-0.004,0.051,,,,,-0.051,,2,-2,0.792,0.208,37,31,37,32,3,2,6,1,6,1,3.74,-1.22,1.22,9.0,,,,,
FF,2026-07-23,98.0,3.06,4.93,"Sale, Chris",664034,519242,,foul,,,,,3,,R,R,L,ATL,SD,S,,,1,2,2026,1.26,0.87,0.479874421457197,3.08004377185722,,,650859,2,5,Top,,,,,,,-9.866533734255515,-142.53234762128614,-1.4385937051598447,19.390699204993982,30.41924309256617,-20.12989982520518,3.10328084,1.566141732,66,83.7,36,98.7,2460,6.5,824893,686948,621566,645277,663586,805347,643289,671739,573262,53.97,,,,,,,,40,5,4-Seam Fastball,5,3,3,5,3,5,3,5,Standard,Standard,113,0.0,0.0,62.5,6.3,,,0.0,88.0,2,-2,0.792,0.208,37,31,37,32,3,2,6,1,6,1,1.49,1.26,-1.26,11.7,-5.315206564208514,31.994046944572624,29.65683716133162,40.893888064080755,7.054608944463395
FF,2026-07-23,98.9,2.94,4.97,"Sale, Chris",664034,519242,,ball,,,,,12,,R,R,L,ATL,SD,B,,,0,2,2026,1.31,1.0,1.4924498358701674,4.053906386842719,,,650859,2,5,Top,,,,,,,-7.028430366075582,-143.90902538286318,0.7041576279943654,19.80470423320711,34.14422233233598,-18.62847481017858,3.10328084,1.566141732,,,,99.1,2456,6.5,824893,686948,621566,645277,663586,805347,643289,671739,573262,54.03,,,,,,,,40,4,4-Seam Fastball,5,3,3,5,3,5,3,5,Standard,Standard,115,-0.003,0.02,,,,,-0.02,,2,-2,0.795,0.205,37,31,37,32,3,2,6,1,6,1,1.33,1.31,-1.31,10.4,,,,,
SL,2026-07-23,79.4,2.99,4.73,"Sale, Chris",664034,519242,,foul,,,,,13,,R,R,L,ATL,SD,S,,,0,2,2026,-0.65,-0.13,-0.0791827740603529,1.3800210314715078,,,650859,2,5,Top,,,,,,,-5.392291387704292,-115.61174798922072,-0.1275564294200135,-4.823938548804994,21.623202056874685,-33.50861310455616,3.10328084,1.566141732,157,63.4,34,79.3,2525,6.2,824893,686948,621566,645277,663586,805347,643289,671739,573262,54.31,,,,,,,,40,3,Slider,5,3,3,5,3,5,3,5,Standard,Standard,307,0.0,0.0,70.8,8.1,,,0.0,88.0,2,-2,0.795,0.205,37,31,37,32,3,2,6,1,6,1,3.74,-0.65,0.65,11.6,11.588639968192894,-1.7670938118089845,42.2139238813657,34.45074070845291,32.84499009823207
SL,2026-07-23,79.0,3.06,4.58,"Sale, Chris",664034,519242,,called_strike,,,,,6,,R,R,L,ATL,SD,S,,,0,1,2026,-0.8,-0.17,0.7919955203483108,2.097014632998557,,,650859,2,5,Top,,,,,,,-3.359370753029552,-115.02408988194786,1.8860927532043728,-6.521602613905873,21.04408499516909,-34.238236369926256,3.10328084,1.566141732,,,,79.0,2688,6.2,824893,686948,621566,645277,663586,805347,643289,671739,573262,54.25,,,,,,,,40,2,Slider,5,3,3,5,3,5,3,5,Standard,Standard,311,0.007,-0.06,,,,,0.06,,2,-2,0.788,0.212,37,31,37,32,3,2,6,1,6,1,3.81,-0.8,0.8,6.1,,,,,
SL,2026-07-23,79.3,2.88,4.71,"Sale, Chris",664034,519242,,swinging_strike,,,,,13,,R,R,L,ATL,SD,S,,,0,0,2026,-1.28,-0.15,-1.0198776750372514,0.7268414745232574,,,650859,2,5,Top,,,,,,,-5.975438204895614,-115.38832877403124,-1.402893665645462,-10.252196885586253,21.918554569112192,-33.44057304440904,3.10328084,1.566141732,,,,79.2,2568,6.2,824893,686948,621566,645277,663586,805347,643289,671739,573262,54.26,,,,,,,,40,1,Slider,5,3,3,5,3,5,3,5,Standard,Standard,314,0.004,-0.04,27.2,6.6,12.188258724,,0.04,,2,-2,0.784,0.216,37,31,37,32,3,2,6,1,6,1,3.78,-1.28,1.28,11.1,16.29998760638799,20.481112358988376,37.88848203545846,25.2593453272476,28.211403715039285
SL,2026-07-23,80.2,2.89,4.73,"Sale, Chris",592518,519242,strikeout,swinging_strike,,,,,13,Manny Machado strikes out swinging.,R,R,L,ATL,SD,S,2,,1,2,2026,-0.75,-0.34,-0.506786335349857,1.4031477745924872,,,650859,1,5,Top,,,,,,,-5.9987954405676795,-116.8030704744255,0.092953733451579,-5.966366631223969,18.44111758273568,-35.50188507932419,3.313910761,1.672440945,,,,81.0,2642,6.5,824893,686948,621566,645277,663586,805347,643289,671739,573262,54.04,,0.0,0.0,1,0,0,,39,4,Slider,5,3,3,5,3,5,3,5,Standard,Standard,304,0.026,-0.177,72.7,9.1,0.926436852,,0.177,,2,-2,0.758,0.242,37,33,37,34,3,2,6,1,6,1,3.83,-0.75,0.75,11.3,18.102395387130464,-43.88294186968287,29.927003106216677,35.70065279560416,56.59724382910231
FF,2026-07-23,96.2,2.83,4.89,"Sale, Chris",592518,519242,,called_strike,,,,,4,,R,R,L,ATL,SD,S,,,1,1,2026,1.26,0.81,-0.8136948425977542,2.453629839369594,,,650859,1,5,Top,,,,,,,-12.46951666851579,-139.4973708110139,-2.535175417344245,19.192269425249332,30.660474616942352,-21.247617334175576,3.313910761,1.672440945,,,,96.5,2445,6.6,824893,686948,621566,645277,663586,805347,643289,671739,573262,53.87,,,,,,,,39,3,4-Seam Fastball,5,3,3,5,3,5,3,5,Standard,Standard,117,0.009,-0.069,,,,,0.069,,2,-2,0.749,0.251,37,33,37,34,3,2,6,1,6,1,1.67,1.26,-1.26,11.0,,,,,
FF,2026-07-23,95.8,2.95,4.81,"Sale, Chris",592518,519242,,called_strike,,,,,9,,R,R,L,ATL,SD,S,,,1,0,2026,1.25,0.75,0.3032047541283695,1.7335150624261346,,,650859,1,5,Top,,,,,,,-9.8311526370217,-139.27139162295424,-4.108789423613355,18.38151303100596,28.860471112921218,-21.602134644185224,3.313910761,1.672440945,,,,96.7,2452,6.7,824893,686948,621566,645277,663586,805347,643289,671739,573262,53.83,,,,,,,,39,2,4-Seam Fastball,5,3,3,5,3,5,3,5,Standard,Standard,112,0.007,-0.046,,,,,0.046,,2,-2,0.742,0.258,37,33,37,34,3,2,6,1,6,1,1.72,1.25,-1.25,10.7,,,,,
SL,2026-07-23,78.1,3.05,4.77,"Sale, Chris",592518,519242,,ball,,,,,12,,R,R,L,ATL,SD,B,,,0,0,2026,-0.78,-0.2,1.299226711699388,2.6489230184363546,,,650859,1,5,Top,,,,,,,-2.2648736293521146,-113.62773175252656,2.8924407746256207,-6.335995757610369,21.550446322301955,-34.634504459492305,3.313910761,1.672440945,,,,78.1,2584,6.4,824893,686948,621566,645277,663586,805347,643289,671739,573262,54.14,,,,,,,,39,1,Slider,5,3,3,5,3,5,3,5,Standard,Standard,299,-0.005,0.036,,,,,-0.036,,2,-2,0.747,0.253,37,33,37,34,3,2,6,1,6,1,3.94,-0.78,0.78,11.8,,,,,
CH,2026-07-23,87.6,2.94,4.68,"Sale, Chris",650859,519242,single,hit_into_play,,,,,9,Luis Rengifo singles on a ground ball to left fielder Mauricio Dubón.,R,R,L,ATL,SD,X,7,ground_ball,0,1,2026,1.21,0.08,0.3787727999503039,1.9597434987258393,,,,1,5,Top,92.13,149.68,,,,,-8.698077817389485,-127.4135418199434,-0.4274500931629372,14.972267721562504,24.694153612796228,-31.41475871333004,3.087483596,1.558169291,58,101.8,1,88.2,1882,6.5,824893,686948,621566,645277,663586,805347,643289,671739,573262,53.95,0.494,0.456,0.9,1,1,0,4,38,2,Changeup,5,3,3,5,3,5,3,5,Standard,Standard,93,-0.036,0.459,75.1,7.9,,0.548,-0.459,101.8,2,-2,0.783,0.217,37,29,37,29,3,2,6,1,6,1,2.88,1.21,-1.21,7.9,13.094926404593249,-9.195384779918616,30.584871602133948,40.46380518509123,33.66868809814042
CH,2026-07-23,85.9,3.0,4.73,"Sale, Chris",650859,519242,,called_strike,,,,,3,,R,R,L,ATL,SD,S,,,0,0,2026,1.24,-0.05,0.5970298651284558,2.6785953365773167,,,,1,5,Top,,,,,,,-8.177304943010178,-124.92347808376364,1.6283715059515802,14.546894523869534,22.836155384631468,-33.24717495944346,3.087483596,1.558169291,,,,86.3,1797,6.4,824893,686948,621566,645277,663586,805347,643289,671739,573262,54.13,,,,,,,,38,1,Changeup,5,3,3,5,3,5,3,5,Standard,Standard,95,0.003,-0.041,,,,,0.041,,2,-2,0.78,0.22,37,29,37,29,3,2,6,1,6,1,3.12,1.24,-1.24,8.9,,,,,
CH,2026-07-23,88.0,2.93,4.71,"Sale, Chris",665487,519242,field_out,hit_into_play,,,,,9,"Fernando Tatis Jr. grounds out, shortstop Jim Jarvis to first baseman Matt Olson.",R,R,L,ATL,SD,X,6,ground_ball,0,1,2026,1.54,0.26,0.486834341348384,1.9664209396075376,,,,0,5,Top,103.54,150.98,,,,,-9.168716873314908,-127.8917748181267,-0.9308962119319948,18.75406823422885,23.98632236032953,-29.33921147565376,3.346382874,1.68882874,70,100.0,3,88.9,1921,6.7,824893,686948,621566,645277,663586,805347,643289,671739,573262,53.76,0.54,0.501,0.0,1,0,0,4,37,2,Changeup,5,3,3,5,3,5,3,5,Standard,Standard,101,0.025,-0.218,72.9,7.7,,0.605,0.218,100.0,2,-2,0.755,0.245,37,27,37,27,3,2,6,1,6,1,2.67,1.54,-1.54,10.2,11.458279375970449,1.283819009774825,31.528867057078987,44.226280925889355,35.793700779540565
FF,2026-07-23,95.6,3.06,5.0,"Sale, Chris",665487,519242,,swinging_strike,,,,,11,,R,R,L,ATL,SD,S,,,0,0,2026,1.29,0.77,-0.0665809837700588,3.543653504247909,,,,0,5,Top,,,,,,,-11.1081767487264,-138.8647490833223,0.1868021388336859,19.171381260854652,30.71671665089568,-22.411351207482877,3.346382874,1.68882874,,,,95.9,2441,6.5,824893,686948,621566,645277,663586,805347,643289,671739,573262,53.96,,,,,,,,37,1,4-Seam Fastball,5,3,3,5,3,5,3,5,Standard,Standard,114,0.004,-0.042,78.4,6.4,1.104030612,,0.042,,2,-2,0.751,0.249,37,27,37,27,3,2,6,1,6,1,1.73,1.29,-1.29,13.0,5.88703192338506,13.682881900356614,21.016039306696243,36.62987110639973,24.94552594911736
FF,2026-07-23,92.0,1.69,6.24,"Matsui, Yuki",805347,673513,strikeout,swinging_strike,,,,,2,Jim Jarvis strikes out swinging.,R,L,L,ATL,SD,S,2,,3,2,2026,0.4,1.7,0.021688979424078,2.9080679042884143,,,573262,2,4,Bot,,,,,,,-4.991828723440776,-133.8150468863911,-6.081030496078136,5.889477001741663,29.031362059863493,-10.65484075692969,3.091871719,1.560383858,,,,91.1,2535,5.8,824893,666023,664034,630105,592518,593428,650859,687749,665487,54.75,,0.0,0.0,1,0,0,,36,6,4-Seam Fastball,5,3,5,3,3,5,5,3,Infield shade,Standard,161,-0.018,-0.328,68.0,7.2,0.1,,0.328,,2,2,0.769,0.769,30,25,31,26,1,1,2,1,2,1,1.0,0.4,0.4,56.8,11.428199437171363,-2.955222811442204,25.616929824893383,34.42983700956033,25.14923807973767
FF,2026-07-23,92.0,1.71,6.16,"Matsui, Yuki",805347,673513,,swinging_strike,,,,,12,,R,L,L,ATL,SD,S,,,3,1,2026,0.53,1.64,1.1161092231949996,3.677004103735915,,,573262,2,4,Bot,,,,,,,-2.632190967966965,-133.9562440181433,-3.831317594633496,6.9322471261689795,29.69788300456609,-11.883906015232856,3.091871719,1.560383858,,,,91.0,2509,5.7,824893,666023,664034,630105,592518,593428,650859,687749,665487,54.82,,,,,,,,36,5,4-Seam Fastball,5,3,5,3,3,5,5,3,Infield shade,Standard,158,-0.004,-0.083,49.8,5.8,1.18906038,,0.083,,2,2,0.773,0.773,30,25,31,26,1,1,2,1,2,1,1.06,0.53,0.53,54.1,0.8778422146203559,1.6515174025975874,21.314835910699887,21.449746353956417,22.012765841567564
FF,2026-07-23,91.4,1.66,6.25,"Matsui, Yuki",805347,673513,,ball,,,,,11,,R,L,L,ATL,SD,B,,,2,1,2026,0.46,1.6,-0.5288253229070452,3.745352742736466,,,573262,2,4,Bot,,,,,,,-6.369630649877555,-132.9613056499865,-3.708313109974637,6.807520873198807,27.957267505704316,-12.62959939644433,3.091871719,1.560383858,,,,90.4,2519,5.7,824893,666023,664034,630105,592518,593428,650859,687749,665487,54.84,,,,,,,,36,4,4-Seam Fastball,5,3,5,3,3,5,5,3,Infield shade,Standard,159,0.005,0.095,,,,,-0.095,,2,2,0.768,0.768,30,25,31,26,1,1,2,1,2,1,1.13,0.46,0.46,55.9,,,,,
FF,2026-07-23,91.0,1.66,6.18,"Matsui, Yuki",805347,673513,,ball,,,,,13,,R,L,L,ATL,SD,B,,,1,1,2026,0.42,1.55,-1.1817803244689162,2.170293933621676,,,573262,2,4,Bot,,,,,,,-7.87566508286355,-132.247265650068,-7.225574465043479,6.5889033527567165,27.46986722645506,-12.576915589614678,3.091871719,1.560383858,,,,90.1,2494,5.8,824893,666023,664034,630105,592518,593428,650859,687749,665487,54.73,,,,,,,,36,3,4-Seam Fastball,5,3,5,3,3,5,5,3,Infield shade,Standard,161,0.002,0.052,,,,,-0.052,,2,2,0.766,0.766,30,25,31,26,1,1,2,1,2,1,1.2,0.42,0.42,57.8,,,,,
SL,2026-07-23,86.1,1.6,6.18,"Matsui, Yuki",805347,673513,,ball,,,,,13,,R,L,L,ATL,SD,B,,,0,1,2026,-0.34,0.74,-0.4143678305697337,1.217817901030449,,,573262,2,4,Bot,,,,,,,-3.9629287880568023,-125.30172325621643,-6.799274550403441,-2.889438949379397,22.905404071725773,-23.26907670850636,3.091871719,1.560383858,,,,85.5,2682,5.7,824893,666023,664034,630105,592518,593428,650859,687749,665487,54.8,,,,,,,,36,2,Slider,5,3,5,3,3,5,5,3,Standard,Standard,180,0.001,0.028,,,,,-0.028,,2,2,0.765,0.765,30,25,31,26,1,1,2,1,2,1,2.31,-0.34,-0.34,55.0,,,,,
FF,2026-07-23,91.4,1.74,6.18,"Matsui, Yuki",805347,673513,,called_strike,,,,,5,,R,L,L,ATL,SD,S,,,0,0,2026,0.53,1.61,-0.1085578723159872,2.152589542474513,,,573262,2,4,Bot,,,,,,,-5.696266062813532,-132.8107521243407,-7.481065559927442,7.485165220850403,27.949241621987355,-11.678568541979956,3.091871719,1.560383858,,,,90.5,2414,5.8,824893,666023,664034,630105,592518,593428,650859,687749,665487,54.74,,,,,,,,36,1,4-Seam Fastball,5,3,5,3,3,5,5,3,Standard,Standard,160,-0.002,-0.04,,,,,0.04,,2,2,0.767,0.767,30,25,31,26,1,1,2,1,2,1,1.12,0.53,0.53,55.2,,,,,
KC,2026-07-23,82.3,-1.11,5.43,"Canning, Griffin",573262,656288,single,hit_into_play,,,,,8,Mike Yastrzemski singles on a ground ball to right fielder Fernando Tatis Jr.,R,L,R,ATL,SD,X,9,ground_ball,2,2,2026,0.79,-0.41,-0.1695823955407379,2.006507631078102,,,,2,4,Bot,183.34,107.47,,,,,0.5613603587445687,-120.0084452801084,-0.3198332959311626,7.560955475014664,21.058589330450523,-36.25856498365853,3.125221457,1.577214567,103,78.8,8,81.9,2486,5.7,824893,666023,664034,630105,592518,593428,650859,687749,665487,54.78,0.337,0.314,0.9,1,1,0,2,35,6,Knuckle Curve,5,3,5,3,3,5,5,3,Infield shade,Standard,47,0.009,0.37,70.7,7.6,,0.374,-0.37,88.0,2,2,0.758,0.758,30,35,30,36,2,1,5,1,6,1,3.73,-0.79,0.79,38.4,12.92765490250578,-5.310037448661466,31.14209333453183,35.24754879487331,39.23268189530303
CH,2026-07-23,89.6,-1.08,5.49,"Canning, Griffin",573262,656288,,ball,,,,,13,,R,L,R,ATL,SD,B,,,1,2,2026,-1.14,0.09,-2.081988071891855,1.9398787815494736,,,,2,4,Bot,,,,,,,0.0042454961093698,-130.57602569735442,-2.7775141037199083,-13.063683705611757,26.2922690726744,-30.79033225537147,3.125221457,1.577214567,,,,89.2,1590,5.8,824893,666023,664034,630105,592518,593428,650859,687749,665487,54.67,,,,,,,,35,5,Changeup,5,3,5,3,3,5,5,3,Infield shade,Standard,243,0.001,0.042,,,,,-0.042,,2,2,0.757,0.757,30,35,30,36,2,1,5,1,6,1,2.73,1.14,-1.14,34.6,,,,,
SL,2026-07-23,88.2,-1.01,5.6,"Canning, Griffin",573262,656288,,foul,,,,,14,,R,L,R,ATL,SD,S,,,1,2,2026,0.1,-0.25,0.3811522241577583,1.0641955932509308,,,,2,4,Bot,,,,,,,3.110074484388847,-128.53595344712934,-4.263509284958113,0.575101104629042,21.54565288320959,-34.46509326201351,3.125221457,1.577214567,17,92.4,-3,88.5,2795,6.0,824893,666023,664034,630105,592518,593428,650859,687749,665487,54.51,,,,,,,,35,4,Slider,5,3,5,3,3,5,5,3,Infield shade,Standard,19,0.0,0.0,73.1,8.2,,,0.0,92.4,2,2,0.757,0.757,30,35,30,36,2,1,5,1,6,1,3.13,-0.1,0.1,43.8,15.177427487609034,-15.316663221901294,39.97186357401567,29.168444600819477,40.28127819660595
FF,2026-07-23,93.8,-0.81,5.62,"Canning, Griffin",573262,656288,,ball,,,,,11,,R,L,R,ATL,SD,B,,,0,2,2026,-0.63,1.11,-0.1797771924430944,3.8025185424758794,,,,2,4,Bot,,,,,,,3.0059135584827565,-136.71996181096193,-1.3623655825068524,-8.5357558045816,27.8519306821177,-18.092512537530183,3.125221457,1.577214567,,,,93.8,2105,6.0,824893,666023,664034,630105,592518,593428,650859,687749,665487,54.47,,,,,,,,35,3,4-Seam Fastball,5,3,5,3,3,5,5,3,Infield shade,Standard,216,0.001,0.026,,,,,-0.026,,2,2,0.756,0.756,30,35,30,36,2,1,5,1,6,1,1.46,0.63,-0.63,40.6,,,,,
CH,2026-07-23,90.9,-1.13,5.48,"Canning, Griffin",573262,656288,,swinging_strike,,,,,14,,R,L,R,ATL,SD,S,,,0,1,2026,-1.13,0.17,0.1527318229383865,1.3916678884950766,,,,2,4,Bot,,,,,,,5.551064264266954,-132.3576129774168,-4.495349571298808,-14.431065423557246,25.75566251394468,-29.50959483145501,3.125221457,1.577214567,,,,90.3,1453,5.7,824893,666023,664034,630105,592518,593428,650859,687749,665487,54.81,,,,,,,,35,2,Changeup,5,3,5,3,3,5,5,3,Infield shade,Standard,243,-0.002,-0.062,72.3,8.1,0.711387288,,0.062,,2,2,0.758,0.758,30,35,30,36,2,1,5,1,6,1,2.57,1.13,-1.13,34.1,21.200172184024066,-13.960043582910604,33.776441717202886,31.953147414308077,42.22257303610394
KC,2026-07-23,82.5,-1.03,5.54,"Canning, Griffin",573262,656288,,called_strike,,,,,1,,R,L,R,ATL,SD,S,,,0,0,2026,0.74,-0.65,-0.7511180426638915,3.0783285024758738,,,,2,4,Bot,,,,,,,-0.8190012815324549,-120.1021925356178,2.322071427798181,7.31886711747835,22.77030998253757,-39.127998861134586,3.125221457,1.577214567,,,,81.7,2426,5.7,824893,666023,664034,630105,592518,593428,650859,687749,665487,54.8,,,,,,,,35,1,Knuckle Curve,5,3,5,3,3,5,5,3,Infield shade,Standard,38,-0.001,-0.044,,,,,0.044,,2,2,0.759,0.759,30,35,30,36,2,1,5,1,6,1,3.99,-0.74,0.74,40.0,,,,,
CH,2026-07-23,90.6,-0.91,5.54,"Canning, Griffin",642086,656288,home_run,hit_into_play,,,,,4,Dominic Smith homers (7) on a fly ball to right field. Michael Harris II scores. Mauricio Dubón scores.,R,L,R,ATL,SD,X,,fly_ball,1,1,2026,-1.15,0.07,-0.3168920965001229,2.5023712926885824,,671739,643289,2,4,Bot,221.69,71.42,,,,,3.908043482507942,-131.89461758901064,-1.6075781968412348,-14.272359377766517,27.66538202761722,-31.25808584552436,3.176123688,1.602903543,392,99.3,32,89.8,1574,5.7,824893,666023,664034,630105,592518,593428,650859,687749,665487,54.76,0.389,0.743,2.0,1,0,3,5,34,3,Changeup,2,3,2,3,3,5,5,3,Infield shade,Standard,241,0.341,1.676,70.5,7.3,,1.422,-1.676,99.3,-1,-1,0.418,0.418,30,31,30,31,2,1,5,1,6,1,2.7,1.15,-1.15,39.5,14.547884155989744,-12.733771728973569,31.095902135595733,36.707485089302615,45.76324635815429
CH,2026-07-23,90.1,-1.07,5.54,"Canning, Griffin",642086,656288,,foul,,,,,4,,R,L,R,ATL,SD,S,,,1,0,2026,-1.29,-0.19,-0.7923477841150727,2.1897256569360355,,671739,643289,2,4,Bot,,,,,,,3.4435735106384153,-131.1561181057464,-1.6999439046453646,-15.60571840767306,29.50339311354331,-34.1722682209812,3.176123688,1.602903543,1,49.6,-61,89.1,1749,5.8,824893,666023,664034,630105,592518,593428,650859,687749,665487,54.72,,,,,,,,34,2,Changeup,2,3,2,3,3,2,2,3,Infield shade,Standard,239,-0.007,-0.046,40.3,5.4,,,0.046,88.0,-1,-1,0.425,0.425,30,31,30,31,2,1,5,1,6,1,3.01,1.29,-1.29,36.9,13.52136813160439,45.19428627316921,23.46001920098332,42.98568112305315,15.872058489107715
CH,2026-07-23,90.3,-0.99,5.58,"Canning, Griffin",642086,656288,,ball,,,,,11,,R,L,R,ATL,SD,B,,,0,0,2026,-1.4,-0.09,-1.3362897665625295,2.8866686116394766,,671739,643289,2,4,Bot,,,,,,,2.1490108275700424,-131.37610882654243,-0.2996084040890223,-16.565366789027145,31.041050313654026,-33.40183217288981,3.176123688,1.602903543,,,,88.8,1646,5.6,824893,666023,664034,630105,592518,593428,650859,687749,665487,54.86,,,,,,,,34,1,Changeup,2,3,2,3,3,2,2,3,Infield shade,Standard,238,0.004,0.03,,,,,-0.03,,-1,-1,0.421,0.421,30,31,30,31,2,1,5,1,6,1,2.92,1.4,-1.4,36.3,,,,,
SI,2026-07-23,94.4,-0.67,5.55,"Canning, Griffin",663586,656288,strikeout,called_strike,,,,,6,Austin Riley called out on strikes.,R,R,R,ATL,SD,S,2,,3,2,2026,-1.25,0.39,0.6219858632988515,2.450772753804217,,671739,643289,1,4,Bot,,,,,,,6.082536141556046,-137.2770419045645,-2.9943598693439517,-17.208242948721004,31.82020765331473,-26.774885387770052,3.273540026,1.652066929,,,,93.3,2196,5.8,824893,666023,664034,630105,592518,593428,650859,687749,665487,54.69,,0.0,0.0,1,0,0,,33,7,Sinker,2,3,2,3,3,2,2,3,Standard,Standard,221,-0.073,-0.317,,,,,0.317,,-1,-1,0.494,0.494,30,29,30,29,2,1,5,1,6,1,2.18,1.25,1.25,37.1,,,,,
FF,2026-07-23,94.6,-0.7,5.58,"Canning, Griffin",663586,656288,,ball,,,,,12,,R,R,R,ATL,SD,B,,,2,2,2026,-0.63,1.22,0.0716910706345927,3.6939990727687744,,671739,643289,1,4,Bot,,,,,,,3.4073955129741083,-137.7751608464544,-1.8544327643152092,-8.826678143142695,31.21283976998503,-16.402005493632522,3.273540026,1.652066929,,,,93.9,2246,5.9,824893,666023,664034,630105,592518,593428,650859,687749,665487,54.63,,,,,,,,33,6,4-Seam Fastball,2,3,2,3,3,2,2,3,Infield shade,Standard,213,0.021,0.096,,,,,-0.096,,-1,-1,0.473,0.473,30,29,30,29,2,1,5,1,6,1,1.32,0.63,0.63,40.5,,,,,
FF,2026-07-23,95.3,-0.68,5.68,"Canning, Griffin",663586,656288,,foul,,,,,2,,R,R,R,ATL,SD,S,,,2,2,2026,-0.53,1.18,-0.0897602736776063,3.261750678212409,,671739,643289,1,4,Bot,,,,,,,2.727190250529669,-138.8470302997016,-3.273181287003382,-7.497070134800115,28.81810233995917,-16.335625677167734,3.273540026,1.652066929,245,78.0,40,95.3,2085,6.0,824893,666023,664034,630105,592518,593428,650859,687749,665487,54.45,,,,,,,,33,5,4-Seam Fastball,2,3,2,3,3,2,2,3,Standard,Standard,212,0.0,0.0,63.0,5.8,,,0.0,88.0,-1,-1,0.473,0.473,30,29,30,29,2,1,5,1,6,1,1.31,0.53,0.53,41.7,2.3715996802142283,27.959258000993408,33.24966817021177,37.18513450125547,17.344053522735322
KC,2026-07-23,82.7,-0.93,5.52,"Canning, Griffin",663586,656288,,foul,,,,,9,,R,R,R,ATL,SD,S,,,2,1,2026,1.09,-0.54,0.7227964388257666,2.001109135221354,,671739,643289,1,4,Bot,,,,,,,1.549133011497417,-120.55475018680954,-0.3231080180564469,10.388322661240656,21.56328976508136,-37.65870218136713,3.273540026,1.652066929,138,68.9,65,82.1,2642,5.6,824893,666023,664034,630105,592518,593428,650859,687749,665487,54.87,,,,,,,,33,4,Knuckle Curve,2,3,2,3,3,2,2,3,Standard,Standard,38,-0.017,-0.07,82.2,7.9,,,0.07,88.0,-1,-1,0.49,0.49,30,29,30,29,2,1,5,1,6,1,3.84,-1.09,-1.09,41.5,17.695309415002292,-5.079004742315109,30.518400896069743,46.78404935844023,42.87758195563361
SL,2026-07-23,89.4,-0.88,5.71,"Canning, Griffin",663586,656288,,ball,,,,,14,,R,R,R,ATL,SD,B,,,1,1,2026,0.04,-0.38,0.8018144531769044,1.3815701952583996,,671739,643289,1,4,Bot,,,,,,,3.9681127615612657,-130.29109479130435,-3.70638490208848,-0.2153207543490458,22.425859170432886,-36.124592079215354,3.273540026,1.652066929,,,,89.5,2918,5.8,824893,666023,664034,630105,592518,593428,650859,687749,665487,54.65,,,,,,,,33,3,Slider,2,3,2,3,3,2,2,3,Standard,Standard,32,0.011,0.059,,,,,-0.059,,-1,-1,0.479,0.479,30,29,30,29,2,1,5,1,6,1,3.18,-0.04,-0.04,41.8,,,,,
KC,2026-07-23,82.5,-0.98,5.48,"Canning, Griffin",663586,656288,,swinging_strike,,,,,14,,R,R,R,ATL,SD,S,,,1,0,2026,1.04,-0.71,1.2273808969545654,1.162278675419985,,671739,643289,1,4,Bot,,,,,,,2.8737387716397382,-120.1713197142432,-1.6550859511772655,9.465925731285186,23.9601122517533,-38.94273608861406,3.273540026,1.652066929,,,,81.7,2594,5.8,824893,666023,664034,630105,592518,593428,650859,687749,665487,54.75,,,,,,,,33,2,Knuckle Curve,2,3,2,3,3,2,2,3,Standard,Standard,31,-0.011,-0.053,75.3,9.0,13.545505872,,0.053,,-1,-1,0.49,0.49,30,29,30,29,2,1,5,1,6,1,4.06,-1.04,-1.04,35.2,28.28240055625486,-35.11614355545555,33.99133365320297,52.23329012029645,57.512287940193175
CH,2026-07-23,90.9,-0.95,5.49,"Canning, Griffin",663586,656288,,ball,,,,,14,,R,R,R,ATL,SD,B,,,0,0,2026,-1.15,0.38,0.9164505909516852,0.7875197568555721,,671739,643289,1,4,Bot,,,,,,,7.063099138672799,-132.16624785067486,-6.47766790403784,-14.97742413635441,24.908095228390614,-26.60304101482372,3.273540026,1.652066929,,,,90.7,1625,6.0,824893,666023,664034,630105,592518,593428,650859,687749,665487,54.54,,,,,,,,33,1,Changeup,2,3,2,3,3,2,2,3,Standard,Standard,236,0.008,0.04,,,,,-0.04,,-1,-1,0.482,0.482,30,29,30,29,2,1,5,1,6,1,2.36,1.15,1.15,35.5,,,,,
FC,2026-07-23,90.2,-0.92,5.6,"Canning, Griffin",643289,656288,catcher_interf,foul,,,,,11,Mauricio Dubón reaches on catcher interference by Freddy Fermin. Michael Harris II to 2nd. Mauricio Dubón to 1st.,R,R,R,ATL,SD,S,2,,0,0,2026,0.2,0.44,-0.6497897833209811,4.402874379124153,,,671739,1,4,Bot,,,,,,,0.220625792131741,-131.6541527534208,1.974187152970953,2.3499123496406504,20.963007964676844,-27.397051998005367,3.17085794,1.600246063,11,,,90.6,2367,5.8,824893,666023,664034,630105,592518,593428,650859,687749,665487,54.69,,,0.7,1,0,0,,32,1,Cutter,2,3,2,3,3,2,2,3,Standard,Standard,186,0.05,0.446,43.8,4.2,,,-0.446,,-1,-1,0.432,0.432,30,31,30,32,2,1,5,1,6,1,2.29,-0.2,-0.2,38.8,-12.143325778686323,54.26104620819561,19.887684450937947,27.453483376224945,3.0492058195025757
KC,2026-07-23,82.6,-1.16,5.45,"Canning, Griffin",671739,656288,single,hit_into_play,,,,,6,Michael Harris II singles on a ground ball to right fielder Fernando Tatis Jr.,R,L,R,ATL,SD,X,9,ground_ball,3,1,2026,1.43,-0.17,0.3227286996398106,2.3660210631100917,,,,1,4,Bot,166.75,133.61,,,,,0.5062362886407512,-120.3746261449032,-0.0458620071160627,13.843917189840129,21.970833497617793,-34.05776956238014,3.181389436,1.605561024,103,91.7,6,82.0,2677,5.6,824893,666023,664034,630105,592518,593428,650859,687749,665487,54.85,0.471,0.429,0.9,1,1,0,4,31,5,Knuckle Curve,2,3,2,3,3,2,2,3,Infield shade,Standard,39,0.02,0.241,77.3,8.0,,0.533,-0.241,91.7,-1,-1,0.412,0.412,30,25,30,25,2,1,5,1,6,1,3.49,-1.43,1.43,34.1,8.025505236911597,-0.20102859501935,30.09863335309597,34.5051566067866,36.13691911817641
FF,2026-07-23,94.2,-0.9,5.53,"Canning, Griffin",671739,656288,,called_strike,,,,,4,,R,L,R,ATL,SD,S,,,3,0,2026,-0.76,1.3,-0.358777230942286,2.4892978176519365,,,,1,4,Bot,,,,,,,3.0952007978488503,-137.21702007146249,-4.963198289597622,-10.34775790315858,28.196362851143885,-14.834376665136755,3.181389436,1.605561024,,,,94.0,2212,6.0,824893,666023,664034,630105,592518,593428,650859,687749,665487,54.52,,,,,,,,31,4,4-Seam Fastball,2,3,2,3,3,2,2,3,Infield shade,Standard,217,-0.006,-0.079,,,,,0.079,,-1,-1,0.418,0.418,30,25,30,25,2,1,5,1,6,1,1.25,0.76,-0.76,40.1,,,,,
SL,2026-07-23,88.8,-1.02,5.67,"Canning, Griffin",671739,656288,,ball,,,,,14,,R,L,R,ATL,SD,B,,,2,0,2026,-0.04,-0.37,0.3388992088554001,1.3266703355465048,,,,1,4,Bot,,,,,,,3.322239797452931,-129.40165010326473,-3.640948108806594,-1.026348513230877,23.131335792117657,-35.85607143945713,3.181389436,1.605561024,,,,88.5,2833,5.7,824893,666023,664034,630105,592518,593428,650859,687749,665487,54.78,,,,,,,,31,3,Slider,2,3,2,3,3,2,2,3,Infield shade,Standard,14,0.01,0.138,,,,,-0.138,,-1,-1,0.408,0.408,30,25,30,25,2,1,5,1,6,1,3.21,0.04,-0.04,46.0,,,,,
CH,2026-07-23,90.3,-0.93,5.43,"Canning, Griffin",671739,656288,,ball,,,,,14,,R,L,R,ATL,SD,B,,,1,0,2026,-1.47,-0.05,0.2150862107914466,1.1396414967882578,,,,1,4,Bot,,,,,,,5.949444436758817,-131.3744548364358,-4.376106635795804,-18.33744201964535,26.63802908005817,-32.07344660859015,3.181389436,1.605561024,,,,89.8,1598,5.9,824893,666023,664034,630105,592518,593428,650859,687749,665487,54.58,,,,,,,,31,2,Changeup,2,3,2,3,3,2,2,3,Infield shade,Standard,247,0.007,0.076,,,,,-0.076,,-1,-1,0.401,0.401,30,25,30,25,2,1,5,1,6,1,2.84,1.47,-1.47,35.5,,,,,
CH,2026-07-23,90.3,-0.97,5.46,"Canning, Griffin",671739,656288,,ball,,,,,13,,R,L,R,ATL,SD,B,,,0,0,2026,-1.73,-0.25,-0.525729441945902,0.0915731669937591,,,,1,4,Bot,,,,,,,4.783100480745771,-131.2628862442035,-6.437107045388728,-20.971619245541277,31.334279022882377,-33.7377244080216,3.181389436,1.605561024,,,,88.9,1675,5.8,824893,666023,664034,630105,592518,593428,650859,687749,665487,54.73,,,,,,,,31,1,Changeup,2,3,2,3,3,2,2,3,Infield shade,Standard,245,0.003,0.041,,,,,-0.041,,-1,-1,0.398,0.398,30,25,30,25,2,1,5,1,6,1,3.08,1.73,-1.73,32.8,,,,,
FC,2026-07-23,91.1,-0.9,5.65,"Canning, Griffin",621566,656288,field_out,hit_into_play,,,,,12,Matt Olson pops out to third baseman Manny Machado.,R,L,R,ATL,SD,X,5,popup,0,1,2026,-0.06,0.84,0.8517679636837975,3.056986011048215,,,,0,4,Bot,94.21,137.18,,,,,4.4290770950970035,-132.73409273003193,-2.2881566524423596,-1.6150067112156088,27.13851697553936,-21.98284214363096,3.37183399,1.701673228,177,71.2,55,90.7,2397,5.9,824893,666023,664034,630105,592518,593428,650859,687749,665487,54.65,0.06,0.054,0.0,1,0,0,3,30,2,Cutter,2,3,2,3,3,2,2,3,Infield shade,Strategic,217,-0.025,-0.218,71.2,7.0,,0.068,0.218,88.0,-1,-1,0.423,0.423,30,32,30,32,1,1,5,1,6,1,1.89,0.06,-0.06,40.2,9.0854023416986,-0.3693400863294228,32.10869833810915,29.501775649215105,32.12038045539103
KC,2026-07-23,81.6,-1.11,5.5,"Canning, Griffin",621566,656288,,called_strike,,,,,14,,R,L,R,ATL,SD,S,,,0,0,2026,1.23,-0.35,0.3372735572170628,1.5077026074238216,,,,0,4,Bot,,,,,,,0.7830090664737632,-118.66381957743528,-1.3082900511351918,11.26847634208556,28.00393291384719,-35.35174481227192,3.37183399,1.701673228,,,,80.2,2401,5.9,824893,666023,664034,630105,592518,593428,650859,687749,665487,54.6,,,,,,,,30,1,Knuckle Curve,2,3,2,3,3,2,2,3,Infield shade,Standard,43,-0.005,-0.042,,,,,0.042,,-1,-1,0.428,0.428,30,32,30,32,1,1,5,1,6,1,3.84,-1.23,1.23,35.4,,,,,
SI,2026-07-23,93.7,-0.87,5.49,"Canning, Griffin",645277,656288,home_run,hit_into_play,,,,,2,Ozzie Albies homers (16) on a fly ball to right center field.,R,L,R,ATL,SD,X,,fly_ball,1,2,2026,-1.29,0.66,-0.2356909744368498,2.890486256613767,,,,0,4,Bot,189.82,51.21,,,,,4.492050957770235,-136.52452225994253,-2.335397568872355,-17.110163521679027,27.758192618204976,-23.54307095300946,2.984801509,1.506348425,398,99.6,33,93.6,2089,6.0,824893,666023,664034,630105,592518,593428,650859,687749,665487,54.51,0.377,0.729,2.0,1,0,3,6,29,4,Sinker,1,3,1,3,3,2,2,3,Infield shade,Standard,230,0.126,1.188,63.9,6.8,,1.412,-1.188,99.6,-2,-2,0.302,0.302,30,29,30,29,1,1,5,1,6,1,1.91,1.29,-1.29,34.4,15.148461077432415,-6.812518382582023,30.92627842153442,33.19251890012562,38.99409377850806
SL,2026-07-23,88.3,-1.02,5.74,"Canning, Griffin",645277,656288,,foul,,,,,1,,R,L,R,ATL,SD,S,,,1,1,2026,0.02,-0.51,-0.5115614884334216,2.679207251621733,,,,0,4,Bot,,,,,,,1.1720157707441812,-128.76888003640642,-0.1848183464721453,0.0415100748650355,23.258932136108346,-38.10360384364368,2.984801509,1.506348425,201,71.6,42,88.3,2778,5.9,824893,666023,664034,630105,592518,593428,650859,687749,665487,54.63,,,,,,,,29,3,Slider,1,3,1,3,3,1,1,3,Infield shade,Standard,34,-0.008,-0.061,63.7,6.0,,,0.061,88.0,-2,-2,0.31,0.31,30,29,30,29,1,1,5,1,6,1,3.39,-0.02,0.02,39.5,-1.2623230627539077,20.48843917742393,28.459519500724102,35.71446810900943,26.040092706595985
CH,2026-07-23,89.4,-1.22,5.47,"Canning, Griffin",645277,656288,,ball,,,,,13,,R,L,R,ATL,SD,B,,,0,1,2026,-1.3,-0.12,-1.501155259816607,1.6902959852995356,,,,0,4,Bot,,,,,,,2.090161550641083,-130.2968972455839,-2.882723263053903,-15.345081927835675,25.003307093867775,-33.1808633799711,2.984801509,1.506348425,,,,89.2,1659,5.9,824893,666023,664034,630105,592518,593428,650859,687749,665487,54.62,,,,,,,,29,2,Changeup,1,3,1,3,3,1,1,3,Infield shade,Standard,247,0.003,0.03,,,,,-0.03,,-2,-2,0.307,0.307,30,29,30,29,1,1,5,1,6,1,2.94,1.3,-1.3,32.5,,,,,
SL,2026-07-23,87.5,-1.04,5.68,"Canning, Griffin",645277,656288,,swinging_strike,,,,,13,,R,L,R,ATL,SD,S,,,0,0,2026,-0.29,-0.33,-0.1922976290868908,0.5023058039019714,,,,0,4,Bot,,,,,,,2.6261932172104094,-127.54313294276665,-5.4799349942998745,-3.687193523895665,21.351687973497903,-35.117339512719205,2.984801509,1.506348425,,,,87.7,2842,5.9,824893,666023,664034,630105,592518,593428,650859,687749,665487,54.61,,,,,,,,29,1,Slider,1,3,1,3,3,1,1,3,Infield shade,Standard,12,-0.004,-0.042,66.1,8.2,5.126443968,,0.042,,-2,-2,0.311,0.311,30,29,30,29,1,1,5,1,6,1,3.26,0.29,-0.29,44.2,27.24603538709063,-25.661062369158586,34.546270591617244,34.4413859636414,49.09555775144563
FF,2026-07-23,96.3,3.04,4.87,"Sale, Chris",630105,519242,field_out,hit_into_play,,,,,5,"Jake Cronenworth grounds out, pitcher Chris Sale to first baseman Matt Olson.",R,L,L,ATL,SD,X,1,ground_ball,1,2,2026,1.24,0.68,-0.0534647173183513,2.6784928728390316,,,,2,4,Top,130.09,185.53,,,,,-10.99046954206785,-139.9303377914589,-1.6531944816966089,18.68685503183544,29.237989645865955,-23.011734131602196,3.171735564,1.600688976,11,94.0,-13,96.9,2412,6.5,824893,686948,621566,645277,663586,805347,643289,671739,573262,53.96,0.149,0.134,0.0,1,0,0,2,28,5,4-Seam Fastball,1,3,3,1,3,1,3,1,Strategic,Standard,109,0.006,-0.18,67.7,6.8,,0.156,0.18,94.0,-2,2,0.305,0.695,37,32,37,32,2,1,6,1,6,1,1.77,1.24,1.24,9.9,-3.060488069140742,3.414205725501823,26.544880931767565,38.22424262918127,23.47747848206055
SL,2026-07-23,79.1,2.88,4.69,"Sale, Chris",630105,519242,,foul,,,,,13,,R,L,L,ATL,SD,S,,,1,2,2026,-1.01,-0.59,-1.3124204859570496,1.042673931026687,,,,2,4,Top,,,,,,,-7.100569572079074,-114.97504126279738,0.2147683897494801,-7.567517212345322,22.09150921670759,-37.643559078623504,3.171735564,1.600688976,2,67.7,-32,78.9,2554,6.3,824893,686948,621566,645277,663586,805347,643289,671739,573262,54.22,,,,,,,,28,4,Slider,1,3,3,1,3,1,3,1,Strategic,Standard,314,0.0,0.0,52.1,7.4,,,0.0,88.0,-2,2,0.305,0.695,37,32,37,32,2,1,6,1,6,1,4.25,-1.01,-1.01,9.5,10.684051220447444,-1.0018037053273074,23.72873103733026,52.556278690727865,32.31401016944345
FF,2026-07-23,97.7,2.99,4.87,"Sale, Chris",630105,519242,,swinging_strike,,,,,1,,R,L,L,ATL,SD,S,,,1,1,2026,1.12,0.94,-0.3076314157782291,3.2400067121233396,,,,2,4,Top,,,,,,,-11.428627755267437,-141.8495983619042,-0.933945116642266,17.723364879126468,32.1638333131601,-19.415453740096297,3.171735564,1.600688976,,,,98.0,2441,6.6,824893,686948,621566,645277,663586,805347,643289,671739,573262,53.92,,,,,,,,28,3,4-Seam Fastball,1,3,3,1,3,1,3,1,Strategic,Standard,113,0.003,-0.065,66.8,6.2,0.901476696,,0.065,,-2,2,0.302,0.698,37,32,37,32,2,1,6,1,6,1,1.45,1.12,1.12,7.2,-4.431987094884465,24.699913483568075,18.75272347505276,41.78132295980115,13.50420924586338
SL,2026-07-23,81.4,2.92,4.86,"Sale, Chris",630105,519242,,ball,,,,,13,,R,L,L,ATL,SD,B,,,0,1,2026,-1.02,-0.49,-0.9215798064368343,1.6854126528116282,,,,2,4,Top,,,,,,,-6.512359642205757,-118.3654320571148,0.6842291549675039,-8.287971978284501,23.684950042785843,-37.09366827272863,3.171735564,1.600688976,,,,81.2,2680,6.3,824893,686948,621566,645277,663586,805347,643289,671739,573262,54.19,,,,,,,,28,2,Slider,1,3,3,1,3,1,3,1,Strategic,Standard,307,-0.001,0.029,,,,,-0.029,,-2,2,0.303,0.697,37,32,37,32,2,1,6,1,6,1,3.94,-1.02,-1.02,11.3,,,,,
FF,2026-07-23,96.6,2.85,4.95,"Sale, Chris",630105,519242,,called_strike,,,,,4,,R,L,L,ATL,SD,S,,,0,0,2026,1.12,1.13,-0.7928850713143925,2.569827194951374,,,,2,4,Top,,,,,,,-12.224241599954835,-140.20059260485792,-3.201648410584643,17.58982520356391,32.1231967660381,-16.675274814928123,3.171735564,1.600688976,,,,96.9,2421,6.6,824893,686948,621566,645277,663586,805347,643289,671739,573262,53.89,,,,,,,,28,1,4-Seam Fastball,1,3,3,1,3,1,3,1,Strategic,Standard,111,0.001,-0.044,,,,,0.044,,-2,2,0.302,0.698,37,32,37,32,2,1,6,1,6,1,1.33,1.12,1.12,12.0,,,,,
SL,2026-07-23,80.8,2.9,4.88,"Sale, Chris",687749,519242,strikeout,swinging_strike,,,,,13,Jase Bowen strikes out swinging.,R,R,L,ATL,SD,S,2,,0,2,2026,-1.0,-0.35,-0.4156331722329294,1.0759463291512947,,,,1,4,Top,,,,,,,-5.346174951631731,-117.60326012750136,-0.8442033396060884,-8.071776756849845,24.485612048236263,-35.480451082250916,3.208595801,1.619291339,,,,80.3,2698,6.2,824893,686948,621566,645277,663586,805347,643289,671739,573262,54.33,,0.0,0.0,1,0,0,,27,3,Slider,1,3,3,1,3,1,3,1,Standard,Standard,304,0.008,-0.163,72.0,9.0,10.311968724,,0.163,,-2,2,0.294,0.706,37,25,37,26,2,1,6,1,6,1,3.87,-1.0,1.0,14.1,38.00451106414885,-45.610015889631214,36.20575379405285,33.60926216338364,59.91740940945898
FF,2026-07-23,93.8,3.05,4.88,"Sale, Chris",687749,519242,,foul,,,,,5,,R,R,L,ATL,SD,S,,,0,1,2026,1.26,0.8,-0.185589656977881,2.7083334337999956,,,,1,4,Top,,,,,,,-11.092105224732952,-136.19987032228002,-1.505986222099518,18.049886769356696,29.231122527450996,-22.024869112706348,3.208595801,1.619291339,146,75.2,69,94.1,2420,6.5,824893,686948,621566,645277,663586,805347,643289,671739,573262,53.99,,,,,,,,27,2,4-Seam Fastball,1,3,3,1,3,1,3,1,Standard,Standard,114,0.003,-0.058,72.3,7.4,,,0.058,88.0,-2,2,0.291,0.709,37,25,37,26,2,1,6,1,6,1,1.79,1.26,-1.26,10.6,24.12944660944927,12.085429482615268,33.89820459341958,34.69478382453545,27.19501805415116
FF,2026-07-23,95.3,3.08,5.04,"Sale, Chris",687749,519242,,swinging_strike,,,,,3,,R,R,L,ATL,SD,S,,,0,0,2026,1.23,0.77,0.593699377829727,3.206705783788479,,,,1,4,Top,,,,,,,-9.29198039312734,-138.54064858897067,-0.7844339837616824,17.903268243311487,30.09018913262628,-22.264137361421003,3.208595801,1.619291339,,,,95.7,2453,6.5,824893,686948,621566,645277,663586,805347,643289,671739,573262,54.02,,,,,,,,27,1,4-Seam Fastball,1,3,3,1,3,1,3,1,Standard,Standard,115,0.002,-0.041,69.3,7.3,0.775031196,,0.041,,-2,2,0.289,0.711,37,25,37,26,2,1,6,1,6,1,1.74,1.23,-1.23,14.7,17.078442795918154,18.972149686595177,29.279331458414312,45.02154419421677,19.98910472292126
FF,2026-07-23,96.2,2.99,5.01,"Sale, Chris",666023,519242,strikeout,swinging_strike,,,,,12,Freddy Fermin strikes out swinging.,R,R,L,ATL,SD,S,2,,1,2,2026,1.08,0.97,1.0598224934788576,2.7288613613755546,,,,0,4,Top,,,,,,,-7.578555209057025,-139.8991558024742,-2.5330661334678326,15.83193296478968,30.419446022247097,-19.084146708380455,3.105036089,1.567027559,,,,96.8,2364,6.6,824893,686948,621566,645277,663586,805347,643289,671739,573262,53.9,,0.0,0.0,1,0,0,,26,5,4-Seam Fastball,1,3,3,1,3,1,3,1,Standard,Standard,116,0.013,-0.186,67.6,6.6,0.1,,0.186,,-2,2,0.276,0.724,37,31,37,31,2,1,6,3,6,2,1.49,1.08,-1.08,12.9,-2.047675526910792,29.1707717664375,32.18764537520004,46.30314995070045,7.76303985515292
SL,2026-07-23,79.0,2.89,4.88,"Sale, Chris",666023,519242,,foul,,,,,7,,R,R,L,ATL,SD,S,,,1,2,2026,-1.31,-0.04,-0.3697597465925066,1.994037857290497,,,,0,4,Top,,,,,,,-4.545521066235851,-114.96969245461264,0.7949783253115501,-10.735605435789664,21.341223712944576,-32.867100201021536,3.105036089,1.567027559,59,83.0,2,79.2,2611,6.4,824893,686948,621566,645277,663586,805347,643289,671739,573262,54.1,,,,,,,,26,4,Slider,1,3,3,1,3,1,3,1,Standard,Standard,308,0.0,0.0,69.7,8.2,,,0.0,88.0,-2,2,0.276,0.724,37,31,37,31,2,1,6,3,6,2,3.69,-1.31,1.31,11.8,23.101792424176153,-24.704575194110497,34.13368520080204,33.507391540520416,49.45255635923807
SL,2026-07-23,77.2,2.84,4.79,"Sale, Chris",666023,519242,,ball,,,,,14,,R,R,L,ATL,SD,B,,,0,2,2026,-0.91,-0.37,1.6096730754030664,0.9875945444356558,,,,0,4,Top,,,,,,,-0.8996839656934945,-112.51522788814546,-0.2928036131688092,-7.595249469929705,19.29256404052881,-35.47395682086547,3.105036089,1.567027559,,,,77.4,2404,6.2,824893,686948,621566,645277,663586,805347,643289,671739,573262,54.28,,,,,,,,26,3,Slider,1,3,3,1,3,1,3,1,Standard,Standard,298,-0.002,0.022,,,,,-0.022,,-2,2,0.278,0.722,37,31,37,31,2,1,6,3,6,2,4.16,-0.91,0.91,10.9,,,,,
SL,2026-07-23,75.3,3.0,4.93,"Sale, Chris",666023,519242,,called_strike,,,,,9,,R,R,L,ATL,SD,S,,,0,1,2026,-1.07,-0.08,0.448933413404153,1.8937012516123533,,,,0,4,Top,,,,,,,-3.3006053368726467,-109.63697334235584,1.212871392276786,-7.990146150095033,20.127860460719234,-33.25754488188154,3.105036089,1.567027559,,,,75.3,2452,6.4,824893,686948,621566,645277,663586,805347,643289,671739,573262,54.15,,,,,,,,26,2,Slider,1,3,3,1,3,1,3,1,Standard,Standard,309,0.004,-0.053,,,,,0.053,,-2,2,0.274,0.726,37,31,37,31,2,1,6,3,6,2,4.11,-1.07,1.07,12.8,,,,,
FF,2026-07-23,93.8,2.95,4.96,"Sale, Chris",666023,519242,,foul,,,,,2,,R,R,L,ATL,SD,S,,,0,0,2026,1.45,0.77,-0.2679023043891981,3.019006294833411,,,,0,4,Top,,,,,,,-11.489133903693112,-136.17886780373792,-0.8835844713786918,20.483535476992607,27.24130007480769,-22.550787822458293,3.105036089,1.567027559,241,83.7,58,94.3,2289,6.5,824893,686948,621566,645277,663586,805347,643289,671739,573262,54.02,,,,,,,,26,1,4-Seam Fastball,1,3,3,1,3,1,3,1,Standard,Standard,116,0.003,-0.042,75.0,7.7,,,0.042,88.0,-2,2,0.271,0.729,37,31,37,31,2,1,6,3,6,2,1.81,1.45,-1.45,11.3,25.236634410484257,-18.230490030324276,31.070859201286723,32.38218015581442,40.22131371351155
CH,2026-07-23,90.2,-1.08,5.42,"Canning, Griffin",686948,656288,field_out,hit_into_play,,,,,13,"Drake Baldwin grounds out, pitcher Griffin Canning to first baseman Ty France.",R,L,R,ATL,SD,X,1,ground_ball,1,2,2026,-1.14,-0.05,-0.2607585144048778,0.8075304102486083,,,,2,3,Bot,127.67,181.9,,,,,4.437947486618814,-131.32510800771564,-5.175030286975607,-14.137530300356172,25.998579427817273,-31.892892969808432,3.205962927,1.617962598,6,88.2,-7,89.8,1480,5.9,824893,666023,664034,630105,592518,593428,650859,687749,665487,54.63,0.145,0.14,0.0,1,0,0,2,25,4,Changeup,1,3,1,3,3,1,1,3,Infield shade,Standard,245,-0.008,-0.18,65.3,8.0,,0.162,0.18,88.2,-2,-2,0.279,0.279,30,25,30,25,1,1,5,1,6,1,2.83,1.14,-1.14,33.5,-5.5220164817254025,8.587824776690319,42.88724671941602,42.76355970575186,16.90222722568111
SL,2026-07-23,89.0,-1.07,5.69,"Canning, Griffin",686948,656288,,ball,,,,,11,,R,L,R,ATL,SD,B,,,0,2,2026,0.15,-0.4,-0.9576553748904328,2.6240116293544102,,,,2,3,Bot,,,,,,,-0.0410297112212494,-129.67370530384468,-0.4848711215267071,1.7024877072686733,25.468353089885163,-36.79428987680093,3.205962927,1.617962598,,,,88.4,2910,5.7,824893,666023,664034,630105,592518,593428,650859,687749,665487,54.82,,,,,,,,25,3,Slider,1,3,1,3,3,1,1,3,Infield shade,Standard,55,0.001,0.026,,,,,-0.026,,-2,-2,0.278,0.278,30,25,30,25,1,1,5,1,6,1,3.25,-0.15,0.15,38.8,,,,,
FC,2026-07-23,92.2,-0.86,5.66,"Canning, Griffin",686948,656288,,called_strike,,,,,12,,R,L,R,ATL,SD,S,,,0,1,2026,0.22,0.83,0.3020510283165591,3.346789225938113,,,,2,3,Bot,,,,,,,2.4014008589940232,-134.36232062675896,-1.7831415050503514,2.265802874335733,25.1872805713904,-21.883523695352032,3.205962927,1.617962598,,,,91.9,2415,5.8,824893,666023,664034,630105,592518,593428,650859,687749,665487,54.75,,,,,,,,25,2,Cutter,1,3,1,3,3,1,1,3,Infield shade,Standard,203,-0.002,-0.062,,,,,0.062,,-2,-2,0.28,0.28,30,25,30,25,1,1,5,1,6,1,1.82,-0.22,0.22,39.3,,,,,
KC,2026-07-23,82.3,-1.21,5.57,"Canning, Griffin",686948,656288,,called_strike,,,,,4,,R,L,R,ATL,SD,S,,,0,0,2026,0.89,-0.53,-0.6886206168220715,2.715843789379193,,,,2,3,Bot,,,,,,,-0.5898752629195836,-119.93296047459734,1.2450420050315998,8.723462539489711,23.316948457564656,-37.71507376605392,3.205962927,1.617962598,,,,81.4,2679,5.6,824893,666023,664034,630105,592518,593428,650859,687749,665487,54.89,,,,,,,,25,1,Knuckle Curve,1,3,1,3,3,1,1,3,Infield shade,Standard,44,-0.002,-0.044,,,,,0.044,,-2,-2,0.282,0.282,30,25,30,25,1,1,5,1,6,1,3.88,-0.89,0.89,40.4,,,,,
CH,2026-07-23,91.2,-0.94,5.59,"Canning, Griffin",805347,656288,strikeout,swinging_strike_blocked,,,,,13,Jim Jarvis strikes out swinging.,R,L,R,ATL,SD,S,2,,1,2,2026,-0.99,-0.14,-0.1117333292869441,0.5352059310481585,,,,1,3,Bot,,,,,,,4.180543238646327,-132.72103986050956,-6.259567543438733,-12.64475449674018,25.33078469175521,-32.777545841940146,3.091871719,1.560383858,,,,90.7,1649,5.7,824893,666023,664034,630105,592518,593428,650859,687749,665487,54.78,,0.0,0.0,1,0,0,,24,5,Changeup,1,3,1,3,3,1,1,3,Infield shade,Standard,240,-0.013,-0.183,70.3,8.3,1.690638408,,0.183,,-2,-2,0.295,0.295,30,25,30,26,1,0,5,1,6,1,2.85,0.99,-0.99,36.4,9.5200877754523,-13.242946066778735,37.14489155692695,36.101781196469986,31.45228231535264
SL,2026-07-23,89.0,-1.14,5.65,"Canning, Griffin",805347,656288,,foul,,,,,8,,R,L,R,ATL,SD,S,,,1,2,2026,-0.01,-0.05,-0.2331470017383168,1.8553182103722976,,,,1,3,Bot,,,,,,,2.18829023242784,-129.83257229671,-3.0604726062128673,-0.4869405395368866,22.554640483524373,-32.41486667259397,3.091871719,1.560383858,2,76.5,-51,88.9,2817,5.7,824893,666023,664034,630105,592518,593428,650859,687749,665487,54.79,,,,,,,,24,4,Slider,1,3,1,3,3,1,1,3,Infield shade,Standard,30,0.0,0.0,74.1,7.4,,,0.0,88.0,-2,-2,0.295,0.295,30,25,30,26,1,0,5,1,6,1,2.88,0.01,-0.01,40.8,-0.3389364135794375,-0.1944865450508412,28.654135538119416,37.81725927167941,27.63800908156432
FF,2026-07-23,95.2,-0.82,5.7,"Canning, Griffin",805347,656288,,ball,,,,,11,,R,L,R,ATL,SD,B,,,0,2,2026,-0.56,1.15,-0.4925809666794497,4.079870553129107,,,,1,3,Bot,,,,,,,2.1138158391947313,-138.580396033117,-1.0669974161108742,-7.64154171360787,32.991901324803344,-17.350926341284765,3.091871719,1.560383858,,,,94.4,2197,5.9,824893,666023,664034,630105,592518,593428,650859,687749,665487,54.56,,,,,,,,24,3,4-Seam Fastball,1,3,1,3,3,1,1,3,Infield shade,Standard,223,0.002,0.019,,,,,-0.019,,-2,-2,0.293,0.293,30,25,30,26,1,0,5,1,6,1,1.37,0.56,-0.56,40.1,,,,,
CH,2026-07-23,90.1,-1.12,5.51,"Canning, Griffin",805347,656288,,foul,,,,,13,,R,L,R,ATL,SD,S,,,0,1,2026,-1.27,0.02,-0.8754772120804182,1.650902064520317,,,,1,3,Bot,,,,,,,3.3112310433868712,-131.2262393074881,-3.4539869471959204,-15.424580976915838,26.597734196221,-31.46390927976385,3.091871719,1.560383858,1,70.5,-70,89.4,1651,5.7,824893,666023,664034,630105,592518,593428,650859,687749,665487,54.78,,,,,,,,24,2,Changeup,1,3,1,3,3,1,1,3,Infield shade,Standard,244,-0.005,-0.058,65.5,7.7,,,0.058,88.0,-2,-2,0.298,0.298,30,25,30,26,1,0,5,1,6,1,2.77,1.27,-1.27,33.7,12.5301608305734,4.910355118676536,24.948152755364344,45.86210771628561,24.78173118595697
KC,2026-07-23,82.4,-1.15,5.52,"Canning, Griffin",805347,656288,,called_strike,,,,,9,,R,L,R,ATL,SD,S,,,0,0,2026,1.09,-0.31,0.6714293907394848,1.6693688299820355,,,,1,3,Bot,,,,,,,1.9137902501256336,-120.1352715701821,-1.4450693440722568,10.242496734878848,21.80136529228277,-35.158139228253035,3.091871719,1.560383858,,,,81.9,2699,5.7,824893,666023,664034,630105,592518,593428,650859,687749,665487,54.81,,,,,,,,24,1,Knuckle Curve,1,3,1,3,3,1,1,3,Infield shade,Standard,36,-0.003,-0.041,,,,,0.041,,-2,-2,0.301,0.301,30,25,30,26,1,0,5,1,6,1,3.64,-1.09,1.09,35.8,,,,,
SL,2026-07-23,88.8,-0.99,5.71,"Canning, Griffin",573262,656288,strikeout,swinging_strike,,,,,14,Mike Yastrzemski strikes out swinging.,R,L,R,ATL,SD,S,2,,2,2,2026,0.0,-0.42,0.2805240361820059,1.405105942472391,,,,0,3,Bot,,,,,,,3.0536559031952177,-129.3850507750426,-3.423777480962703,-0.5929099882067603,23.404284760750222,-36.51349206604917,3.125221457,1.577214567,,,,88.7,2941,5.9,824893,666023,664034,630105,592518,593428,650859,687749,665487,54.63,,0.0,0.0,1,0,0,,23,6,Slider,1,3,1,3,3,1,1,3,Infield shade,Standard,44,-0.023,-0.233,75.3,8.3,2.131864224,,0.233,,-2,-2,0.324,0.324,30,35,30,36,1,0,5,1,6,1,3.27,0.0,0.0,40.2,19.563464326543013,-23.400582693201677,26.981505058715527,31.048076637193347,44.934570522936454
FF,2026-07-23,94.4,-0.93,5.54,"Canning, Griffin",573262,656288,,foul,,,,,5,,R,L,R,ATL,SD,S,,,2,2,2026,-0.67,1.27,-0.1800564194707645,2.485618223310875,,,,0,3,Bot,,,,,,,3.4203779769889393,-137.5296709387913,-4.944924067404468,-9.231372437814018,28.33604595421507,-15.182521358641324,3.125221457,1.577214567,157,79.4,13,94.2,2246,6.0,824893,666023,664034,630105,592518,593428,650859,687749,665487,54.54,,,,,,,,23,5,4-Seam Fastball,1,3,1,3,3,1,1,3,Infield shade,Standard,218,0.0,0.0,72.5,7.5,,,0.0,88.0,-2,-2,0.324,0.324,30,35,30,36,1,0,5,1,6,1,1.27,0.67,-0.67,35.5,6.759429757564399,4.191773431720045,29.94618708757733,35.41571485313839,25.014456327395
FF,2026-07-23,94.5,-0.87,5.68,"Canning, Griffin",573262,656288,,ball,,,,,11,,R,L,R,ATL,SD,B,,,1,2,2026,-0.63,1.22,-1.0622281273593546,4.761238590264016,,,,0,3,Bot,,,,,,,0.9195938803542963,-137.80497942242286,0.5876309539270616,-8.217564558493583,28.41295611012029,-16.828285476625773,3.125221457,1.577214567,,,,94.8,2253,6.2,824893,666023,664034,630105,592518,593428,650859,687749,665487,54.33,,,,,,,,23,4,4-Seam Fastball,1,3,1,3,3,1,1,3,Infield shade,Standard,216,0.004,0.046,,,,,-0.046,,-2,-2,0.32,0.32,30,35,30,36,1,0,5,1,6,1,1.3,0.63,-0.63,38.0,,,,,
FC,2026-07-23,90.9,-1.04,5.62,"Canning, Griffin",573262,656288,,called_strike,,,,,4,,R,L,R,ATL,SD,S,,,1,1,2026,0.15,0.82,-0.2794155827070183,2.383101078326132,,,,0,3,Bot,,,,,,,1.5314704073791248,-132.63453684248051,-3.8894827077347345,1.5595351519244771,22.393021669865934,-21.88984442406452,3.125221457,1.577214567,,,,90.8,2490,5.6,824893,666023,664034,630105,592518,593428,650859,687749,665487,54.86,,,,,,,,23,3,Cutter,1,3,1,3,3,1,1,3,Infield shade,Standard,212,-0.007,-0.061,,,,,0.061,,-2,-2,0.327,0.327,30,35,30,36,1,0,5,1,6,1,1.88,-0.15,0.15,40.5,,,,,
CH,2026-07-23,90.2,-1.05,5.56,"Canning, Griffin",573262,656288,,ball,,,,,13,,R,L,R,ATL,SD,B,,,0,1,2026,-1.31,0.02,-0.3423256566549255,1.371258114217003,,,,0,3,Bot,,,,,,,4.530799165422931,-131.26223271544487,-4.247524478551108,-16.167084835429964,26.611634688515142,-31.279618666744277,3.125221457,1.577214567,,,,89.5,1668,5.8,824893,666023,664034,630105,592518,593428,650859,687749,665487,54.74,,,,,,,,23,2,Changeup,1,3,1,3,3,1,1,3,Infield shade,Standard,246,0.003,0.03,,,,,-0.03,,-2,-2,0.324,0.324,30,35,30,36,1,0,5,1,6,1,2.77,1.31,-1.31,33.7,,,,,
FF,2026-07-23,92.3,-1.24,5.47,"Canning, Griffin",573262,656288,,called_strike,,,,,1,,R,L,R,ATL,SD,S,,,0,0,2026,-0.65,1.19,-0.696155711814473,2.9541994475478903,,,,0,3,Bot,,,,,,,2.786700904488732,-134.41950804535486,-3.049702543159292,-8.508201633239535,27.616935925623384,-17.22022726038093,3.125221457,1.577214567,,,,92.0,2191,5.9,824893,666023,664034,630105,592518,593428,650859,687749,665487,54.56,,,,,,,,23,1,4-Seam Fastball,1,3,1,3,3,1,1,3,Infield shade,Standard,216,-0.004,-0.042,,,,,0.042,,-2,-2,0.328,0.328,30,35,30,36,1,0,5,1,6,1,1.47,0.65,-0.65,38.1,,,,,
SL,2026-07-23,82.8,2.9,4.87,"Sale, Chris",657757,519242,field_out,hit_into_play,,,,,14,Gavin Sheets pops out to third baseman Austin Riley.,R,L,L,ATL,SD,X,5,popup,1,2,2026,-0.73,-0.26,0.12762432407578,1.465834637060582,,,,2,3,Top,122.22,188.38,,,,,-4.795594699096934,-120.54533429269196,-0.5685554946759458,-6.153102668345912,23.36236868815978,-34.80417203857895,3.350770997,1.691043307,137,60.5,58,82.9,2558,6.3,824893,686948,621566,645277,663586,805347,643289,671739,573262,54.21,0.003,0.003,0.0,1,0,0,3,22,4,Slider,1,3,3,1,3,1,3,1,Strategic,Standard,317,0.006,-0.18,69.4,8.6,,0.003,0.18,88.0,-2,2,0.322,0.678,37,30,37,30,2,1,6,1,6,1,3.58,-0.73,-0.73,12.5,17.406487580963155,-25.410055275622707,38.106977275872346,35.75638539546599,46.72076068473747
FF,2026-07-23,96.4,2.99,4.91,"Sale, Chris",657757,519242,,foul,,,,,6,,R,L,L,ATL,SD,S,,,1,1,2026,1.31,0.85,0.5954817974312856,2.6848181764071057,,,,2,3,Top,,,,,,,-9.336791059904836,-140.0485903020678,-2.070819979662576,19.390367528130696,33.59553183744743,-20.796010025581747,3.350770997,1.691043307,,,,96.3,2416,6.5,824893,686948,621566,645277,663586,805347,643289,671739,573262,54.01,,,,,,,,22,3,4-Seam Fastball,1,3,3,1,3,1,3,1,Strategic,Standard,112,0.003,-0.065,75.1,7.3,,,0.065,,-2,2,0.319,0.681,37,30,37,30,2,1,6,1,6,1,1.63,1.31,1.31,9.5,3.3873758365143125,-0.2145997413471967,28.029344100260744,33.44581778722908,26.07184215509116
FF,2026-07-23,97.1,2.96,4.9,"Sale, Chris",657757,519242,,called_strike,,,,,4,,R,L,L,ATL,SD,S,,,1,0,2026,1.27,0.9,-0.7355730813605801,2.4621067255529336,,,,2,3,Top,,,,,,,-12.704283247700518,-140.740949285267,-2.8380899211087307,19.868251660227273,34.053197308128404,-19.717283344851054,3.350770997,1.691043307,,,,96.8,2521,6.5,824893,686948,621566,645277,663586,805347,643289,671739,573262,54.04,,,,,,,,22,2,4-Seam Fastball,1,3,3,1,3,1,3,1,Strategic,Standard,118,0.001,-0.056,,,,,0.056,,-2,2,0.318,0.682,37,30,37,30,2,1,6,1,6,1,1.55,1.27,1.27,9.2,,,,,
SI,2026-07-23,95.4,2.93,4.85,"Sale, Chris",657757,519242,,ball,,,,,12,,R,L,L,ATL,SD,B,,,0,0,2026,1.54,0.27,1.022848153533919,2.7612501324666447,,,,2,3,Top,,,,,,,-8.522070035223093,-138.69111941868715,-0.304229627658993,21.778159985377226,31.021675920072735,-28.799791702838007,3.350770997,1.691043307,,,,95.8,2144,6.6,824893,686948,621566,645277,663586,805347,643289,671739,573262,53.92,,,,,,,,22,1,Sinker,1,3,3,1,3,1,3,1,Strategic,Standard,119,-0.001,0.041,,,,,-0.041,,-2,2,0.319,0.681,37,30,37,30,2,1,6,1,6,1,2.24,1.54,1.54,11.4,,,,,
CH,2026-07-23,88.5,3.01,4.58,"Sale, Chris",593428,519242,field_out,hit_into_play,,,,,8,"Xander Bogaerts grounds out, second baseman Ozzie Albies to first baseman Matt Olson.",R,R,L,ATL,SD,X,4,ground_ball,2,2,2026,1.43,0.16,0.0815739371984491,2.0795799501037804,,,,1,3,Top,143.4,145.59,,,,,-10.144108089429688,-128.53878660220855,-0.1979151895645226,17.878491922349877,24.771203376240667,-30.579845727933137,3.284949147,1.657824803,16,92.0,-7,89.3,1759,6.7,824893,686948,621566,645277,663586,805347,643289,671739,573262,53.76,0.207,0.186,0.0,1,0,0,2,21,5,Changeup,1,3,3,1,3,1,3,1,Standard,Standard,101,0.011,-0.235,71.3,6.6,,0.225,0.235,92.0,-2,2,0.308,0.692,37,33,37,34,2,1,6,1,6,1,2.75,1.43,-1.43,8.3,-7.2958771173328465,17.06064195534458,33.01036788221735,39.131937311101495,20.289351510757953
SL,2026-07-23,81.7,2.89,4.8,"Sale, Chris",593428,519242,,ball,,,,,14,,R,R,L,ATL,SD,B,,,1,2,2026,-1.2,-0.45,0.2309558608673796,1.059327485219825,,,,1,3,Top,,,,,,,-3.574565242722103,-118.95107382626128,-0.731540277933252,-10.65734896146848,23.27314916429151,-36.51071782508364,3.284949147,1.657824803,,,,81.9,2665,6.5,824893,686948,621566,645277,663586,805347,643289,671739,573262,54.04,,,,,,,,21,4,Slider,1,3,3,1,3,1,3,1,Standard,Standard,309,-0.002,0.052,,,,,-0.052,,-2,2,0.31,0.69,37,33,37,34,2,1,6,1,6,1,3.87,-1.2,1.2,9.8,,,,,
CH,2026-07-23,89.1,3.06,4.71,"Sale, Chris",593428,519242,,swinging_strike,,,,,14,,R,R,L,ATL,SD,S,,,1,1,2026,1.38,0.14,1.4420299197944686,1.960203917553467,,,,1,3,Top,,,,,,,-6.906101420499305,-129.72656679799118,-0.8916211449493769,16.997423427683568,24.48065832241199,-30.56376495489755,3.284949147,1.657824803,,,,89.9,1928,6.5,824893,686948,621566,645277,663586,805347,643289,671739,573262,53.99,,,,,,,,21,3,Changeup,1,3,3,1,3,1,3,1,Standard,Standard,98,0.003,-0.071,36.7,6.0,7.554925596,,0.071,,-2,2,0.307,0.693,37,33,37,34,2,1,6,1,6,1,2.7,1.38,-1.38,6.3,-11.143558150279231,37.069550305405535,32.59745578183339,55.02452364279384,4.474885254130124
CH,2026-07-23,87.2,2.93,4.65,"Sale, Chris",593428,519242,,swinging_strike,,,,,14,,R,R,L,ATL,SD,S,,,1,0,2026,1.43,0.31,0.0436868629316657,1.4192696608826476,,,,1,3,Top,,,,,,,-9.869794601517476,-126.69390015771032,-2.078731604193175,17.307229960828057,23.82507775136693,-28.56345687821039,3.284949147,1.657824803,,,,87.8,1908,6.6,824893,686948,621566,645277,663586,805347,643289,671739,573262,53.91,,,,,,,,21,2,Changeup,1,3,3,1,3,1,3,1,Standard,Standard,100,0.003,-0.049,75.1,8.5,2.17088538,,0.049,,-2,2,0.304,0.696,37,33,37,34,2,1,6,1,6,1,2.67,1.43,-1.43,7.2,25.118020554460504,-30.470616768987195,36.72575745245182,38.96963808341535,48.025032109598136
FF,2026-07-23,96.8,3.08,4.79,"Sale, Chris",593428,519242,,ball,,,,,13,,R,R,L,ATL,SD,B,,,0,0,2026,1.32,0.92,-1.2808927003638215,2.0590309008090504,,,,1,3,Top,,,,,,,-14.556129715555596,-140.21269242922955,-3.6676933512490697,20.55964377639857,30.124465832073568,-19.257549850078583,3.284949147,1.657824803,,,,97.1,2477,6.6,824893,686948,621566,645277,663586,805347,643289,671739,573262,53.92,,,,,,,,21,1,4-Seam Fastball,1,3,3,1,3,1,3,1,Standard,Standard,110,-0.002,0.041,,,,,-0.041,,-2,2,0.306,0.694,37,33,37,34,2,1,6,1,6,1,1.52,1.32,-1.32,8.9,,,,,
FF,2026-07-23,95.3,2.89,4.92,"Sale, Chris",664034,519242,strikeout,swinging_strike,,,,,12,Ty France strikes out swinging.,R,R,L,ATL,SD,S,2,,2,2,2026,1.23,0.96,0.6186888344954435,3.564533584801967,,,,0,3,Top,,,,,,,-8.749342584641852,-138.53987156458592,0.0282354363842518,17.810084634326884,29.55414982170476,-20.027821138805944,3.10328084,1.566141732,,,,95.8,2432,6.6,824893,686948,621566,645277,663586,805347,643289,671739,573262,53.95,,0.0,0.0,1,0,0,,20,8,4-Seam Fastball,1,3,3,1,3,1,3,1,Standard,Standard,112,0.015,-0.233,63.7,5.7,0.1,,0.233,,-2,2,0.291,0.709,37,31,37,32,2,1,6,1,6,1,1.55,1.23,-1.23,11.3,-8.75533805262553,44.591626570728785,27.775208773584897,41.472119716353774,1.7859754042277003
SL,2026-07-23,77.7,2.9,4.81,"Sale, Chris",664034,519242,,foul,,,,,4,,R,R,L,ATL,SD,S,,,2,2,2026,-1.04,-0.24,-0.469460814596661,2.0702591882776264,,,,0,3,Top,,,,,,,-5.196888438970413,-113.1067570929822,1.7026230791676211,-7.8987788684554445,21.17658554006806,-34.77968153817253,3.10328084,1.566141732,3,73.6,-38,77.7,2493,6.3,824893,686948,621566,645277,663586,805347,643289,671739,573262,54.18,,,,,,,,20,7,Slider,1,3,3,1,3,1,3,1,Standard,Standard,308,0.0,0.0,70.2,8.2,,,0.0,88.0,-2,2,0.291,0.709,37,31,37,32,2,1,6,1,6,1,4.02,-1.04,1.04,13.1,26.09759546603263,-14.645259822954044,31.82834864933584,30.420026624110896,38.66790956497478
SL,2026-07-23,78.6,2.96,4.77,"Sale, Chris",664034,519242,,foul,,,,,7,,R,R,L,ATL,SD,S,,,2,2,2026,-1.04,-0.59,-0.455442550283324,1.8484065500054077,,,,0,3,Top,,,,,,,-5.326051646771202,-114.3701183404719,1.878685344802726,-8.053951265373978,22.56045164667945,-37.974306364062805,3.10328084,1.566141732,,,,78.2,2651,6.2,824893,686948,621566,645277,663586,805347,643289,671739,573262,54.33,,,,,,,,20,6,Slider,1,3,3,1,3,1,3,1,Standard,Standard,306,0.0,0.0,74.5,8.4,,,0.0,,-2,2,0.291,0.709,37,31,37,32,2,1,6,1,6,1,4.3,-1.04,1.04,11.6,25.457520611289425,-19.685935765299316,33.65338403187419,31.60350028812327,40.81729019797835
FF,2026-07-23,98.0,3.08,4.83,"Sale, Chris",664034,519242,,foul,,,,,6,,R,R,L,ATL,SD,S,,,2,2,2026,1.29,0.77,0.6820646042085028,2.425027132196546,,,,0,3,Top,,,,,,,-9.430589747807405,-142.55283654636406,-2.676917806074406,19.65973019047125,30.2318595171772,-21.234848790721813,3.10328084,1.566141732,,,,98.4,2476,6.4,824893,686948,621566,645277,663586,805347,643289,671739,573262,54.13,,,,,,,,20,5,4-Seam Fastball,1,3,3,1,3,1,3,1,Standard,Standard,113,0.0,0.0,71.2,7.1,,,0.0,,-2,2,0.291,0.709,37,31,37,32,2,1,6,1,6,1,1.59,1.29,-1.29,8.0,-1.4449703954414188,20.12921823007884,35.283165236473764,43.49541170852948,11.573695785436644
SL,2026-07-23,80.6,2.88,4.74,"Sale, Chris",664034,519242,,ball,,,,,14,,R,R,L,ATL,SD,B,,,1,2,2026,-1.22,-0.35,0.1503680696690403,1.0865692710855472,,,,0,3,Top,,,,,,,-3.644684301336007,-117.41454042365478,-0.5895595926142978,-10.60051018171251,21.903276880657693,-35.47380284389607,3.10328084,1.566141732,,,,80.8,2729,6.3,824893,686948,621566,645277,663586,805347,643289,671739,573262,54.19,,,,,,,,20,4,Slider,1,3,3,1,3,1,3,1,Standard,Standard,315,-0.002,0.046,,,,,-0.046,,-2,2,0.293,0.707,37,31,37,32,2,1,6,1,6,1,3.84,-1.22,1.22,9.8,,,,,
FF,2026-07-23,95.8,2.99,4.8,"Sale, Chris",664034,519242,,ball,,,,,12,,R,R,L,ATL,SD,B,,,0,2,2026,1.32,0.74,0.2528676878880032,3.6312562596594145,,,,0,3,Top,,,,,,,-10.184465381559551,-139.1595852303663,0.96060313746188,19.42252319208238,28.809357113340987,-22.985214719316215,3.10328084,1.566141732,,,,96.2,2472,6.5,824893,686948,621566,645277,663586,805347,643289,671739,573262,54.04,,,,,,,,20,3,4-Seam Fastball,1,3,3,1,3,1,3,1,Standard,Standard,108,-0.002,0.022,,,,,-0.022,,-2,2,0.295,0.705,37,31,37,32,2,1,6,1,6,1,1.74,1.32,-1.32,10.1,,,,,
FF,2026-07-23,95.5,2.89,4.94,"Sale, Chris",664034,519242,,swinging_strike,,,,,8,,R,R,L,ATL,SD,S,,,0,1,2026,1.4,0.73,0.0453963385135247,1.5420517267771308,,,,0,3,Top,,,,,,,-10.63203242858392,-138.6852755834128,-4.823950723446169,20.3900098111958,29.059084637865386,-21.773077912159163,3.10328084,1.566141732,,,,96.1,2449,6.6,824893,686948,621566,645277,663586,805347,643289,671739,573262,53.9,,,,,,,,20,2,4-Seam Fastball,1,3,3,1,3,1,3,1,Standard,Standard,112,0.004,-0.053,73.0,7.1,0.158232012,,0.053,,-2,2,0.291,0.709,37,31,37,32,2,1,6,1,6,1,1.76,1.4,-1.4,13.2,-11.701302875464153,22.91341231584407,48.71754639737544,36.66104477152264,7.613578207058512
FF,2026-07-23,96.4,2.93,4.9,"Sale, Chris",664034,519242,,called_strike,,,,,1,,R,R,L,ATL,SD,S,,,0,0,2026,1.34,0.86,-0.3800716886145034,3.0491416725467726,,,,0,3,Top,,,,,,,-11.807756321382476,-139.97504965983265,-1.1982877508433454,20.211840246468224,28.872242610880757,-20.66923242287523,3.10328084,1.566141732,,,,96.9,2453,6.5,824893,686948,621566,645277,663586,805347,643289,671739,573262,54.01,,,,,,,,20,1,4-Seam Fastball,1,3,3,1,3,1,3,1,Standard,Standard,110,0.003,-0.042,,,,,0.042,,-2,2,0.288,0.712,37,31,37,32,2,1,6,1,6,1,1.58,1.34,-1.34,10.1,,,,,
CH,2026-07-23,90.6,-1.12,5.55,"Canning, Griffin",642086,656288,field_out,hit_into_play,,,,,4,"Dominic Smith grounds out, second baseman Jake Cronenworth to first baseman Ty France.",R,L,R,ATL,SD,X,4,ground_ball,1,2,2026,-1.18,0.09,-0.6631918541445014,2.089650537351077,,,,2,2,Bot,149.45,145.59,,,,,3.645619218292077,-132.00563510727488,-2.727679493381105,-14.581067227777456,26.78656243672116,-30.708008317752157,3.176123688,1.602903543,3,87.8,-37,89.9,1606,5.7,824893,666023,664034,630105,592518,593428,650859,687749,665487,54.8,0.041,0.037,0.0,1,0,0,2,19,4,Changeup,1,3,1,3,3,1,1,3,Infield shade,Standard,241,-0.008,-0.18,67.8,6.8,,0.041,0.18,88.0,-2,-2,0.296,0.296,30,31,30,31,1,0,5,1,6,1,2.66,1.18,-1.18,34.8,8.612354058703849,17.769599255517722,25.907910270989937,41.50476350852422,28.96208706233475
CH,2026-07-23,90.2,-0.97,5.54,"Canning, Griffin",642086,656288,,swinging_strike,,,,,8,,R,L,R,ATL,SD,S,,,1,1,2026,-1.19,0.05,0.1034301076135142,1.634245555705412,,,,2,2,Bot,,,,,,,5.145997763064431,-131.27239224136355,-3.651773710781977,-14.797981628060777,26.13421363938142,-31.0247909539484,3.176123688,1.602903543,,,,89.8,1599,5.9,824893,666023,664034,630105,592518,593428,650859,687749,665487,54.62,,,,,,,,19,3,Changeup,1,3,1,3,3,1,1,3,Infield shade,Standard,245,-0.002,-0.065,74.5,8.2,1.505246232,,0.065,,-2,-2,0.298,0.298,30,31,30,31,1,0,5,1,6,1,2.73,1.19,-1.19,38.1,22.464917470009535,-35.30829030450435,39.04166196739581,32.476807236389455,52.47037102210018
FC,2026-07-23,90.9,-0.98,5.66,"Canning, Griffin",642086,656288,,ball,,,,,11,,R,L,R,ATL,SD,B,,,0,1,2026,0.08,0.63,-1.2664937273464358,3.3077452685312543,,,,2,2,Bot,,,,,,,-0.8864573271948014,-132.52429922587518,-1.3065354920146293,1.1350346822828203,23.905799513152548,-24.554491529264023,3.176123688,1.602903543,,,,91.0,2366,5.9,824893,666023,664034,630105,592518,593428,650859,687749,665487,54.59,,,,,,,,19,2,Cutter,1,3,1,3,3,1,1,3,Infield shade,Standard,205,0.001,0.029,,,,,-0.029,,-2,-2,0.297,0.297,30,31,30,31,1,0,5,1,6,1,2.08,-0.08,0.08,37.6,,,,,
FF,2026-07-23,94.1,-1.06,5.58,"Canning, Griffin",642086,656288,,called_strike,,,,,7,,R,L,R,ATL,SD,S,,,0,0,2026,-0.69,1.2,-0.5876872971905994,1.8485482196813852,,,,2,2,Bot,,,,,,,2.767687672594228,-136.99860310309822,-6.464291246487571,-9.318461517943987,29.354254516154946,-15.85326625828803,3.176123688,1.602903543,,,,94.2,2222,6.2,824893,666023,664034,630105,592518,593428,650859,687749,665487,54.25,,,,,,,,19,1,4-Seam Fastball,1,3,1,3,3,1,1,3,Infield shade,Standard,221,-0.002,-0.044,,,,,0.044,,-2,-2,0.299,0.299,30,31,30,31,1,0,5,1,6,1,1.37,0.69,-0.69,40.3,,,,,
KC,2026-07-23,82.3,-0.84,5.53,"Canning, Griffin",663586,656288,strikeout,swinging_strike,,,,,14,Austin Riley strikes out swinging.,R,R,R,ATL,SD,S,2,,1,2,2026,1.22,-0.38,1.249526258419686,2.3065280704129485,,,,1,2,Bot,,,,,,,2.2514662828300707,-119.92041611822694,0.1466174243316471,11.361068814842335,23.58169409731309,-36.03750154408677,3.273540026,1.652066929,,,,81.6,2658,5.8,824893,666023,664034,630105,592518,593428,650859,687749,665487,54.71,,0.0,0.0,1,0,0,,18,4,Knuckle Curve,1,3,1,3,3,1,1,3,Strategic,Standard,39,-0.013,-0.183,69.1,8.2,1.475684376,,0.183,,-2,-2,0.312,0.312,30,29,30,29,1,0,5,1,6,1,3.74,-1.22,-1.22,40.2,21.29836108996887,-11.706257088970265,27.334064433897364,51.80252709303661,44.01819497215529
CH,2026-07-23,90.9,-0.85,5.64,"Canning, Griffin",663586,656288,,foul,,,,,6,,R,R,R,ATL,SD,S,,,1,1,2026,-1.26,-0.27,0.613419961829015,2.173376334302575,,,,1,2,Bot,,,,,,,6.309344602170056,-132.2993128146083,-1.987535821900658,-16.16130533269552,27.699953007247572,-35.08078815738806,3.273540026,1.652066929,161,71.3,17,90.3,1605,5.9,824893,666023,664034,630105,592518,593428,650859,687749,665487,54.61,,,,,,,,18,3,Changeup,1,3,1,3,3,1,1,3,Standard,Standard,245,-0.004,-0.071,71.0,6.7,,,0.071,88.0,-2,-2,0.316,0.316,30,29,30,29,1,0,5,1,6,1,3.02,1.26,1.26,34.7,-8.528352824087058,26.724372491196043,36.08321002204045,45.46501064790076,10.943699671890966
FF,2026-07-23,94.6,-0.68,5.7,"Canning, Griffin",663586,656288,,ball,,,,,13,,R,R,R,ATL,SD,B,,,0,1,2026,-0.51,1.47,-1.0396639652904027,1.9419699296846835,,,,1,2,Bot,,,,,,,0.2462990908666366,-137.6726658766254,-7.226155874271038,-6.588922753189908,30.067081742236688,-12.093540689789345,3.273540026,1.652066929,,,,94.6,2226,6.2,824893,666023,664034,630105,592518,593428,650859,687749,665487,54.28,,,,,,,,18,2,4-Seam Fastball,1,3,1,3,3,1,1,3,Standard,Standard,216,0.002,0.033,,,,,-0.033,,-2,-2,0.314,0.314,30,29,30,29,1,0,5,1,6,1,1.07,0.51,0.51,43.0,,,,,
FF,2026-07-23,95.2,-0.75,5.65,"Canning, Griffin",663586,656288,,called_strike,,,,,14,,R,R,R,ATL,SD,S,,,0,0,2026,-0.51,1.36,0.8307828858305248,2.216811568035717,,,,1,2,Bot,,,,,,,5.245895665259006,-138.43888728915732,-6.236447585962119,-7.754891800603564,30.349857747412525,-13.451093601715234,3.273540026,1.652066929,,,,94.9,2253,6.1,824893,666023,664034,630105,592518,593428,650859,687749,665487,54.41,,,,,,,,18,1,4-Seam Fastball,1,3,1,3,3,1,1,3,Standard,Standard,217,-0.003,-0.041,,,,,0.041,,-2,-2,0.317,0.317,30,29,30,29,1,0,5,1,6,1,1.15,0.51,0.51,40.2,,,,,
CH,2026-07-23,89.7,-0.9,5.48,"Canning, Griffin",643289,656288,field_out,hit_into_play,,,,,6,"Mauricio Dubón grounds out, shortstop Xander Bogaerts to first baseman Ty France.",R,R,R,ATL,SD,X,6,ground_ball,2,2,2026,-1.15,-0.22,0.5528537475900073,2.210573263181033,,,,0,2,Bot,101.65,148.01,,,,,5.970317962804588,-130.56253959391233,-1.4008193817924235,-14.361404003866522,27.845781898713167,-34.60283382697031,3.17085794,1.600246063,11,92.0,-12,89.0,1640,5.9,824893,666023,664034,630105,592518,593428,650859,687749,665487,54.6,0.174,0.157,0.0,1,0,0,2,17,6,Changeup,1,3,1,3,3,1,1,3,Standard,Standard,249,-0.02,-0.233,61.9,8.1,,0.195,0.233,92.0,-2,-2,0.337,0.337,30,31,30,32,1,0,5,1,6,1,3.05,1.15,1.15,38.8,7.032461150753123,-9.602352111106471,27.818341081136797,40.94876605683369,26.378868950357894
SL,2026-07-23,89.8,-0.7,5.71,"Canning, Griffin",643289,656288,,ball,,,,,14,,R,R,R,ATL,SD,B,,,1,2,2026,-0.04,-0.2,1.221876678170519,0.1509678328060162,,,,0,2,Bot,,,,,,,4.7363353651063544,-130.70097190269055,-7.097238589668467,-1.3187965197559728,25.24201251691018,-33.23533104605744,3.17085794,1.600246063,,,,89.7,2673,6.0,824893,666023,664034,630105,592518,593428,650859,687749,665487,54.46,,,,,,,,17,5,Slider,1,3,1,3,3,1,1,3,Standard,Standard,327,0.003,0.046,,,,,-0.046,,-2,-2,0.334,0.334,30,31,30,32,1,0,5,1,6,1,3.0,0.04,0.04,40.5,,,,,
CH,2026-07-23,91.1,-1.06,5.53,"Canning, Griffin",643289,656288,,foul,,,,,7,,R,R,R,ATL,SD,S,,,1,2,2026,-1.07,0.39,-0.3715652510740598,2.0453589552803115,,,,0,2,Bot,,,,,,,4.009489015635086,-132.71739124073315,-3.556351284914403,-13.46095032283972,25.55740216498288,-26.97957218351222,3.17085794,1.600246063,9,90.4,-13,90.9,1344,5.9,824893,666023,664034,630105,592518,593428,650859,687749,665487,54.63,,,,,,,,17,4,Changeup,1,3,1,3,3,1,1,3,Standard,Standard,242,0.0,0.0,70.3,8.0,,,0.0,90.4,-2,-2,0.334,0.334,30,31,30,32,1,0,5,1,6,1,2.32,1.07,1.07,34.3,8.188628893160375,-14.992570110339855,35.453227298999956,29.0273371700884,33.37566379424999
KC,2026-07-23,82.6,-0.91,5.49,"Canning, Griffin",643289,656288,,ball,,,,,14,,R,R,R,ATL,SD,B,,,0,2,2026,0.8,-0.48,1.6397690933243037,0.967299425453484,,,,0,2,Bot,,,,,,,4.112702779777804,-120.33788123884077,-2.6157122917799915,6.961293635863715,22.841379749400385,-36.5247326208135,3.17085794,1.600246063,,,,82.0,2421,5.8,824893,666023,664034,630105,592518,593428,650859,687749,665487,54.7,,,,,,,,17,3,Knuckle Curve,1,3,1,3,3,1,1,3,Standard,Standard,45,0.003,0.022,,,,,-0.022,,-2,-2,0.331,0.331,30,31,30,32,1,0,5,1,6,1,3.8,-0.8,-0.8,35.0,,,,,
SL,2026-07-23,88.9,-0.89,5.77,"Canning, Griffin",643289,656288,,called_strike,,,,,3,,R,R,R,ATL,SD,S,,,0,1,2026,0.46,-0.23,0.459092706814621,2.829732925192247,,,,0,2,Bot,,,,,,,2.2820699815600185,-129.56134079642314,-0.5372377483714887,4.703418013002889,25.601788770322717,-34.8562774492566,3.17085794,1.600246063,,,,88.8,2722,6.0,824893,666023,664034,630105,592518,593428,650859,687749,665487,54.49,,,,,,,,17,2,Slider,1,3,1,3,3,1,1,3,Standard,Standard,348,-0.006,-0.053,,,,,0.053,,-2,-2,0.337,0.337,30,31,30,32,1,0,5,1,6,1,3.09,-0.46,-0.46,41.2,,,,,
FF,2026-07-23,94.4,-0.84,5.61,"Canning, Griffin",643289,656288,,foul,,,,,5,,R,R,R,ATL,SD,S,,,0,0,2026,-0.95,1.29,0.2412408846688207,2.286548235395174,,,,0,2,Bot,,,,,,,4.915591558897107,-137.43515778157362,-5.701033851325102,-13.108428863155844,28.26003588156555,-14.777834692380244,3.17085794,1.600246063,196,67.6,47,94.5,2271,6.2,824893,666023,664034,630105,592518,593428,650859,687749,665487,54.33,,,,,,,,17,1,4-Seam Fastball,1,3,1,3,3,1,1,3,Standard,Standard,221,-0.004,-0.042,69.4,8.2,,,0.042,88.0,-2,-2,0.341,0.341,30,31,30,32,1,0,5,1,6,1,1.25,0.95,0.95,40.5,-2.06219722015811,3.297361267902656,36.38931514993473,37.673057741034576,19.565825364118773
FF,2026-07-23,94.0,-0.68,5.62,"Canning, Griffin",671739,656288,home_run,hit_into_play,,,,,9,Michael Harris II homers (19) on a fly ball to right center field.,R,L,R,ATL,SD,X,,fly_ball,1,0,2026,-0.7,1.23,0.6117987879299918,1.8327666194636876,,,,0,2,Bot,210.95,51.01,,,,,4.861510929632123,-136.74565568236068,-6.635469099679643,-9.85341056815624,29.04429501703855,-15.505850819662736,3.181389436,1.605561024,420,109.6,26,93.9,2199,6.2,824893,666023,664034,630105,592518,593428,650859,687749,665487,54.32,0.991,2.008,2.0,1,0,3,6,16,2,4-Seam Fastball,0,3,0,3,3,1,1,3,Infield shade,Standard,215,0.084,1.071,77.5,8.7,,3.927,-1.071,109.6,-3,-3,0.257,0.257,30,25,30,25,1,0,5,1,6,1,1.35,0.7,-0.7,38.5,15.154023823204572,-10.346637968926965,39.30084479081122,29.38831436529625,37.374469498951896
SL,2026-07-23,88.6,-1.01,5.76,"Canning, Griffin",671739,656288,,ball,,,,,14,,R,L,R,ATL,SD,B,,,0,0,2026,-0.04,-0.28,0.5962824706300879,0.7601143767853631,,,,0,2,Bot,,,,,,,3.943606661154201,-128.9992752723303,-5.284946293356674,-1.2625095678824665,26.156292034453937,-34.42299112527762,3.181389436,1.605561024,,,,88.3,2826,6.0,824893,666023,664034,630105,592518,593428,650859,687749,665487,54.5,,,,,,,,16,1,Slider,0,3,0,3,3,0,0,3,Infield shade,Standard,346,0.004,0.043,,,,,-0.043,,-3,-3,0.253,0.253,30,25,30,25,1,0,5,1,6,1,3.17,0.04,-0.04,38.8,,,,,
SL,2026-07-23,79.7,3.0,4.71,"Sale, Chris",592518,519242,strikeout,swinging_strike,,,,,13,Manny Machado strikes out swinging.,R,R,L,ATL,SD,S,2,,2,2,2026,-1.3,-0.3,-0.4903417232930445,1.382187419870558,665487,,650859,2,2,Top,,,,,,,-5.106920471630138,-115.8935851955043,0.2871088262408454,-10.56762119063058,23.51679009504587,-35.18801384971488,3.313910761,1.672440945,,,,79.6,2586,6.5,824893,686948,621566,645277,663586,805347,643289,671739,573262,54.04,,0.0,0.0,1,0,0,,15,5,Slider,0,3,3,0,3,0,3,0,Standard,Standard,306,0.026,-0.235,61.3,9.2,6.880248408,,0.235,,-3,3,0.227,0.773,37,33,37,34,2,1,6,1,6,1,3.92,-1.3,1.3,9.8,17.633918427362882,-53.67710015351552,23.450128917564513,35.90895879685869,63.599256664488905
SL,2026-07-23,82.3,2.83,4.84,"Sale, Chris",592518,519242,,blocked_ball,,,,,13,,R,R,L,ATL,SD,B,,,1,2,2026,-0.87,-0.34,-1.1358885800219238,0.3333467097926053,665487,,650859,2,2,Top,,,,,,,-7.166797768096313,-119.68199444430704,-2.712541247163742,-6.887319471074071,24.668513930128068,-35.13099692645134,3.313910761,1.672440945,,,,82.3,2668,6.5,824893,686948,621566,645277,663586,805347,643289,671739,573262,54.02,,,,,,,,15,4,Slider,0,3,3,0,3,0,3,0,Standard,Standard,320,-0.004,0.04,,,,,-0.04,,-3,3,0.231,0.769,37,33,37,34,2,1,6,1,6,1,3.73,-0.87,0.87,13.7,,,,,
SL,2026-07-23,83.2,2.91,4.78,"Sale, Chris",592518,519242,,called_strike,,,,,6,,R,R,L,ATL,SD,S,,,1,1,2026,-1.3,-0.35,0.3258023452099867,2.290522219112232,665487,,650859,2,2,Top,,,,,,,-3.238403839383922,-121.15092384588722,1.6551822100965674,-12.067157841486944,25.36995519432978,-36.14299720315022,3.313910761,1.672440945,,,,82.9,2673,6.2,824893,686948,621566,645277,663586,805347,643289,671739,573262,54.3,,,,,,,,15,3,Slider,0,3,3,0,3,0,3,0,Standard,Standard,309,0.007,-0.076,,,,,0.076,,-3,3,0.224,0.776,37,33,37,34,2,1,6,1,6,1,3.65,-1.3,1.3,11.9,,,,,
FF,2026-07-23,98.5,2.95,4.94,"Sale, Chris",592518,519242,,ball,,,,,13,,R,R,L,ATL,SD,B,,,0,1,2026,1.3,0.84,-1.2959086836077942,2.3028800773274822,665487,,650859,2,2,Top,,,,,,,-14.451632006906893,-142.67105763849236,-3.436827650814864,21.11845440100643,34.290219814760505,-20.03847428388121,3.313910761,1.672440945,,,,98.4,2611,6.6,824893,686948,621566,645277,663586,805347,643289,671739,573262,53.89,,,,,,,,15,2,4-Seam Fastball,0,3,3,0,3,0,3,0,Standard,Standard,118,-0.003,0.016,,,,,-0.016,,-3,3,0.227,0.773,37,33,37,34,2,1,6,1,6,1,1.54,1.3,-1.3,15.2,,,,,
FF,2026-07-23,98.5,2.95,4.82,"Sale, Chris",592518,519242,,swinging_strike,,,,,12,,R,R,L,ATL,SD,S,,,0,0,2026,1.32,0.93,0.3608625691386276,3.483481004732063,665487,,650859,2,2,Top,,,,,,,-10.082013567521644,-143.09203065571052,-0.1658933525450567,20.552065422216188,36.09433287209049,-19.67404574590955,3.313910761,1.672440945,,,,98.2,2594,6.4,824893,686948,621566,645277,663586,805347,643289,671739,573262,54.07,,,,,,,,15,1,4-Seam Fastball,0,3,3,0,3,0,3,0,Standard,Standard,112,0.005,-0.028,72.8,6.7,0.325137948,,0.028,,-3,3,0.222,0.778,37,33,37,34,2,1,6,1,6,1,1.44,1.32,-1.32,9.8,-5.939372847184041,36.523458454453184,19.56041714869293,42.33271696963634,4.642695898183788
SL,2026-07-23,82.4,2.83,4.77,"Sale, Chris",650859,519242,single,hit_into_play,,,,,13,Luis Rengifo singles on a line drive to right fielder Mike Yastrzemski. Freddy Fermin scores. Jake Cronenworth scores. Fernando Tatis Jr. to 3rd.,R,R,L,ATL,SD,X,9,line_drive,0,2,2026,-1.0,-0.43,-0.1562869815705542,0.9690406688446354,666023,630105,665487,2,2,Top,163.78,81.08,,,,,-4.723285221346036,-119.9434914607004,-1.0115821035942667,-8.640373518676498,24.35237397406414,-36.346442531246616,3.087483596,1.558169291,277,95.5,16,82.3,2665,6.3,824893,686948,621566,645277,663586,805347,643289,671739,573262,54.16,0.691,0.698,0.9,1,1,0,4,14,3,Slider,0,1,1,0,3,0,3,0,Standard,Standard,313,-0.18,0.627,73.8,7.2,,0.936,-0.627,95.5,-1,1,0.402,0.598,37,29,37,29,2,1,6,1,6,1,3.8,-1.0,1.0,11.1,-9.036862102693618,4.021951995945323,44.84860311900226,33.95181042648265,26.2186384621436
FF,2026-07-23,96.0,2.92,4.85,"Sale, Chris",650859,519242,,foul,,,,,6,,R,R,L,ATL,SD,S,,,0,1,2026,1.32,0.77,0.3728773797699896,2.0571944693081408,666023,630105,665487,2,2,Top,,,,,,,-9.734736631688593,-139.45190167366027,-3.351468256842554,19.469700157517888,31.716360205041756,-21.616885357479205,3.087483596,1.558169291,319,94.6,29,96.3,2453,6.6,824893,686948,621566,645277,663586,805347,643289,671739,573262,53.93,,,,,,,,14,2,4-Seam Fastball,0,1,1,0,1,0,1,0,Standard,Standard,112,0.018,-0.049,69.5,7.1,,,0.049,94.6,-1,1,0.384,0.616,37,29,37,29,2,1,6,1,6,1,1.72,1.32,-1.32,8.8,11.154862214746418,24.632124324887137,36.41548890163707,38.363399972046714,18.291427299567992
FF,2026-07-23,97.5,2.98,4.82,"Sale, Chris",650859,519242,,called_strike,,,,,12,,R,R,L,ATL,SD,S,,,0,0,2026,1.22,0.83,0.9026976573262866,3.156199749273765,666023,630105,665487,2,2,Top,,,,,,,-8.402802498554781,-141.67230086636152,-0.7097170086497118,18.41882588127486,34.11057908271169,-21.097196330944794,3.087483596,1.558169291,,,,97.7,2551,6.6,824893,686948,621566,645277,663586,805347,643289,671739,573262,53.9,,,,,,,,14,1,4-Seam Fastball,0,1,1,0,1,0,1,0,Standard,Standard,115,0.01,-0.039,,,,,0.039,,-1,1,0.374,0.626,37,29,37,29,2,1,6,1,6,1,1.59,1.22,-1.22,11.6,,,,,
SL,2026-07-23,81.5,3.05,4.72,"Sale, Chris",665487,519242,walk,ball,,,,,12,Fernando Tatis Jr. walks. Gavin Sheets scores. Freddy Fermin to 3rd. Jake Cronenworth to 2nd.,R,R,L,ATL,SD,B,,,3,1,2026,-0.88,-0.34,1.1257313664943625,2.556126931054554,657757,666023,630105,2,2,Top,,,,,,,-2.547072404817914,-118.72720329618018,2.5517207544837053,-7.817298434567131,22.93521034820684,-36.0628413481785,3.346382874,1.68882874,,,,81.4,2725,6.2,824893,686948,621566,645277,663586,805347,643289,671739,573262,54.31,,0.698492,0.7,1,0,0,,13,5,Slider,0,0,0,0,1,0,1,0,Standard,Standard,310,-0.06,0.187,,,,,-0.187,,0,0,0.434,0.566,37,27,37,27,2,1,6,1,6,1,3.76,-0.88,0.88,9.2,,,,,
SL,2026-07-23,81.8,2.98,4.84,"Sale, Chris",665487,519242,,ball,,,,,13,,R,R,L,ATL,SD,B,,,2,1,2026,-1.25,-0.28,-0.9222566244272512,1.9174713358741815,657757,666023,630105,2,2,Top,,,,,,,-6.217674302221908,-118.99429009117569,0.7449384707863369,-10.608098923105864,23.53032590529801,-35.18600406185024,3.346382874,1.68882874,,,,81.6,2739,6.2,824893,686948,621566,645277,663586,805347,643289,671739,573262,54.27,,,,,,,,13,4,Slider,0,0,0,0,0,0,0,0,Standard,Standard,314,-0.03,0.118,,,,,-0.118,,0,0,0.464,0.536,37,27,37,27,2,1,6,1,6,1,3.69,-1.25,1.25,13.5,,,,,
SL,2026-07-23,81.6,2.79,4.75,"Sale, Chris",665487,519242,,ball,,,,,13,,R,R,L,ATL,SD,B,,,1,1,2026,-1.23,-0.38,-2.103528276596937,0.7720664948254932,657757,666023,630105,2,2,Top,,,,,,,-8.46631041905765,-118.541076668394,-1.275683630231044,-9.664722883099795,25.529397738012943,-35.6497728820632,3.346382874,1.68882874,,,,81.4,2696,6.5,824893,686948,621566,645277,663586,805347,643289,671739,573262,53.95,,,,,,,,13,3,Slider,0,0,0,0,0,0,0,0,Standard,Standard,309,-0.014,0.061,,,,,-0.061,,0,0,0.478,0.522,37,27,37,27,2,1,6,1,6,1,3.85,-1.23,1.23,11.8,,,,,
FF,2026-07-23,98.2,2.82,5.1,"Sale, Chris",665487,519242,,ball,,,,,11,,R,R,L,ATL,SD,B,,,0,1,2026,1.28,0.91,-0.3345923618501065,3.9833726517629753,657757,666023,630105,2,2,Top,,,,,,,-11.489455062177644,-142.50219072672664,0.5392571555259156,20.22744224922341,35.637071755644,-20.29413521034183,3.346382874,1.68882874,,,,98.1,2563,6.6,824893,686948,621566,645277,663586,805347,643289,671739,573262,53.9,,,,,,,,13,2,4-Seam Fastball,0,0,0,0,0,0,0,0,Standard,Standard,118,-0.008,0.023,,,,,-0.023,,0,0,0.486,0.514,37,27,37,27,2,1,6,1,6,1,1.49,1.28,-1.28,15.1,,,,,
SL,2026-07-23,81.4,2.93,4.87,"Sale, Chris",665487,519242,,called_strike,,,,,7,,R,R,L,ATL,SD,S,,,0,0,2026,-1.14,-0.29,-0.2876247858167081,2.028688728347771,657757,666023,630105,2,2,Top,,,,,,,-4.9133685629661565,-118.53189252344453,1.0076023420355036,-9.753087443841393,23.302737561725444,-35.35656102011642,3.346382874,1.68882874,,,,81.5,2656,6.4,824893,686948,621566,645277,663586,805347,643289,671739,573262,54.1,,,,,,,,13,1,Slider,0,0,0,0,0,0,0,0,Standard,Standard,309,0.012,-0.039,,,,,0.039,,0,0,0.474,0.526,37,27,37,27,2,1,6,1,6,1,3.74,-1.14,1.14,9.7,,,,,
SI,2026-07-23,98.1,3.01,4.73,"Sale, Chris",630105,519242,hit_by_pitch,hit_by_pitch,,,,,12,Jake Cronenworth hit by pitch. Gavin Sheets to 3rd. Freddy Fermin to 2nd.,R,L,L,ATL,SD,B,,,0,1,2026,1.6,0.19,2.521323597128684,3.011306557000859,,657757,666023,2,2,Top,,,,,,,-5.070507888802898,-142.78665923618357,0.5200819199788326,23.04748489838963,31.694865012974372,-29.96208645816118,3.171735564,1.600688976,,,,98.6,2261,6.5,824893,686948,621566,645277,663586,805347,643289,671739,573262,54.04,,0.729454,0.7,1,0,0,,12,2,Sinker,0,0,0,0,0,0,0,0,Strategic,Standard,114,-0.039,0.216,,,,,-0.216,,0,0,0.513,0.487,37,32,37,32,1,0,6,1,6,1,2.18,1.6,1.6,8.4,,,,,
SI,2026-07-23,97.5,3.01,4.83,"Sale, Chris",630105,519242,,foul,,,,,12,,R,L,L,ATL,SD,S,,,0,0,2026,1.38,0.13,1.0815483980263614,3.364284861140182,,657757,666023,2,2,Top,,,,,,,-8.342674855296597,-141.83692574234172,1.3690992044180716,20.489718369916034,30.434194477133435,-30.864337402313065,3.171735564,1.600688976,178,85.3,12,97.9,2244,6.4,824893,686948,621566,645277,663586,805347,643289,671739,573262,54.09,,,,,,,,12,1,Sinker,0,0,0,0,0,0,0,0,Strategic,Standard,112,0.007,-0.034,35.7,3.7,,,0.034,88.0,0,0,0.506,0.494,37,32,37,32,1,0,6,1,6,1,2.25,1.38,1.38,8.6,-26.577441876287335,68.45377373735127,27.114785267331825,24.42132820508468,5.362693385131344
FF,2026-07-23,95.6,3.0,4.92,"Sale, Chris",687749,519242,field_out,hit_into_play,,,,,2,Jase Bowen flies out to second baseman Ozzie Albies.,R,R,L,ATL,SD,X,4,fly_ball,1,0,2026,1.26,0.9,0.1622567477378009,2.8415940619368145,,657757,666023,1,2,Top,168.81,128.65,,,,,-10.31105526122834,-138.96030867963995,-1.7785306110110286,18.606153741675612,29.294021980713666,-20.233034355937892,3.208595801,1.619291339,179,97.6,65,96.1,2418,6.5,824893,686948,621566,645277,663586,805347,643289,671739,573262,54.0,0.017,0.017,0.0,1,0,0,3,11,2,4-Seam Fastball,0,0,0,0,0,0,0,0,Standard,Standard,113,0.054,-0.281,74.5,7.6,,0.022,0.281,97.6,0,0,0.452,0.548,37,25,37,26,1,0,6,1,6,1,1.58,1.26,-1.26,10.1,14.98017885008628,-0.363271281065319,33.573976379357816,38.290341085180174,36.10300276382573
SL,2026-07-23,78.0,2.96,4.77,"Sale, Chris",687749,519242,,ball,,,,,12,,R,R,L,ATL,SD,B,,,0,0,2026,-1.0,-0.1,1.2463195158742657,2.874483332387884,,657757,666023,1,2,Top,,,,,,,-1.7635611052259477,-113.51464251213504,3.1798235232934813,-8.286848493447977,21.25818846913438,-33.825775451416135,3.208595801,1.619291339,,,,77.9,2546,6.2,824893,686948,621566,645277,663586,805347,643289,671739,573262,54.26,,,,,,,,11,1,Slider,0,0,0,0,0,0,0,0,Standard,Standard,297,-0.006,0.04,,,,,-0.04,,0,0,0.458,0.542,37,25,37,26,1,0,6,1,6,1,3.85,-1.0,1.0,10.9,,,,,
FF,2026-07-23,95.6,3.06,4.84,"Sale, Chris",666023,519242,single,hit_into_play,,,,,8,Freddy Fermin singles on a fly ball to left fielder Mauricio Dubón. Gavin Sheets to 2nd.,R,R,L,ATL,SD,X,7,fly_ball,0,0,2026,1.33,0.9,0.2309364062062961,1.899285252207181,,,657757,1,2,Top,83.89,100.1,,,,,-10.463386972221418,-138.7710182519545,-3.9497868888140326,19.624976647969223,32.65622154335575,-19.807945971602223,3.105036089,1.567027559,267,80.7,43,95.7,2373,6.6,824893,686948,621566,645277,663586,805347,643289,671739,573262,53.91,0.011,0.01,0.9,1,1,0,3,10,1,4-Seam Fastball,0,0,0,0,0,0,0,0,Standard,Standard,108,-0.039,0.41,74.7,7.9,,0.015,-0.41,88.0,0,0,0.497,0.503,37,31,37,31,1,0,6,3,6,2,1.61,1.33,-1.33,10.9,22.676294348149796,-5.738612062018634,34.48856012953618,38.270135353076654,40.182931656866714
SI,2026-07-23,96.6,3.01,4.76,"Sale, Chris",657757,519242,single,hit_into_play,,,,,9,Gavin Sheets singles on a ground ball to center fielder Michael Harris II.,R,L,L,ATL,SD,X,8,ground_ball,0,0,2026,1.56,0.08,0.7388086572741166,1.954627247280744,,,,1,2,Top,134.0,96.0,,,,,-9.5814314659693,-140.43940629384466,-1.9417571755002117,22.78950138633584,28.985979225045572,-30.874599567096695,3.350770997,1.691043307,10,95.4,-10,97.0,2254,6.4,824893,686948,621566,645277,663586,805347,643289,671739,573262,54.11,0.184,0.166,0.9,1,1,0,2,9,1,Sinker,0,0,0,0,0,0,0,0,Strategic,Standard,109,-0.026,0.418,74.9,7.0,,0.2,-0.418,95.4,0,0,0.523,0.477,37,30,37,30,1,0,6,1,6,1,2.35,1.56,1.56,7.5,-8.217114306009202,4.524520573674174,33.31067813967913,30.168797804060254,23.373465575827897
SL,2026-07-23,77.8,2.97,4.82,"Sale, Chris",593428,519242,field_out,hit_into_play,,,,,6,Xander Bogaerts flies out to right fielder Mike Yastrzemski.,R,R,L,ATL,SD,X,9,fly_ball,2,2,2026,-1.38,-0.26,0.4606537918548756,2.7630343333980902,,,,0,2,Top,154.15,100.56,,,,,-2.7370409542468788,-113.22768737955128,3.147919706249077,-11.360008023524829,20.642790923445983,-35.20891345749181,3.284949147,1.657824803,256,89.7,45,77.7,2576,6.2,824893,686948,621566,645277,663586,805347,643289,671739,573262,54.28,0.003,0.003,0.0,1,0,0,3,8,5,Slider,0,0,0,0,0,0,0,0,Standard,Standard,309,0.02,-0.233,71.5,7.2,,0.005,0.233,89.7,0,0,0.503,0.497,37,33,37,34,1,0,6,1,6,1,4.02,-1.38,1.38,11.5,8.766385651511822,-3.66492625330409,29.820408396257456,44.50070963879577,33.22365729376478
FF,2026-07-23,95.3,2.98,4.82,"Sale, Chris",593428,519242,,foul,,,,,4,,R,R,L,ATL,SD,S,,,2,1,2026,1.31,0.91,-0.4391147380911904,2.450834647889647,,,,0,2,Top,,,,,,,-11.832813808762474,-138.24416948670537,-2.4535429570773943,19.41928949563769,31.69291556108132,-20.119709930958795,3.284949147,1.657824803,172,74.6,67,95.1,2488,6.4,824893,686948,621566,645277,663586,805347,643289,671739,573262,54.09,,,,,,,,8,4,4-Seam Fastball,0,0,0,0,0,0,0,0,Standard,Standard,115,0.007,-0.078,78.0,7.3,,,0.078,88.0,0,0,0.496,0.504,37,33,37,34,1,0,6,1,6,1,1.62,1.31,-1.31,11.1,11.84306797085464,-3.783587863958578,38.42098194744138,32.66527939170562,32.53373509111421
FF,2026-07-23,94.7,3.0,4.79,"Sale, Chris",593428,519242,,called_strike,,,,,4,,R,R,L,ATL,SD,S,,,2,0,2026,1.17,0.88,-0.754385682501233,2.2372672582462725,,,,0,2,Top,,,,,,,-12.30660722822076,-137.3282209853161,-2.773112823877758,17.482854652512167,30.3226633756908,-20.58185058131673,3.284949147,1.657824803,,,,94.7,2472,6.5,824893,686948,621566,645277,663586,805347,643289,671739,573262,54.03,,,,,,,,8,3,4-Seam Fastball,0,0,0,0,0,0,0,0,Standard,Standard,113,0.007,-0.075,,,,,0.075,,0,0,0.489,0.511,37,33,37,34,1,0,6,1,6,1,1.68,1.17,-1.17,9.4,,,,,
FF,2026-07-23,95.5,2.89,4.93,"Sale, Chris",593428,519242,,ball,,,,,13,,R,R,L,ATL,SD,B,,,1,0,2026,1.15,0.7,-1.0991127981378093,1.6480174575217783,,,,0,2,Top,,,,,,,-13.021170552416631,-138.49761477487624,-4.397964787191337,17.64261599166478,30.16198813393299,-22.36443417963871,3.284949147,1.657824803,,,,95.9,2449,6.6,824893,686948,621566,645277,663586,805347,643289,671739,573262,53.87,,,,,,,,8,2,4-Seam Fastball,0,0,0,0,0,0,0,0,Standard,Standard,119,-0.007,0.082,,,,,-0.082,,0,0,0.496,0.504,37,33,37,34,1,0,6,1,6,1,1.82,1.15,-1.15,13.7,,,,,
SL,2026-07-23,74.6,2.83,4.89,"Sale, Chris",593428,519242,,ball,,,,,11,,R,R,L,ATL,SD,B,,,0,0,2026,-1.42,-0.21,-1.3596753670753976,2.819930210219459,,,,0,2,Top,,,,,,,-5.9593484993350145,-108.3875403126261,3.6394729784632647,-9.900383522595725,21.262742191951823,-34.82636284787228,3.284949147,1.657824803,,,,74.3,2476,6.4,824893,686948,621566,645277,663586,805347,643289,671739,573262,54.09,,,,,,,,8,1,Slider,0,0,0,0,0,0,0,0,Standard,Standard,303,-0.004,0.043,,,,,-0.043,,0,0,0.5,0.5,37,33,37,34,1,0,6,1,6,1,4.36,-1.42,1.42,12.9,,,,,
ST,2026-07-23,82.8,2.07,5.58,"Hart, Kyle",621566,606996,strikeout,swinging_strike_blocked,,,,,13,Matt Olson strikes out swinging.,R,L,L,ATL,SD,S,2,,0,2,2026,-1.45,-0.55,-0.943203414043658,-0.0185456935970775,,,,2,1,Bot,,,,,,,-3.880663842339231,-120.50538376800203,-4.830389110831238,-13.171854102098065,26.215977209515977,-36.64773149931147,3.37183399,1.701673228,,,,82.1,2938,6.1,824893,666023,664034,630105,592518,593428,650859,687749,665487,54.42,,0.0,0.0,1,0,0,,7,3,Sweeper,0,0,0,0,0,0,0,0,Infield shade,Standard,308,-0.006,-0.154,21.2,7.2,15.355461048,,0.154,,0,0,0.506,0.506,33,32,34,32,1,0,3,1,1,1,3.9,-1.45,-1.45,34.9,18.013442715055202,-3.62711857393323,36.882752804439235,48.418543231417786,42.01760194651857
ST,2026-07-23,83.6,1.92,5.6,"Hart, Kyle",621566,606996,,foul,,,,,4,,R,L,L,ATL,SD,S,,,0,1,2026,-1.33,0.13,-0.4152368533816246,2.358097899749086,,,,2,1,Bot,,,,,,,-2.6288352236429455,-121.79195460680262,-1.0721454465027735,-12.60463426279285,25.556738601955807,-30.8589109818685,3.37183399,1.701673228,49,62.4,2,83.0,2770,6.0,824893,666023,664034,630105,592518,593428,650859,687749,665487,54.53,,,,,,,,7,2,Sweeper,0,0,0,0,0,0,0,0,Infield shade,Standard,287,-0.002,-0.062,71.6,8.6,,,0.062,88.0,0,0,0.508,0.508,33,32,34,32,1,0,3,1,1,1,3.14,-1.33,-1.33,34.1,19.302524151342784,-28.27771510572769,29.035979344193585,42.52015457387094,49.14891176158376
SI,2026-07-23,94.8,1.83,5.63,"Hart, Kyle",621566,606996,,called_strike,,,,,2,,R,L,L,ATL,SD,S,,,0,0,2026,1.4,0.63,0.1131660049516694,3.023788622817662,,,,2,1,Bot,,,,,,,-7.5913746486768865,-137.937346769505,-2.401046575057842,19.5085040487466,29.868188882282094,-23.756834417097647,3.37183399,1.701673228,,,,94.9,2181,6.3,824893,666023,664034,630105,592518,593428,650859,687749,665487,54.19,,,,,,,,7,1,Sinker,0,0,0,0,0,0,0,0,Infield shade,Strategic,130,-0.002,-0.044,,,,,0.044,,0,0,0.51,0.51,33,32,34,32,1,0,3,1,1,1,1.9,1.4,1.4,35.5,,,,,
FS,2026-07-23,86.0,1.61,5.71,"Hart, Kyle",645277,606996,field_out,hit_into_play,,,,,14,Ozzie Albies lines out to center fielder Jase Bowen.,R,R,L,ATL,SD,X,8,line_drive,1,1,2026,0.66,0.05,0.5123735934283652,1.2200669568585067,,,,1,1,Bot,155.9,69.9,,,,,-3.923666424900794,-125.23902472599964,-4.265339123805437,7.70174209630776,25.437785437818057,-30.96423565689836,2.984801509,1.506348425,328,93.3,22,86.2,729,6.4,824893,666023,664034,630105,592518,593428,650859,687749,665487,54.1,0.171,0.205,0.0,1,0,0,3,6,3,Split-Finger,0,0,0,0,0,0,0,0,Standard,Standard,90,-0.015,-0.254,70.8,7.3,,0.315,0.254,93.3,0,0,0.525,0.525,33,29,34,29,1,0,3,1,1,1,3.03,0.66,-0.66,38.3,3.486707788180776,-1.421480343322329,34.07163447604942,31.66325905351812,38.12253925568478
SI,2026-07-23,94.9,1.69,5.68,"Hart, Kyle",645277,606996,,foul,,,,,6,,R,R,L,ATL,SD,S,,,1,0,2026,1.33,0.58,0.718037508274614,2.0637861989952295,,,,1,1,Bot,,,,,,,-5.531091327340039,-138.15373965438135,-4.946995933834387,18.286307238202195,28.04934783747086,-23.897459539914795,2.984801509,1.506348425,242,73.8,38,95.1,2187,6.2,824893,666023,664034,630105,592518,593428,650859,687749,665487,54.33,,,,,,,,6,2,Sinker,0,0,0,0,0,0,0,0,Standard,Standard,131,-0.004,-0.049,70.0,6.7,,,0.049,88.0,0,0,0.529,0.529,33,29,34,29,1,0,3,1,1,1,1.93,1.33,-1.33,36.7,-1.7593742500554317,5.615354042033523,33.31195614560036,34.48522783256584,27.85600783486189
SI,2026-07-23,94.7,1.63,5.7,"Hart, Kyle",645277,606996,,ball,,,,,12,,R,R,L,ATL,SD,B,,,0,0,2026,1.35,0.64,1.8014254654784825,3.143867209445336,,,,1,1,Bot,,,,,,,-2.636885112898298,-137.95994473954872,-2.31765665981319,17.93159822856921,28.99944926774742,-23.66975156511132,2.984801509,1.506348425,,,,94.8,2091,6.1,824893,666023,664034,630105,592518,593428,650859,687749,665487,54.36,,,,,,,,6,1,Sinker,0,0,0,0,0,0,0,0,Standard,Standard,133,0.003,0.041,,,,,-0.041,,0,0,0.526,0.526,33,29,34,29,1,0,3,1,1,1,1.88,1.35,-1.35,34.2,,,,,
SL,2026-07-23,87.8,1.71,5.77,"Hart, Kyle",686948,606996,field_out,hit_into_play,,,,,8,Drake Baldwin flies out to left fielder Luis Rengifo.,R,L,L,ATL,SD,X,7,fly_ball,1,0,2026,-0.27,0.43,-0.1946715420923258,1.8761579648717035,,,,0,1,Bot,61.89,73.24,,,,,-3.978359177631738,-127.87268246707656,-4.078357612054438,-2.2481593697438114,22.885630802581936,-26.809081705822702,3.205962927,1.617962598,348,94.2,33,88.2,2528,6.2,824893,666023,664034,630105,592518,593428,650859,687749,665487,54.33,0.094,0.163,0.0,1,0,0,3,5,2,Slider,0,0,0,0,0,0,0,0,Infield shade,Standard,208,-0.025,-0.304,72.3,7.4,,0.305,0.304,94.2,0,0,0.551,0.551,33,25,34,25,1,0,3,1,1,1,2.49,-0.27,-0.27,40.1,4.324136370206338,8.24017948969468,35.0929086484775,41.35457454385459,27.682806475337472
SI,2026-07-23,94.0,1.8,5.69,"Hart, Kyle",686948,606996,,ball,,,,,13,,R,L,L,ATL,SD,B,,,0,0,2026,1.31,0.78,-0.0529170867526818,1.1904863294662074,,,,0,1,Bot,,,,,,,-7.683203184186357,-136.5923264123404,-7.462462245876261,18.048645646726992,27.961357856306847,-21.022863867844546,3.205962927,1.617962598,,,,94.3,2269,6.4,824893,666023,664034,630105,592518,593428,650859,687749,665487,54.14,,,,,,,,5,1,Sinker,0,0,0,0,0,0,0,0,Infield shade,Standard,138,0.003,0.043,,,,,-0.043,,0,0,0.548,0.548,33,25,34,25,1,0,3,1,1,1,1.8,1.31,1.31,35.5,,,,,
SL,2026-07-23,80.8,2.91,4.83,"Sale, Chris",664034,519242,strikeout,swinging_strike,,,,,14,Ty France strikes out swinging.,R,R,L,ATL,SD,S,2,,2,2,2026,-0.94,-0.29,0.6110575612969754,1.115238925156067,,,592518,2,1,Top,,,,,,,-3.252724952173605,-117.68354443540382,-0.8449087751872373,-8.083649859817525,22.367273053234417,-34.916687302375045,3.10328084,1.566141732,,,,81.1,2549,6.5,824893,686948,621566,645277,663586,805347,643289,671739,573262,54.04,,0.0,0.0,1,0,0,,4,5,Slider,0,0,0,0,0,0,0,0,Standard,Standard,303,0.019,-0.248,72.1,8.6,3.678090192,,0.248,,0,0,0.529,0.471,37,31,37,32,1,0,6,1,6,1,3.77,-0.94,0.94,10.6,25.052273590438496,-14.544295128709464,38.36803977701079,43.21901509174057,43.82938329745501
FF,2026-07-23,98.0,3.03,4.91,"Sale, Chris",664034,519242,,ball,,,,,12,,R,R,L,ATL,SD,B,,,1,2,2026,1.29,0.92,0.9857610336152334,3.430558450094546,,,592518,2,1,Top,,,,,,,-8.455370328873393,-142.44119587299022,-0.5274902295737688,19.493063005525293,32.478273530395334,-19.711231711243386,3.10328084,1.566141732,,,,97.9,2432,6.3,824893,686948,621566,645277,663586,805347,643289,671739,573262,54.23,,,,,,,,4,4,4-Seam Fastball,0,0,0,0,0,0,0,0,Standard,Standard,116,-0.004,0.051,,,,,-0.051,,0,0,0.533,0.467,37,31,37,32,1,0,6,1,6,1,1.46,1.29,-1.29,10.4,,,,,
FF,2026-07-23,96.7,3.01,4.68,"Sale, Chris",664034,519242,,foul,,,,,7,,R,R,L,ATL,SD,S,,,1,1,2026,1.32,0.81,-0.3749614350806824,2.012872284886452,,,592518,2,1,Top,,,,,,,-12.001120421943956,-140.36190326420498,-3.223098194278394,20.14752538056966,31.45383591530908,-20.938049821433943,3.10328084,1.566141732,207,72.0,47,97.0,2535,6.6,824893,686948,621566,645277,663586,805347,643289,671739,573262,53.92,,,,,,,,4,3,4-Seam Fastball,0,0,0,0,0,0,0,0,Standard,Standard,105,0.006,-0.067,69.1,7.5,,,0.067,88.0,0,0,0.527,0.473,37,31,37,32,1,0,6,1,6,1,1.64,1.32,-1.32,5.5,2.584690042906165,4.84265482490601,44.730136608897745,30.89937518639532,22.36288137574452
CH,2026-07-23,88.3,2.96,4.62,"Sale, Chris",664034,519242,,ball,,,,,14,,R,R,L,ATL,SD,B,,,0,1,2026,1.46,0.01,1.6085557607988052,1.3511358127393995,,,592518,2,1,Top,,,,,,,-6.376823538780106,-128.5036740070549,-1.7123306765460762,17.450140543605265,26.24593266875137,-31.8765729119077,3.10328084,1.566141732,,,,89.0,1848,6.7,824893,686948,621566,645277,663586,805347,643289,671739,573262,53.84,,,,,,,,4,2,Changeup,0,0,0,0,0,0,0,0,Standard,Standard,98,-0.002,0.028,,,,,-0.028,,0,0,0.529,0.471,37,31,37,32,1,0,6,1,6,1,2.91,1.46,-1.46,6.3,,,,,
FF,2026-07-23,98.0,2.88,4.97,"Sale, Chris",664034,519242,,called_strike,,,,,1,,R,R,L,ATL,SD,S,,,0,0,2026,1.25,1.11,-0.5892693884133033,2.887719227625874,,,592518,2,1,Top,,,,,,,-12.209093506937634,-142.15707327634786,-2.544777083351928,19.72117131422429,32.94664815317082,-16.782066153425777,3.10328084,1.566141732,,,,98.2,2498,6.6,824893,686948,621566,645277,663586,805347,643289,671739,573262,53.9,,,,,,,,4,1,4-Seam Fastball,0,0,0,0,0,0,0,0,Standard,Standard,112,0.003,-0.04,,,,,0.04,,0,0,0.526,0.474,37,31,37,32,1,0,6,1,6,1,1.29,1.25,-1.25,15.0,,,,,
FF,2026-07-23,97.1,2.95,4.8,"Sale, Chris",592518,519242,single,hit_into_play,,,,,12,Manny Machado singles on a ground ball to right fielder Mike Yastrzemski.,R,R,L,ATL,SD,X,9,ground_ball,1,2,2026,1.24,0.66,0.6059763701965946,3.535946271282233,,,,2,1,Top,193.02,114.73,,,,,-9.107240960093629,-141.14796678143247,0.7804189112124931,18.722696250419354,32.739701551631754,-23.798257785351858,3.313910761,1.672440945,62,104.1,0,97.2,2364,6.4,824893,686948,621566,645277,663586,805347,643289,671739,573262,54.06,0.466,0.429,0.9,1,1,0,4,3,4,4-Seam Fastball,0,0,0,0,0,0,0,0,Standard,Standard,111,-0.015,0.412,72.7,6.9,,0.52,-0.412,104.1,0,0,0.541,0.459,37,33,37,34,1,0,6,1,6,1,1.77,1.24,-1.24,10.2,2.238562377442393,31.305165894506533,15.010410680005746,44.13196515106377,11.437833569577233
FF,2026-07-23,97.1,3.01,4.82,"Sale, Chris",592518,519242,,foul,,,,,6,,R,R,L,ATL,SD,S,,,1,1,2026,1.19,0.87,0.8121797110064477,2.3887678502551264,,,,2,1,Top,,,,,,,-8.599939430491684,-141.2041558278492,-2.844407598213647,17.90969776425962,31.04685562717449,-20.033681230295823,3.313910761,1.672440945,164,80.0,14,97.5,2393,6.5,824893,686948,621566,645277,663586,805347,643289,671739,573262,54.01,,,,,,,,3,3,4-Seam Fastball,0,0,0,0,0,0,0,0,Standard,Standard,112,0.003,-0.065,73.4,8.1,,,0.065,88.0,0,0,0.538,0.462,37,33,37,34,1,0,6,1,6,1,1.54,1.19,-1.19,12.7,4.1184792876088965,10.515803432033367,28.823395688557884,47.985222885051215,18.52851808599306
FF,2026-07-23,97.0,3.01,4.83,"Sale, Chris",592518,519242,,ball,,,,,11,,R,R,L,ATL,SD,B,,,0,1,2026,1.22,0.86,-0.6443505410075103,3.5178458976342033,,,,2,1,Top,,,,,,,-12.49754134275507,-140.71466726247996,0.1714800310879565,19.032421421412952,30.663999313333544,-20.91582766135542,3.313910761,1.672440945,,,,97.3,2447,6.5,824893,686948,621566,645277,663586,805347,643289,671739,573262,53.97,,,,,,,,3,2,4-Seam Fastball,0,0,0,0,0,0,0,0,Standard,Standard,111,-0.002,0.029,,,,,-0.029,,0,0,0.54,0.46,37,33,37,34,1,0,6,1,6,1,1.57,1.22,-1.22,9.4,,,,,
SL,2026-07-23,79.4,3.1,4.74,"Sale, Chris",592518,519242,,called_strike,,,,,8,,R,R,L,ATL,SD,S,,,0,0,2026,-0.99,-0.31,-0.0787844008681668,1.5641884958618664,,,,2,1,Top,,,,,,,-4.975607256662568,-115.51202732011232,0.6651331723231388,-7.851818497197304,22.615803711749653,-35.335189335711924,3.313910761,1.672440945,,,,79.3,2611,6.4,824893,686948,621566,645277,663586,805347,643289,671739,573262,54.13,,,,,,,,3,1,Slider,0,0,0,0,0,0,0,0,Standard,Standard,311,0.002,-0.044,,,,,0.044,,0,0,0.538,0.462,37,33,37,34,1,0,6,1,6,1,3.95,-0.99,0.99,11.5,,,,,
SL,2026-07-23,80.6,2.77,4.83,"Sale, Chris",650859,519242,strikeout,swinging_strike,,,,,13,Luis Rengifo strikes out swinging.,R,R,L,ATL,SD,S,2,,0,2,2026,-1.12,-0.25,-1.2604681832472964,0.8639110895883855,,,,1,1,Top,,,,,,,-6.68346042901255,-117.28066581253296,-1.4308267939121204,-9.10572050510266,22.014739073386796,-34.43628866014778,3.087483596,1.558169291,,,,80.9,2678,6.4,824893,686948,621566,645277,663586,805347,643289,671739,573262,54.05,,0.0,0.0,1,0,0,,2,3,Slider,0,0,0,0,0,0,0,0,Standard,Standard,303,0.01,-0.163,67.6,8.9,2.169762096,,0.163,,0,0,0.528,0.472,37,29,37,29,1,0,6,1,6,1,3.76,-1.12,1.12,12.2,32.33235918803712,-53.061321848212565,46.00179785989506,22.315930361038728,54.038028832144505
SL,2026-07-23,77.2,2.98,4.76,"Sale, Chris",650859,519242,,swinging_strike,,,,,13,,R,R,L,ATL,SD,S,,,0,1,2026,-1.04,-0.32,-0.4626924136065826,1.1818558492636777,,,,1,1,Top,,,,,,,-5.306348330291304,-112.28625386075508,0.2156753458668021,-7.724545085280631,21.337477725165325,-35.182085119106596,3.087483596,1.558169291,,,,77.0,2514,6.3,824893,686948,621566,645277,663586,805347,643289,671739,573262,54.21,,,,,,,,2,2,Slider,0,0,0,0,0,0,0,0,Standard,Standard,302,0.004,-0.058,57.7,8.5,3.939377364,,0.058,,0,0,0.524,0.476,37,29,37,29,1,0,6,1,6,1,4.17,-1.04,1.04,9.6,23.627689946656208,-47.50155802882214,27.561496543951417,32.90722862677862,63.258487900631536
FF,2026-07-23,96.8,2.95,4.92,"Sale, Chris",650859,519242,,foul,,,,,7,,R,R,L,ATL,SD,S,,,0,0,2026,1.3,0.65,-0.6042591978430585,1.7247093991468625,,,,1,1,Top,,,,,,,-12.376965347972652,-140.51213186380764,-4.316975049707738,19.84042817165752,28.7893674531865,-22.738271988088172,3.087483596,1.558169291,,,,97.3,2316,6.5,824893,686948,621566,645277,663586,805347,643289,671739,573262,54.03,,,,,,,,2,1,4-Seam Fastball,0,0,0,0,0,0,0,0,Standard,Standard,110,0.002,-0.041,76.4,7.6,,,0.041,,0,0,0.522,0.478,37,29,37,29,1,0,6,1,6,1,1.78,1.3,-1.3,10.2,4.9873160391346545,-11.215873033943572,42.29913435025552,28.697839319818577,33.9309726500214
SL,2026-07-23,79.1,2.99,4.76,"Sale, Chris",665487,519242,strikeout,swinging_strike,,,,,14,Fernando Tatis Jr. strikes out swinging.,R,R,L,ATL,SD,S,2,,1,2,2026,-0.79,-0.39,0.5489807908424345,1.325516524149883,,,,0,1,Top,,,,,,,-3.7491308884701744,-115.2174767165454,0.2024420243945688,-6.39637841771938,20.03492677530123,-35.88883258536256,3.346382874,1.68882874,,,,79.2,2489,6.2,824893,686948,621566,645277,663586,805347,643289,671739,573262,54.34,,0.0,0.0,1,0,0,,1,4,Slider,0,0,0,0,0,0,0,0,Standard,Standard,309,0.015,-0.186,73.9,7.6,0.400123092,,0.186,,0,0,0.507,0.493,37,27,37,27,1,0,6,1,6,1,4.0,-0.79,0.79,11.8,6.555702746294691,-13.558396198323972,31.652416441172072,45.17477155803705,37.28033352641319
SL,2026-07-23,81.6,2.87,4.72,"Sale, Chris",665487,519242,,ball,,,,,14,,R,R,L,ATL,SD,B,,,0,2,2026,-1.18,0.04,0.3572643924331745,0.8712871799238266,,,,0,1,Top,,,,,,,-3.2674745312937103,-118.794758629788,-1.947078653612739,-10.592478674092767,22.362784051783404,-31.61001958296879,3.346382874,1.68882874,,,,82.0,2545,6.5,824893,686948,621566,645277,663586,805347,643289,671739,573262,54.0,,,,,,,,1,3,Slider,0,0,0,0,0,0,0,0,Standard,Standard,313,-0.002,0.022,,,,,-0.022,,0,0,0.509,0.491,37,27,37,27,1,0,6,1,6,1,3.37,-1.18,1.18,10.0,,,,,
FF,2026-07-23,97.0,2.89,4.98,"Sale, Chris",665487,519242,,swinging_strike,,,,,2,,R,R,L,ATL,SD,S,,,0,1,2026,1.25,0.65,0.1635550187263095,3.4501199225373567,,,,0,1,Top,,,,,,,-10.128371331780777,-141.06567068138384,0.0400010490045388,18.85492023726295,28.55148214698664,-23.595680042585673,3.346382874,1.68882874,,,,97.7,2264,6.5,824893,686948,621566,645277,663586,805347,643289,671739,573262,54.02,,,,,,,,1,2,4-Seam Fastball,0,0,0,0,0,0,0,0,Standard,Standard,111,0.006,-0.053,75.8,6.6,0.869742612,,0.053,,0,0,0.503,0.497,37,27,37,27,1,0,6,1,6,1,1.75,1.25,-1.25,10.4,2.3309274916325835,20.90114782913417,22.340530725709108,39.570075384679626,15.101576772096122
FF,2026-07-23,97.6,2.86,4.91,"Sale, Chris",665487,519242,,called_strike,,,,,4,,R,R,L,ATL,SD,S,,,0,0,2026,1.32,0.83,-0.8119558741131196,2.547839554217491,,,,0,1,Top,,,,,,,-12.868036406509274,-141.64007580342263,-2.640042195293718,20.549733098460276,29.61365123916283,-20.590027749654908,3.346382874,1.68882874,,,,98.3,2419,6.6,824893,686948,621566,645277,663586,805347,643289,671739,573262,53.86,,,,,,,,1,1,4-Seam Fastball,0,0,0,0,0,0,0,0,Standard,Standard,108,0.003,-0.042,,,,,0.042,,0,0,0.5,0.5,37,27,37,27,1,0,6,1,6,1,1.56,1.32,-1.32,10.0,,,,,
FS,2026-07-23,83.6,0.51,6.27,"Anderson, Jack",682177,681252,field_out,hit_into_play,,,,,4,Daniel Schneemann flies out to left fielder Trevor Larnach.,R,L,R,CLE,MIN,X,7,fly_ball,2,2,2026,-0.4,0.13,-0.6626152435847986,2.69534727822689,683953,,672275,2,12,Bot,76.51,128.61,,,,,-1.8652162630462523,-121.78389694529324,-1.836775241029774,-3.617998711519034,25.16374212390397,-30.76317735692117,3.19718668,1.613533465,216,87.6,51,83.5,581,6.3,824406,680777,665019,807712,668904,686797,663616,621439,702176,54.19,0.011,0.012,0.0,1,0,0,3,90,5,Split-Finger,1,3,1,3,3,1,1,3,Standard,Standard,211,-0.096,-0.25,69.6,7.1,,0.019,0.25,88.0,-2,-2,0.096,0.096,26,29,27,29,1,0,2,1,1,41,3.14,0.4,-0.4,67.2,17.723893517985008,2.480784942271701,27.815341221918217,39.73870343457784,36.166662450228934
FS,2026-07-23,83.0,0.6,6.26,"Anderson, Jack",682177,681252,,ball,,,,,13,,R,L,R,CLE,MIN,B,,,1,2,2026,-0.03,-0.5,-0.0344680366396502,1.0687669041787435,683953,,672275,2,12,Bot,,,,,,,-1.3756358199129386,-120.78937667406558,-4.063963159585075,0.0170233452853277,25.799615947401485,-36.41393575007,3.19718668,1.613533465,,,,82.7,646,6.3,824406,680777,665019,807712,668904,686797,663616,621439,702176,54.21,,,,,,,,90,4,Split-Finger,1,3,1,3,3,1,1,3,Standard,Standard,221,0.003,0.04,,,,,-0.04,,-2,-2,0.093,0.093,26,29,27,29,1,0,2,1,1,41,3.84,0.03,-0.03,69.0,,,,,
FS,2026-07-23,83.3,0.6,6.33,"Anderson, Jack",682177,681252,,foul_tip,,,,,8,,R,L,R,CLE,MIN,S,,,1,1,2026,-0.66,-0.7,-0.2393653369067945,1.9108629040483571,683953,,672275,2,12,Bot,,,,,,,-0.5934139984681394,-121.34405417772676,-1.9986100157976232,-6.329603813489869,26.078089660675907,-38.8897041209598,3.19718668,1.613533465,,,,83.2,724,6.4,824406,680777,665019,807712,668904,686797,663616,621439,702176,54.14,,,,,,,,90,3,Split-Finger,1,3,1,3,3,1,1,3,Standard,Standard,208,-0.006,-0.076,71.1,8.1,,,0.076,,-2,-2,0.099,0.099,26,29,27,29,1,0,2,1,1,41,4.01,0.66,-0.66,68.0,26.052035781854947,-24.046588083640057,31.476254557898557,36.67381948048026,50.1241235692153
SL,2026-07-23,89.7,0.12,6.25,"Anderson, Jack",682177,681252,,ball,,,,,13,,R,L,R,CLE,MIN,B,,,0,1,2026,0.46,0.91,-0.4126811046953714,1.2164464572454412,683953,,672275,2,12,Bot,,,,,,,-2.2910405085452297,-130.57719523444544,-8.263613972561858,5.717587566169152,22.933024895280237,-20.325835388556506,3.19718668,1.613533465,,,,90.5,2349,6.4,824406,680777,665019,807712,668904,686797,663616,621439,702176,54.11,,,,,,,,90,2,Slider,1,3,1,3,3,1,1,3,Standard,Standard,189,0.003,0.016,,,,,-0.016,,-2,-2,0.096,0.096,26,29,27,29,1,0,2,1,1,41,1.88,-0.46,0.46,62.4,,,,,
SL,2026-07-23,87.6,-0.34,6.13,"Anderson, Jack",682177,681252,,called_strike,,,,,8,,R,L,R,CLE,MIN,S,,,0,0,2026,0.46,0.56,0.2012568863167791,1.5139231263476778,683953,,672275,2,12,Bot,,,,,,,0.3422762061788154,-127.62015178392326,-6.039892738543015,4.984680900953072,22.258196399954247,-25.163224371633586,3.19718668,1.613533465,,,,88.2,2448,6.2,824406,680777,665019,807712,668904,686797,663616,621439,702176,54.27,,,,,,,,90,1,Slider,1,3,1,3,3,1,1,3,Standard,Standard,164,-0.004,-0.028,,,,,0.028,,-2,-2,0.1,0.1,26,29,27,29,1,0,2,1,1,41,2.37,-0.46,0.46,53.2,,,,,
FF,2026-07-23,93.2,0.11,6.25,"Anderson, Jack",672275,681252,walk,ball,,,,,11,Patrick Bailey walks.,R,L,R,CLE,MIN,B,,,3,1,2026,-0.41,1.5,-1.413285208407488,2.93326295137037,683953,,,2,12,Bot,,,,,,,-2.9324059255322763,-135.7046190557191,-5.924012562305337,-4.463747250335528,29.624350393417256,-12.55295271996993,3.22351542,1.626820866,,,,93.3,2206,6.3,824406,680777,665019,807712,668904,686797,663616,621439,702176,54.18,,0.698492,0.7,1,0,0,,89,5,4-Seam Fastball,1,3,1,3,3,1,1,3,Standard,Standard,200,0.029,0.049,,,,,-0.049,,-2,-2,0.071,0.071,26,27,27,27,1,4,2,1,1,2,1.12,0.41,-0.41,61.1,,,,,
FF,2026-07-23,92.7,0.44,6.36,"Anderson, Jack",672275,681252,,ball,,,,,13,,R,L,R,CLE,MIN,B,,,2,1,2026,-0.33,1.63,-0.9335753976283716,1.5740651605250733,683953,,,2,12,Bot,,,,,,,-2.721583476093793,-134.80343588040196,-9.839674635378568,-3.5305155496799587,27.005285570050457,-10.418916958898462,3.22351542,1.626820866,,,,93.1,2165,6.4,824406,680777,665019,807712,668904,686797,663616,621439,702176,54.13,,,,,,,,89,4,4-Seam Fastball,1,3,1,3,3,1,1,3,Standard,Standard,203,0.015,0.054,,,,,-0.054,,-2,-2,0.056,0.056,26,27,27,27,1,4,2,1,1,2,1.01,0.33,-0.33,63.7,,,,,
ST,2026-07-23,83.5,-0.18,5.97,"Anderson, Jack",672275,681252,,ball,,,,,14,,R,L,R,CLE,MIN,B,,,1,1,2026,1.36,0.68,2.207349084844073,1.3068588054485777,683953,,,2,12,Bot,,,,,,,2.7159948897771593,-121.39849442811172,-5.30626195232937,12.5977314575762,28.322148195731756,-24.526066377396035,3.22351542,1.626820866,,,,83.3,2518,6.6,824406,680777,665019,807712,668904,686797,663616,621439,702176,53.86,,,,,,,,89,3,Sweeper,1,3,1,3,3,1,1,3,Infield shade,Standard,95,0.005,0.031,,,,,-0.031,,-2,-2,0.051,0.051,26,27,27,27,1,4,2,1,1,2,2.64,-1.36,1.36,53.6,,,,,
FS,2026-07-23,83.2,0.54,6.28,"Anderson, Jack",672275,681252,,foul_tip,,,,,5,,R,L,R,CLE,MIN,S,,,1,0,2026,-0.21,0.59,-0.1486436030918185,2.156055732978957,683953,,,2,12,Bot,,,,,,,-1.1297115639872035,-121.17568511527826,-3.923848412505587,-1.8557039561016533,24.345184178782265,-25.85116933953159,3.22351542,1.626820866,,,,83.2,410,6.3,824406,680777,665019,807712,668904,686797,663616,621439,702176,54.19,,,,,,,,89,2,Split-Finger,1,3,1,3,3,1,1,3,Standard,Standard,233,-0.005,-0.032,78.1,8.1,,,0.032,,-2,-2,0.056,0.056,26,27,27,27,1,4,2,1,1,2,2.71,0.21,-0.21,67.2,25.04711752144776,-18.843281806194693,32.54314927076122,36.97814619757769,46.41908584606938
FS,2026-07-23,83.6,0.62,6.22,"Anderson, Jack",672275,681252,,blocked_ball,,,,,14,,R,L,R,CLE,MIN,B,,,0,0,2026,-0.7,-0.7,0.2398464022020222,0.1151346114359337,683953,,,2,12,Bot,,,,,,,0.5261240907503558,-121.58010596004328,-5.827479392653949,-6.938518822573616,27.598653309924593,-37.96843843078503,3.22351542,1.626820866,,,,83.3,652,6.5,824406,680777,665019,807712,668904,686797,663616,621439,702176,54.04,,,,,,,,89,1,Split-Finger,1,3,1,3,3,1,1,3,Standard,Standard,261,0.005,0.029,,,,,-0.029,,-2,-2,0.051,0.051,26,27,27,27,1,4,2,1,1,2,4.01,0.7,-0.7,69.8,,,,,
ST,2026-07-23,82.9,-0.29,6.06,"Anderson, Jack",672356,681252,field_out,hit_into_play,,,,,14,"Gabriel Arias grounds out, second baseman Luke Keaschall to first baseman Kody Clemens. Travis Bazzana to 3rd.",R,R,R,CLE,MIN,X,4,ground_ball,0,1,2026,1.06,-0.23,1.090934829337929,2.239824631245666,,683953,,1,12,Bot,136.14,148.01,,,,,1.0064313698015157,-120.76792586328922,-1.6006308405593286,10.240970201036584,22.976643140605137,-34.347969559858974,3.241945538,1.636122047,46,76.2,2,83.2,2484,6.4,824406,680777,665019,807712,668904,686797,663616,621439,702176,54.1,0.152,0.137,0.0,1,0,0,2,88,2,Sweeper,1,3,1,3,3,1,1,3,Standard,Standard,69,-0.062,-0.202,75.2,7.5,,0.173,0.202,88.0,-2,-2,0.113,0.113,26,26,27,26,1,0,2,2,1,1,3.53,-1.06,-1.06,51.0,15.785677792068007,10.135972467318208,28.739530337851217,51.93084334783066,28.94028226316629
ST,2026-07-23,82.6,-0.45,5.91,"Anderson, Jack",672356,681252,,swinging_strike,,,,,6,,R,R,R,CLE,MIN,S,,,0,0,2026,1.16,0.24,0.4802064029745065,2.428928178212524,,683953,,1,12,Bot,,,,,,,-0.2232751007640255,-120.31078724121488,-1.7042644462585896,11.351586731294198,22.77827168567595,-29.718144166850635,3.241945538,1.636122047,,,,83.1,2473,6.5,824406,680777,665019,807712,668904,686797,663616,621439,702176,53.96,,,,,,,,88,1,Sweeper,1,3,1,3,3,1,1,3,Standard,Standard,90,-0.011,-0.045,79.2,7.6,0.877784352,,0.045,,-2,-2,0.124,0.124,26,26,27,26,1,0,2,2,1,1,3.09,-1.16,-1.16,50.0,10.536170644178096,4.279412125056102,37.6435914354367,44.24888893183251,24.754126731407663
FF,2026-07-23,93.1,0.23,6.28,"Anderson, Jack",656555,681252,strikeout,foul_tip,,,,,4,Rhys Hoskins strikes out on a foul tip.,R,R,R,CLE,MIN,S,2,,3,2,2026,-0.29,1.71,-0.5455741850034991,2.486274188017501,,683953,,0,12,Bot,,,,,,,-1.3394940944870763,-135.53435493030454,-7.620207779085602,-3.282680089386381,27.923658657264717,-9.601272989527512,3.334096129,1.682627953,,,,93.7,2239,6.5,824406,680777,665019,807712,668904,686797,663616,621439,702176,54.02,,0.0,0.0,1,0,0,,87,6,4-Seam Fastball,1,3,1,3,3,1,1,3,Standard,Standard,202,-0.105,-0.404,72.6,8.0,,,0.404,,-2,-2,0.229,0.229,26,33,27,33,1,4,2,2,1,1,0.9,0.29,0.29,63.2,14.275129108216968,-1.4935984964336853,43.62862176466621,28.675823654757316,28.434366951095683
FS,2026-07-23,82.4,0.43,6.13,"Anderson, Jack",656555,681252,,blocked_ball,,,,,13,,R,R,R,CLE,MIN,B,,,2,2,2026,-0.18,0.06,-0.211518533704206,-0.4639250189027724,,683953,,0,12,Bot,,,,,,,-1.0836889243842285,-119.73869273037693,-8.229055707581832,-1.4905900835363113,24.709937318466707,-30.110311223880704,3.334096129,1.682627953,,,,82.5,669,6.6,824406,680777,665019,807712,668904,686797,663616,621439,702176,53.91,,,,,,,,87,5,Split-Finger,1,3,1,3,3,1,1,3,Standard,Standard,207,0.031,0.121,,,,,-0.121,,-2,-2,0.198,0.198,26,33,27,33,1,4,2,2,1,1,3.32,0.18,0.18,66.7,,,,,
FF,2026-07-23,94.2,-0.14,6.18,"Anderson, Jack",656555,681252,,ball,,,,,11,,R,R,R,CLE,MIN,B,,,1,2,2026,-0.26,1.43,-0.0672259384088345,3.94697031722215,,683953,,0,12,Bot,,,,,,,0.7748829177031211,-137.13526924922544,-3.130348311809718,-3.4195401292679204,31.272596656441163,-13.699905007602084,3.334096129,1.682627953,,,,94.0,2283,6.2,824406,680777,665019,807712,668904,686797,663616,621439,702176,54.27,,,,,,,,87,4,4-Seam Fastball,1,3,1,3,3,1,1,3,Standard,Standard,195,0.013,0.025,,,,,-0.025,,-2,-2,0.185,0.185,26,33,27,33,1,4,2,2,1,1,1.14,0.26,0.26,56.3,,,,,
FS,2026-07-23,83.9,0.2,6.19,"Anderson, Jack",656555,681252,,swinging_strike,,,,,13,,R,R,R,CLE,MIN,S,,,1,1,2026,-0.17,0.22,-0.4334499158847927,1.457787432343438,,683953,,0,12,Bot,,,,,,,-1.1147721384819844,-122.16921534002184,-4.744480475010683,-1.4388509679828505,24.139994863117057,-29.290835204633847,3.334096129,1.682627953,,,,84.2,585,6.5,824406,680777,665019,807712,668904,686797,663616,621439,702176,54.04,,,,,,,,87,3,Split-Finger,1,3,1,3,3,1,1,3,Standard,Standard,241,-0.022,-0.052,72.2,9.4,0.1,,0.052,,-2,-2,0.207,0.207,26,33,27,33,1,4,2,2,1,1,3.02,0.17,0.17,72.0,33.80800884091035,-34.52120749684108,39.31560026722365,30.62980048981035,51.20046552989669
SL,2026-07-23,85.8,0.06,6.18,"Anderson, Jack",656555,681252,,swinging_strike,,,,,14,,R,R,R,CLE,MIN,S,,,1,0,2026,0.51,0.22,0.3512479064522157,1.1848564593520918,,683953,,0,12,Bot,,,,,,,-0.3601956574895797,-125.05618036725858,-5.869569851375784,5.443590982419514,22.300803818384853,-28.95011370551243,3.334096129,1.682627953,,,,86.6,2246,6.4,824406,680777,665019,807712,668904,686797,663616,621439,702176,54.05,,,,,,,,87,2,Slider,1,3,1,3,3,1,1,3,Standard,Standard,164,-0.016,-0.056,64.6,8.7,2.201509032,,0.056,,-2,-2,0.223,0.223,26,33,27,33,1,4,2,2,1,1,2.83,-0.51,-0.51,64.3,16.488972631799765,-5.816890708737393,35.54458912002029,40.53090616584586,37.199448576370045
ST,2026-07-23,82.7,-0.51,6.1,"Anderson, Jack",656555,681252,,ball,,,,,11,,R,R,R,CLE,MIN,B,,,0,0,2026,0.91,-0.12,-1.170596449251671,3.661141754644742,,683953,,0,12,Bot,,,,,,,-3.2922007442066934,-120.58530677726696,1.2756478097031507,9.52444073128492,20.478650793937756,-33.8100167273392,3.334096129,1.682627953,,,,83.4,2563,6.4,824406,680777,665019,807712,668904,686797,663616,621439,702176,54.13,,,,,,,,87,1,Sweeper,1,3,1,3,3,1,1,3,Standard,Standard,84,0.012,0.032,,,,,-0.032,,-2,-2,0.211,0.211,26,33,27,33,1,4,2,2,1,1,3.41,-0.91,-0.91,54.2,,,,,
FF,2026-07-23,94.9,1.21,5.94,"Sabrowski, Erik",702176,681870,field_out,hit_into_play,,,,,5,Alan Roden flies out to left fielder Steven Kwan.,R,L,L,CLE,MIN,X,7,fly_ball,1,0,2026,0.96,1.56,0.0847088144913897,2.1405186923888655,663616,,807712,2,12,Top,92.42,102.09,,,,,-5.127536872660007,-137.96762443761634,-7.636690911536627,13.444257129857032,30.569020743471864,-10.712141556940129,3.159448819,1.594488189,257,93.9,46,95.3,2649,6.5,824406,672275,672356,683953,608070,677587,680757,690984,800050,53.95,0.003,0.003,0.0,1,0,0,3,86,2,4-Seam Fastball,1,3,3,1,3,1,3,1,Standard,Standard,154,0.04,-0.317,72.0,7.3,,0.003,0.317,93.9,-2,2,0.171,0.829,28,26,29,27,1,2,1,1,6,2,0.97,0.96,0.96,45.2,3.6352953505299137,-8.170362895523258,33.44938252447946,35.962044547278595,34.548906868323854
FF,2026-07-23,95.7,1.24,5.92,"Sabrowski, Erik",702176,681870,,ball,,,,,9,,R,L,L,CLE,MIN,B,,,0,0,2026,0.84,1.62,0.7876028353416279,1.5057467871012218,663616,,807712,2,12,Top,,,,,,,-3.133433347647234,-139.10398406411494,-9.566466796571596,11.647076364520451,30.69604601945303,-9.140371537281482,3.159448819,1.594488189,,,,96.3,2662,6.6,824406,672275,672356,683953,608070,677587,680757,690984,800050,53.85,,,,,,,,86,1,4-Seam Fastball,1,3,3,1,3,1,3,1,Standard,Standard,150,-0.001,0.019,,,,,-0.019,,-2,2,0.172,0.828,28,26,29,27,1,2,1,1,6,2,0.87,0.84,0.84,44.2,,,,,
CU,2026-07-23,82.0,1.07,6.05,"Sabrowski, Erik",807712,681870,single,hit_into_play,,,,,9,Luke Keaschall singles on a ground ball to left fielder Steven Kwan. Royce Lewis scores. Trevor Larnach to 3rd. Throwing error by left fielder Steven Kwan.,R,R,L,CLE,MIN,X,7,ground_ball,1,1,2026,-0.33,-1.26,0.4273093024321557,1.7324169649228152,,668904,663616,2,12,Top,79.41,129.91,,,,,-0.7877490422827423,-119.44792276719856,-0.4873211111994249,-2.9814354023950553,22.813875886067404,-44.405077655088995,3.213861549,1.621948819,104,87.0,8,82.5,2868,6.5,824406,672275,672356,683953,608070,677587,680757,690984,800050,53.99,0.477,0.451,0.9,1,1,0,4,85,3,Curveball,1,2,2,1,3,1,3,1,Standard,Standard,335,-0.194,0.567,65.2,7.3,,0.542,-0.567,88.0,-1,1,0.366,0.634,28,23,29,24,1,4,1,1,6,1,4.64,-0.33,0.33,50.0,16.82649898792479,-10.960724585650809,40.33986333611096,39.242341985023245,38.49312821500537
FF,2026-07-23,94.0,1.07,5.98,"Sabrowski, Erik",807712,681870,,ball,,,,,11,,R,R,L,CLE,MIN,B,,,0,1,2026,0.73,1.47,-0.8122739393465599,3.9141311892301953,,668904,663616,2,12,Top,,,,,,,-6.492866073534576,-136.73805374279917,-2.7602989753011435,10.61323219790601,32.1961861609205,-13.405525914376163,3.213861549,1.621948819,,,,94.1,2585,6.5,824406,672275,672356,683953,608070,677587,680757,690984,800050,53.97,,,,,,,,85,2,4-Seam Fastball,1,2,2,1,2,1,2,1,Standard,Standard,149,0.017,0.019,,,,,-0.019,,-1,1,0.349,0.651,28,23,29,24,1,4,1,1,6,1,1.13,0.73,-0.73,46.4,,,,,
FF,2026-07-23,94.2,1.08,5.97,"Sabrowski, Erik",807712,681870,,called_strike,,,,,8,,R,R,L,CLE,MIN,S,,,0,0,2026,0.91,1.58,0.104498310194801,1.9805279513481144,,668904,663616,2,12,Top,,,,,,,-4.554999201117431,-136.8528346643101,-7.964372523816398,12.404845783285726,32.441220393772,-10.71737408749974,3.213861549,1.621948819,,,,94.1,2535,6.5,824406,672275,672356,683953,608070,677587,680757,690984,800050,54.03,,,,,,,,85,1,4-Seam Fastball,1,2,2,1,2,1,2,1,Standard,Standard,149,-0.026,-0.034,,,,,0.034,,-1,1,0.375,0.625,28,23,29,24,1,4,1,1,6,1,1.01,0.91,-0.91,44.8,,,,,
CU,2026-07-23,81.7,0.87,6.06,"Sabrowski, Erik",663616,681870,single,hit_into_play,,,,,1,Trevor Larnach singles on a ground ball to left fielder Steven Kwan. Ryan Jeffers scores. Royce Lewis to 2nd.,R,L,L,CLE,MIN,X,7,ground_ball,0,1,2026,-0.64,-0.72,-0.33485857401379,3.183484714615911,680777,,668904,2,12,Top,86.21,110.65,,,,,-1.427685101843186,-119.0948009938306,1.647674658747597,-5.889141017866414,21.68613657102135,-39.52305407490457,3.323564633,1.677312992,136,81.6,9,82.3,2913,6.5,824406,672275,672356,683953,608070,677587,680757,690984,800050,54.0,0.426,0.396,0.9,1,1,0,4,84,2,Curveball,1,1,1,1,2,1,2,1,Standard,Standard,328,-0.288,0.645,59.0,5.8,,0.477,-0.645,88.0,0,0,0.663,0.337,28,29,29,29,1,2,1,1,6,2,4.1,-0.64,-0.64,51.1,-5.104686292956325,16.389045838353884,25.71677752118686,38.82824261669361,24.06314675459069
SL,2026-07-23,87.3,0.99,6.04,"Sabrowski, Erik",663616,681870,,called_strike,,,,,1,,R,L,L,CLE,MIN,S,,,0,0,2026,-0.29,0.35,-0.7749081109979157,3.105197066993265,680777,,668904,2,12,Top,,,,,,,-3.5983253012867507,-127.20438356193796,-1.4825357189569064,-2.4679942259347247,25.324250362549385,-28.22285555651506,3.323564633,1.677312992,,,,88.0,2718,6.6,824406,672275,672356,683953,608070,677587,680757,690984,800050,53.94,,,,,,,,84,1,Slider,1,1,1,1,1,1,1,1,Standard,Standard,248,-0.004,-0.028,,,,,0.028,,0,0,0.667,0.333,28,29,29,29,1,2,1,1,6,2,2.62,-0.29,-0.29,52.0,,,,,
,2026-07-23,,,,"Sabrowski, Erik",668904,681870,intent_walk,automatic_ball,,,,,,Erik Sabrowski intentionally walks Royce Lewis.,R,R,L,CLE,MIN,B,,,3,0,2026,,,,,680777,,,2,12,Top,,,,,,,,,,,,,,,,,,,,,824406,672275,672356,683953,608070,677587,680757,690984,800050,,,,0.4,,0,0,,83,4,,1,1,1,1,1,1,1,1,,,,-0.009,,,,,,,,0,0,0.676,0.324,28,27,29,27,1,4,1,1,6,1,,,,,,,,,
,2026-07-23,,,,"Sabrowski, Erik",668904,681870,,automatic_ball,,,,,,,R,R,L,CLE,MIN,B,,,2,0,2026,,,,,680777,,,2,12,Top,,,,,,,,,,,,,,,,,,,,,824406,672275,672356,683953,608070,677587,680757,690984,800050,,,,,,,,,83,3,,1,1,1,1,1,1,1,1,,,,-0.007,,,,,,,,0,0,0.683,0.317,28,27,29,27,1,4,1,1,6,1,,,,,,,,,
,2026-07-23,,,,"Sabrowski, Erik",668904,681870,,automatic_ball,,,,,,,R,R,L,CLE,MIN,B,,,1,0,2026,,,,,680777,,,2,12,Top,,,,,,,,,,,,,,,,,,,,,824406,672275,672356,683953,608070,677587,680757,690984,800050,,,,,,,,,83,2,,1,1,1,1,1,1,1,1,,,,-0.005,,,,,,,,0,0,0.688,0.312,28,27,29,27,1,4,1,1,6,1,,,,,,,,,
,2026-07-23,,,,"Sabrowski, Erik",668904,681870,,automatic_ball,,,,,,,R,R,L,CLE,MIN,B,,,0,0,2026,,,,,680777,,,2,12,Top,,,,,,,,,,,,,,,,,,,,,824406,672275,672356,683953,608070,677587,680757,690984,800050,,,,,,,,,83,1,,1,1,1,1,1,1,1,1,,,,-0.002,,,,,,,,0,0,0.69,0.31,28,27,29,27,1,4,1,1,6,1,,,,,,,,,
FF,2026-07-23,94.4,1.15,5.97,"Sabrowski, Erik",665019,681870,field_out,hit_into_play,,,,,11,"Kody Clemens grounds out, second baseman Travis Bazzana to first baseman Gabriel Arias. Ryan Jeffers to 3rd.",R,L,L,CLE,MIN,X,4,ground_ball,3,1,2026,0.73,1.48,-0.1499961755141232,3.4049453795708664,,680777,,1,12,Top,150.06,155.88,,,,,-5.004600677700952,-137.4256433356634,-4.179673145363654,10.318020395052574,29.979610312438613,-12.693765973600549,3.211228675,1.620620079,15,96.2,-11,94.9,2637,6.5,824406,672275,672356,683953,608070,677587,680757,690984,800050,53.96,0.222,0.2,0.0,1,0,0,2,82,5,4-Seam Fastball,1,1,1,1,1,1,1,1,Standard,Standard,147,0.097,-0.343,72.9,6.8,,0.243,0.343,96.2,0,0,0.593,0.407,28,30,29,30,1,4,1,1,6,2,1.07,0.73,0.73,44.6,13.422790805409248,1.6794247318868207,18.780513440692925,37.13401854496037,33.05687085990933
FF,2026-07-23,94.2,1.14,5.9,"Sabrowski, Erik",665019,681870,,called_strike,,,,,8,,R,L,L,CLE,MIN,S,,,3,0,2026,0.76,1.57,-0.0229382094311024,1.8465163280440624,,680777,,1,12,Top,,,,,,,-4.725992599944294,-136.96603959065942,-8.154956617227224,10.654324024311205,30.89932814146576,-10.844725086995668,3.211228675,1.620620079,,,,94.6,2667,6.6,824406,672275,672356,683953,608070,677587,680757,690984,800050,53.9,,,,,,,,82,4,4-Seam Fastball,1,1,1,1,1,1,1,1,Standard,Standard,147,0.007,-0.051,,,,,0.051,,0,0,0.586,0.414,28,30,29,30,1,4,1,1,6,2,1.01,0.76,0.76,45.4,,,,,
FF,2026-07-23,94.6,1.2,5.96,"Sabrowski, Erik",665019,681870,,ball,,,,,12,,R,L,L,CLE,MIN,B,,,2,0,2026,0.81,1.78,0.5521536360079289,3.5266079370092256,,680777,,1,12,Top,,,,,,,-3.5151396596399507,-137.52980913653133,-4.46543018885397,11.086026111128149,34.61404030114047,-8.934504555382068,3.211228675,1.620620079,,,,94.4,2616,6.6,824406,672275,672356,683953,608070,677587,680757,690984,800050,53.95,,,,,,,,82,3,4-Seam Fastball,1,1,1,1,1,1,1,1,Standard,Standard,148,-0.011,0.084,,,,,-0.084,,0,0,0.597,0.403,28,30,29,30,1,4,1,1,6,2,0.8,0.81,0.81,45.6,,,,,
FF,2026-07-23,94.9,1.04,6.01,"Sabrowski, Erik",665019,681870,,ball,,,,,12,,R,L,L,CLE,MIN,B,,,1,0,2026,0.9,1.71,1.1162896009696306,3.4112842231363185,,680777,,1,12,Top,,,,,,,-1.8669394903139132,-138.0316346815539,-4.7827498233317565,11.91455337815404,34.77103505058462,-9.507790833232535,3.211228675,1.620620079,,,,94.6,2651,6.5,824406,672275,672356,683953,608070,677587,680757,690984,800050,54.04,,,,,,,,82,2,4-Seam Fastball,1,1,1,1,1,1,1,1,Standard,Standard,148,-0.008,0.026,,,,,-0.026,,0,0,0.605,0.395,28,30,29,30,1,4,1,1,6,2,0.85,0.9,0.9,47.1,,,,,
FF,2026-07-23,95.5,1.13,5.94,"Sabrowski, Erik",665019,681870,,ball,,,,,12,,R,L,L,CLE,MIN,B,,,0,0,2026,0.81,1.67,1.3905253367804884,3.1046617433844337,,680777,,1,12,Top,,,,,,,-1.1922862579665006,-139.05869161755857,-5.491670918817443,10.794428557873587,32.520436138916565,-9.542734652548884,3.211228675,1.620620079,,,,96.0,2652,6.6,824406,672275,672356,683953,608070,677587,680757,690984,800050,53.89,,,,,,,,82,1,4-Seam Fastball,1,1,1,1,1,1,1,1,Standard,Standard,151,-0.004,0.038,,,,,-0.038,,0,0,0.609,0.391,28,30,29,30,1,4,1,1,6,2,0.84,0.81,0.81,45.7,,,,,
CU,2026-07-23,84.3,0.98,6.16,"Sabrowski, Erik",605137,681870,strikeout,swinging_strike_blocked,,,,,13,Josh Bell strikes out swinging.,R,R,L,CLE,MIN,S,2,,0,2,2026,-0.32,-0.79,-0.2183611224463832,1.384612728056398,,680777,,0,12,Top,,,,,,,-2.1068492344497076,-122.738532864212,-2.7654522290723875,-2.688360573403998,28.272096363203605,-39.70649311429906,3.334973753,1.683070866,,,,84.1,2826,6.5,824406,672275,672356,683953,608070,677587,680757,690984,800050,54.02,,0.0,0.0,1,0,0,,81,5,Curveball,1,1,1,1,1,1,1,1,Strategic,Strategic,338,0.065,-0.235,65.9,9.0,2.222645028,,0.235,,0,0,0.544,0.456,28,33,29,34,1,4,1,1,6,1,4.04,-0.32,0.32,49.4,24.7931730833116,-41.11437236271652,38.83005852229112,32.99278734564316,48.13679590463009
CU,2026-07-23,82.9,0.88,6.18,"Sabrowski, Erik",605137,681870,,foul,,,,,9,,R,R,L,CLE,MIN,S,,,0,2,2026,-0.73,-1.0,0.4352654118724474,1.8326304157511153,,680777,,0,12,Top,,,,,,,0.4464255623975802,-120.67301079370758,-1.1711508715232997,-7.171357402343524,25.972827646326586,-41.822193106710635,3.334973753,1.683070866,,,,82.7,2795,6.4,824406,672275,672356,683953,608070,677587,680757,690984,800050,54.11,,,,,,,,81,4,Curveball,1,1,1,1,1,1,1,1,Strategic,Strategic,331,0.0,0.0,69.0,8.7,,,0.0,,0,0,0.544,0.456,28,33,29,34,1,4,1,1,6,1,4.34,-0.73,0.73,55.1,15.599237246482256,-5.597825329714969,38.857638783171744,40.896536138172266,28.32985351705986
CU,2026-07-23,83.1,0.94,6.2,"Sabrowski, Erik",605137,681870,,foul,,,,,8,,R,R,L,CLE,MIN,S,,,0,2,2026,-0.54,-1.15,-0.2329354590854849,2.183370947807855,,680777,,0,12,Top,,,,,,,-1.5871569510199997,-121.0815411190944,-0.2149860053240018,-4.993087435597704,23.61972065011896,-43.69540143270498,3.334973753,1.683070866,62,103.3,2,83.3,2809,6.4,824406,672275,672356,683953,608070,677587,680757,690984,800050,54.15,,,,,,,,81,3,Curveball,1,1,1,1,1,1,1,1,Strategic,Strategic,333,0.0,0.0,75.9,8.4,,,0.0,103.3,0,0,0.544,0.456,28,33,29,34,1,4,1,1,6,1,4.45,-0.54,0.54,50.1,18.95995121876271,-22.83004458347367,33.23740453276202,32.1703644820902,43.86459163401895
CU,2026-07-23,81.6,0.9,6.25,"Sabrowski, Erik",605137,681870,,foul,,,,,13,,R,R,L,CLE,MIN,S,,,0,1,2026,-0.38,-1.16,-0.4394903717793483,1.4737082574376943,,680777,,0,12,Top,,,,,,,-2.235888426948544,-118.82349585202398,-1.5997713120240864,-3.1400512295923604,24.004569132458165,-43.05027466525923,3.334973753,1.683070866,2,50.8,-35,81.5,2719,6.3,824406,672275,672356,683953,608070,677587,680757,690984,800050,54.2,,,,,,,,81,2,Curveball,1,1,1,1,1,1,1,1,Strategic,Standard,338,0.028,-0.062,58.3,8.4,,,0.062,88.0,0,0,0.516,0.484,28,33,29,34,1,4,1,1,6,1,4.6,-0.38,0.38,49.9,19.779059764362483,-32.07247522092389,41.04471277478482,28.84152917959335,46.31740150755887
CU,2026-07-23,81.7,0.92,6.18,"Sabrowski, Erik",605137,681870,,swinging_strike_blocked,,,,,13,,R,R,L,CLE,MIN,S,,,0,0,2026,-0.72,-1.11,-1.020977169263802,-0.7108528680429127,,680777,,0,12,Top,,,,,,,-2.9236472081236946,-118.83103236373282,-6.370577579366704,-6.098290864214027,25.85978209663715,-41.47944708944405,3.334973753,1.683070866,,,,81.6,2863,6.6,824406,672275,672356,683953,608070,677587,680757,690984,800050,53.94,,,,,,,,81,1,Curveball,1,1,1,1,1,1,1,1,Strategic,Standard,337,0.016,-0.036,25.4,7.3,35.876784972,,0.036,,0,0,0.5,0.5,28,33,29,34,1,4,1,1,6,1,4.57,-0.72,0.72,49.9,25.807283216398957,-7.382227665770446,35.90230326480749,23.931731600946016,43.37042580555143
SI,2026-07-23,93.6,1.68,5.48,"Rogers, Taylor",683953,573124,force_out,hit_into_play,,,,,1,"Travis Bazzana grounds into a force out, fielded by shortstop Brooks Lee. José Ramírez out at 2nd.",R,L,L,CLE,MIN,X,6,ground_ball,2,2,2026,1.65,0.83,-0.3511851688980723,2.916944313330604,,680757,608070,2,11,Bot,115.56,154.67,,,,,-8.779343447957801,-135.84606580395155,-2.440049378529954,22.35059886729435,33.79634849548215,-21.602186070687186,3.178756562,1.604232283,34,89.8,-3,92.1,2228,5.9,824406,680777,665019,807712,668904,686797,663616,621439,702176,54.62,0.284,0.262,0.0,1,0,0,2,80,5,Sinker,1,1,1,1,1,1,1,1,Standard,Standard,124,-0.097,-0.227,65.5,6.0,,0.315,0.227,89.8,0,0,0.597,0.597,35,23,36,24,1,4,2,1,2,1,1.81,1.65,1.65,31.9,2.5368698581183833,16.467495807556002,26.44302216376816,39.50912779398229,24.385502625922054
SI,2026-07-23,93.6,1.86,5.48,"Rogers, Taylor",683953,573124,,called_strike,,,,,1,,R,L,L,CLE,MIN,S,,,2,1,2026,1.5,0.84,-0.4420986042036889,3.0977977814346493,,680757,608070,2,11,Bot,,,,,,,-9.149179049359988,-136.0174688104559,-2.0764229276371324,20.67272896281594,31.30385091763591,-21.455186274454196,3.178756562,1.604232283,,,,92.6,2334,5.9,824406,680777,665019,807712,668904,686797,663616,621439,702176,54.63,,,,,,,,80,4,Sinker,1,1,1,1,1,1,1,1,Standard,Standard,131,-0.022,-0.078,,,,,0.078,,0,0,0.619,0.619,35,23,36,24,1,4,2,1,2,1,1.77,1.5,1.5,30.2,,,,,
SI,2026-07-23,93.6,1.63,5.51,"Rogers, Taylor",683953,573124,,ball,,,,,13,,R,L,L,CLE,MIN,B,,,1,1,2026,1.56,0.89,-1.6798002005409742,1.4858375939138897,,680757,608070,2,11,Bot,,,,,,,-11.816381638789036,-135.73356552759523,-6.341534445876156,21.898099949961836,29.423878892398232,-19.83422074200314,3.178756562,1.604232283,,,,92.9,2208,6.0,824406,680777,665019,807712,668904,686797,663616,621439,702176,54.49,,,,,,,,80,3,Sinker,1,1,1,1,1,1,1,1,Standard,Standard,119,0.011,0.035,,,,,-0.035,,0,0,0.608,0.608,35,23,36,24,1,4,2,1,2,1,1.72,1.56,1.56,30.2,,,,,
SI,2026-07-23,92.8,1.83,5.48,"Rogers, Taylor",683953,573124,,foul,,,,,9,,R,L,L,CLE,MIN,S,,,1,0,2026,1.42,0.61,0.38874267076064,2.0100064215879874,,680757,608070,2,11,Bot,,,,,,,-6.7241243576472,-134.99802108865097,-4.195560378647108,18.848126844856218,28.57184913318465,-24.007282850017113,3.178756562,1.604232283,153,84.3,64,91.9,2291,5.7,824406,680777,665019,807712,668904,686797,663616,621439,702176,54.82,,,,,,,,80,2,Sinker,1,1,1,1,1,1,1,1,Standard,Standard,126,-0.011,-0.046,69.6,7.0,,,0.046,88.0,0,0,0.619,0.619,35,23,36,24,1,4,2,1,2,1,2.03,1.42,1.42,29.4,7.248360861994796,-4.473837089456978,39.861752607510695,31.718527714679663,37.22208423906527
SI,2026-07-23,93.5,1.76,5.59,"Rogers, Taylor",683953,573124,,ball,,,,,11,,R,L,L,CLE,MIN,B,,,0,0,2026,1.63,0.78,-0.6859850396854965,3.4598102107430133,,680757,608070,2,11,Bot,,,,,,,-9.803170955470272,-135.71952799827142,-1.2108417927858,22.422445852482547,33.03794251850899,-22.578965125475634,3.178756562,1.604232283,,,,92.3,2234,6.0,824406,680777,665019,807712,668904,686797,663616,621439,702176,54.53,,,,,,,,80,1,Sinker,1,1,1,1,1,1,1,1,Standard,Standard,133,0.005,0.03,,,,,-0.03,,0,0,0.614,0.614,35,23,36,24,1,4,2,1,2,1,1.87,1.63,1.63,31.2,,,,,
SI,2026-07-23,92.9,1.82,5.5,"Rogers, Taylor",677587,573124,field_out,hit_into_play,,,,,9,Brayan Rocchio flies out to right fielder Alan Roden.,R,R,L,CLE,MIN,X,9,fly_ball,1,0,2026,1.22,0.83,0.4708681284027114,1.9627117958803408,,680757,608070,1,11,Bot,172.99,96.23,,,,,-6.064758785915828,-135.17121092538522,-4.9043906606467695,16.266728140895108,28.202925917928507,-21.07265385391278,3.068175853,1.548425197,281,92.9,42,92.1,2251,5.7,824406,680777,665019,807712,668904,686797,663616,621439,702176,54.75,0.011,0.016,0.0,1,0,0,3,79,2,Sinker,1,1,1,1,1,1,1,1,Standard,Standard,131,-0.109,-0.281,71.5,7.9,,0.027,0.281,92.9,0,0,0.723,0.723,35,25,36,25,1,4,2,1,2,1,1.8,1.22,-1.22,30.3,14.391645431409984,-1.4627365548813958,31.78211032854329,40.214634266409846,30.981436574360117
ST,2026-07-23,78.1,1.98,5.45,"Rogers, Taylor",677587,573124,,ball,,,,,13,,R,R,L,CLE,MIN,B,,,0,0,2026,-1.63,-0.03,-1.2221670631190389,1.5392279693052986,,680757,608070,1,11,Bot,,,,,,,-3.7225666423605506,-113.62157218976309,-1.102415232530241,-13.063545475173838,25.22496737977119,-32.45059146640144,3.068175853,1.548425197,,,,76.8,3030,5.9,824406,680777,665019,807712,668904,686797,663616,621439,702176,54.65,,,,,,,,79,1,Sweeper,1,1,1,1,1,1,1,1,Standard,Standard,299,0.013,0.04,,,,,-0.04,,0,0,0.71,0.71,35,25,36,25,1,4,2,1,2,1,3.84,-1.63,1.63,29.2,,,,,
SI,2026-07-23,92.3,1.67,5.55,"Rogers, Taylor",800050,573124,strikeout,called_strike,,,,,4,"Chase DeLauter challenged (pitch result), call on the field was confirmed: Chase DeLauter called out on strikes.",R,L,L,CLE,MIN,S,2,,3,2,2026,1.49,0.86,-0.7663066465913029,2.234144739547593,,680757,608070,0,11,Bot,,,,,,,-9.299148951887762,-133.98195707648313,-4.225717952009803,19.99589114432586,30.099225383616183,-21.046417371522015,3.339361877,1.685285433,,,,91.2,2298,5.8,824406,680777,665019,807712,668904,686797,663616,621439,702176,54.67,,0.0,0.0,1,0,0,,78,6,Sinker,1,1,1,1,1,1,1,1,Standard,Standard,134,-0.119,-0.34,,,,,0.34,,0,0,0.829,0.829,35,24,36,25,1,4,2,1,2,1,1.84,1.49,1.49,31.9,,,,,
ST,2026-07-23,78.7,1.94,5.5,"Rogers, Taylor",800050,573124,,ball,,,,,13,,R,L,L,CLE,MIN,B,,,2,2,2026,-1.46,0.11,-1.4989849310359122,1.1025312803022151,,680757,608070,0,11,Bot,,,,,,,-4.549702846608787,-114.37002183625351,-2.510899484294926,-11.655050756615468,25.14767683758275,-30.95053871227328,3.339361877,1.685285433,,,,77.3,2930,5.8,824406,680777,665019,807712,668904,686797,663616,621439,702176,54.71,,,,,,,,78,5,Sweeper,1,1,1,1,1,1,1,1,Standard,Standard,302,0.033,0.088,,,,,-0.088,,0,0,0.796,0.796,35,24,36,25,1,4,2,1,2,1,3.64,-1.46,-1.46,30.0,,,,,
ST,2026-07-23,79.4,1.91,5.44,"Rogers, Taylor",800050,573124,,ball,,,,,13,,R,L,L,CLE,MIN,B,,,1,2,2026,-1.39,0.04,-0.9846069452871884,0.908855695073184,,680757,608070,0,11,Bot,,,,,,,-3.5631302033733867,-115.55135542092088,-2.8723497712795547,-11.61912191891139,24.389983635124747,-31.42521604277748,3.339361877,1.685285433,,,,78.1,2914,5.7,824406,680777,665019,807712,668904,686797,663616,621439,702176,54.83,,,,,,,,78,4,Sweeper,1,1,1,1,1,1,1,1,Standard,Standard,303,0.015,0.038,,,,,-0.038,,0,0,0.781,0.781,35,24,36,25,1,4,2,1,2,1,3.61,-1.39,-1.39,28.4,,,,,
SI,2026-07-23,91.8,1.8,5.58,"Rogers, Taylor",800050,573124,,called_strike,,,,,7,,R,L,L,CLE,MIN,S,,,1,1,2026,1.5,0.69,-0.5312287362380153,1.63972942468367,,680757,608070,0,11,Bot,,,,,,,-9.031539808284531,-133.20894396882096,-5.266307404831309,19.838033917516068,31.87684108176889,-23.004610532257157,3.339361877,1.685285433,,,,90.6,2200,5.9,824406,680777,665019,807712,668904,686797,663616,621439,702176,54.55,,,,,,,,78,3,Sinker,1,1,1,1,1,1,1,1,Standard,Standard,124,-0.025,-0.068,,,,,0.068,,0,0,0.806,0.806,35,24,36,25,1,4,2,1,2,1,2.06,1.5,1.5,31.6,,,,,
ST,2026-07-23,77.6,1.97,5.5,"Rogers, Taylor",800050,573124,,ball,,,,,13,,R,L,L,CLE,MIN,B,,,0,1,2026,-1.82,-0.3,-0.8115138196284115,1.2618803143021813,,680757,608070,0,11,Bot,,,,,,,-2.4441478898167333,-112.90943220975775,-1.2215214555266,-14.802079611417662,24.646495221210568,-34.66097209982575,3.339361877,1.685285433,,,,75.9,2858,5.5,824406,680777,665019,807712,668904,686797,663616,621439,702176,54.99,,,,,,,,78,2,Sweeper,1,1,1,1,1,1,1,1,Standard,Standard,298,0.01,0.052,,,,,-0.052,,0,0,0.796,0.796,35,24,36,25,1,4,2,1,2,1,4.15,-1.82,-1.82,30.4,,,,,
ST,2026-07-23,77.9,2.03,5.42,"Rogers, Taylor",800050,573124,,called_strike,,,,,7,,R,L,L,CLE,MIN,S,,,0,0,2026,-1.55,0.26,-0.6523297377113881,1.9790441142500597,,680757,608070,0,11,Bot,,,,,,,-2.76184927384748,-113.34680504240514,-0.6514590398345318,-12.58735237491418,24.11526822221497,-30.10984472583055,3.339361877,1.685285433,,,,76.8,2890,5.9,824406,680777,665019,807712,668904,686797,663616,621439,702176,54.65,,,,,,,,78,1,Sweeper,1,1,1,1,1,1,1,1,Standard,Standard,296,-0.015,-0.06,,,,,0.06,,0,0,0.811,0.811,35,24,36,25,1,4,2,1,2,1,3.55,-1.55,-1.55,29.1,,,,,
,2026-07-23,,,,"Rogers, Taylor",608070,573124,intent_walk,automatic_ball,,,,,,Taylor Rogers intentionally walks José Ramírez.,R,R,L,CLE,MIN,B,,,3,0,2026,,,,,,680757,,0,11,Bot,,,,,,,,,,,,,,,,,,,,,824406,680777,665019,807712,668904,686797,663616,621439,702176,,,,0.4,,0,0,,77,4,,1,1,1,1,1,1,1,1,,,,0.002,,,,,,,,0,0,0.809,0.809,35,33,36,34,1,4,2,1,2,2,,,,,,,,,
,2026-07-23,,,,"Rogers, Taylor",608070,573124,,automatic_ball,,,,,,,R,R,L,CLE,MIN,B,,,2,0,2026,,,,,,680757,,0,11,Bot,,,,,,,,,,,,,,,,,,,,,824406,680777,665019,807712,668904,686797,663616,621439,702176,,,,,,,,,77,3,,1,1,1,1,1,1,1,1,,,,0.002,,,,,,,,0,0,0.807,0.807,35,33,36,34,1,4,2,1,2,2,,,,,,,,,
,2026-07-23,,,,"Rogers, Taylor",608070,573124,,automatic_ball,,,,,,,R,R,L,CLE,MIN,B,,,1,0,2026,,,,,,680757,,0,11,Bot,,,,,,,,,,,,,,,,,,,,,824406,680777,665019,807712,668904,686797,663616,621439,702176,,,,,,,,,77,2,,1,1,1,1,1,1,1,1,,,,0.001,,,,,,,,0,0,0.806,0.806,35,33,36,34,1,4,2,1,2,2,,,,,,,,,
,2026-07-23,,,,"Rogers, Taylor",608070,573124,,automatic_ball,,,,,,,R,R,L,CLE,MIN,B,,,0,0,2026,,,,,,680757,,0,11,Bot,,,,,,,,,,,,,,,,,,,,,824406,680777,665019,807712,668904,686797,663616,621439,702176,,,,,,,,,77,1,,1,1,1,1,1,1,1,1,,,,0.001,,,,,,,,0,0,0.805,0.805,35,33,36,34,1,4,2,1,2,2,,,,,,,,,
CU,2026-07-23,85.5,-1.87,5.34,"Holderman, Colin",680777,670059,field_out,hit_into_play,,,,,9,"Ryan Jeffers grounds out, shortstop Brayan Rocchio to first baseman Gabriel Arias.",R,R,R,CLE,MIN,X,6,ground_ball,1,0,2026,0.51,-0.64,0.510482165809374,1.7826988534706103,807712,,621439,2,11,Top,107.15,155.21,,,,,4.5415217968161885,-124.60198924727727,-0.6260726585308913,4.460065089853713,23.125372248056728,-38.94260730194817,3.284949147,1.657824803,4,59.8,-25,86.4,2646,6.6,824406,672275,672356,683953,608070,677587,680757,690984,800050,53.89,0.039,0.035,0.0,1,0,0,2,76,2,Curveball,1,1,1,1,1,1,1,1,Standard,Standard,73,0.143,-0.317,70.8,8.3,,0.042,0.317,88.0,0,0,0.662,0.338,30,29,31,29,1,4,2,2,3,1,3.73,-0.51,-0.51,24.0,16.016136779525365,-24.16244793318561,26.037506687470177,40.04301202198724,48.36438071032901
ST,2026-07-23,86.4,-1.98,5.27,"Holderman, Colin",680777,670059,,ball,,,,,14,,R,R,R,CLE,MIN,B,,,0,0,2026,0.6,0.29,1.4618487390087482,1.256138609400609,807712,,621439,2,11,Top,,,,,,,6.875652443817158,-125.81260717018728,-3.800163029408868,5.178648897240458,22.37913942630046,-28.59794904294698,3.284949147,1.657824803,,,,87.1,2572,6.4,824406,672275,672356,683953,608070,677587,680757,690984,800050,54.08,,,,,,,,76,1,Sweeper,1,1,1,1,1,1,1,1,Standard,Standard,98,-0.005,0.019,,,,,-0.019,,0,0,0.667,0.333,30,29,31,29,1,4,2,2,3,1,2.73,-0.6,-0.6,27.6,,,,,
,2026-07-23,,,,"Holderman, Colin",621439,670059,intent_walk,automatic_ball,,,,,,Colin Holderman intentionally walks Byron Buxton.,R,R,R,CLE,MIN,B,,,3,0,2026,,,,,807712,,,2,11,Top,,,,,,,,,,,,,,,,,,,,,824406,672275,672356,683953,608070,677587,680757,690984,800050,,,,0.4,,0,0,,75,4,,1,1,1,1,1,1,1,1,,,,-0.009,,,,,,,,0,0,0.676,0.324,30,32,31,33,1,4,2,2,3,1,,,,,,,,,
,2026-07-23,,,,"Holderman, Colin",621439,670059,,automatic_ball,,,,,,,R,R,R,CLE,MIN,B,,,2,0,2026,,,,,807712,,,2,11,Top,,,,,,,,,,,,,,,,,,,,,824406,672275,672356,683953,608070,677587,680757,690984,800050,,,,,,,,,75,3,,1,1,1,1,1,1,1,1,,,,-0.007,,,,,,,,0,0,0.683,0.317,30,32,31,33,1,4,2,2,3,1,,,,,,,,,
,2026-07-23,,,,"Holderman, Colin",621439,670059,,automatic_ball,,,,,,,R,R,R,CLE,MIN,B,,,1,0,2026,,,,,807712,,,2,11,Top,,,,,,,,,,,,,,,,,,,,,824406,672275,672356,683953,608070,677587,680757,690984,800050,,,,,,,,,75,2,,1,1,1,1,1,1,1,1,,,,-0.005,,,,,,,,0,0,0.688,0.312,30,32,31,33,1,4,2,2,3,1,,,,,,,,,
,2026-07-23,,,,"Holderman, Colin",621439,670059,,automatic_ball,,,,,,,R,R,R,CLE,MIN,B,,,0,0,2026,,,,,807712,,,2,11,Top,,,,,,,,,,,,,,,,,,,,,824406,672275,672356,683953,608070,677587,680757,690984,800050,,,,,,,,,75,1,,1,1,1,1,1,1,1,1,,,,-0.002,,,,,,,,0,0,0.69,0.31,30,32,31,33,1,4,2,2,3,1,,,,,,,,,
SI,2026-07-23,97.3,-1.98,5.32,"Holderman, Colin",686797,670059,field_out,hit_into_play,,,,,7,"Brooks Lee grounds out, shortstop Brayan Rocchio to first baseman Gabriel Arias. Luke Keaschall to 3rd.",R,L,R,CLE,MIN,X,6,ground_ball,2,1,2026,-1.6,0.51,-0.5021436760502331,1.7842508969133224,,807712,,1,11,Top,131.9,145.59,,,,,7.611465264545394,-141.46385739684888,-4.922428646412259,-23.153397197232803,31.043109189787675,-24.430997971302222,3.208595801,1.619291339,5,98.5,-18,97.3,2354,6.3,824406,672275,672356,683953,608070,677587,680757,690984,800050,54.23,0.166,0.149,0.0,1,0,0,2,74,4,Sinker,1,1,1,1,1,1,1,1,Standard,Standard,235,0.085,-0.269,67.8,6.7,,0.166,0.269,98.5,0,0,0.605,0.395,30,25,31,25,1,4,2,1,3,1,1.9,1.6,-1.6,21.5,1.0096487534817615,7.3748534415841425,35.71712310141178,44.373243303301145,18.311455488714216
SI,2026-07-23,96.0,-2.21,5.15,"Holderman, Colin",686797,670059,,ball,,,,,13,,R,L,R,CLE,MIN,B,,,1,1,2026,-1.57,0.49,-1.3658723952741865,1.3621869113225498,,807712,,1,11,Top,,,,,,,5.829142150217919,-139.67350104522652,-5.33249726450215,-21.93156020261599,30.87091833766813,-24.81688439728739,3.208595801,1.619291339,,,,96.3,2314,6.4,824406,672275,672356,683953,608070,677587,680757,690984,800050,54.1,,,,,,,,74,3,Sinker,1,1,1,1,1,1,1,1,Standard,Standard,227,-0.009,0.036,,,,,-0.036,,0,0,0.614,0.386,30,25,31,25,1,4,2,1,3,1,1.98,1.57,-1.57,18.7,,,,,
CU,2026-07-23,85.6,-2.03,5.35,"Holderman, Colin",686797,670059,,swinging_strike,,,,,14,,R,L,R,CLE,MIN,S,,,1,0,2026,0.57,-0.62,1.2112870371487643,1.4288458369482575,,807712,,1,11,Top,,,,,,,6.405051571692752,-124.60418619767304,-1.531413355699392,4.861765070375394,22.699171409141936,-38.60050231716286,3.208595801,1.619291339,,,,86.5,2692,6.6,824406,672275,672356,683953,608070,677587,680757,690984,800050,53.87,,,,,,,,74,2,Curveball,1,1,1,1,1,1,1,1,Standard,Standard,72,0.009,-0.051,69.8,7.6,0.135056964,,0.051,,0,0,0.605,0.395,30,25,31,25,1,4,2,1,3,1,3.71,-0.57,0.57,24.9,20.46122058662964,-27.403028789816148,38.06019906374158,24.985440445946264,37.23015046879516
SI,2026-07-23,96.1,-1.97,5.29,"Holderman, Colin",686797,670059,,ball,,,,,13,,R,L,R,CLE,MIN,B,,,0,0,2026,-1.4,0.51,-0.2490404254494422,1.2195337147745913,,807712,,1,11,Top,,,,,,,7.715201697547865,-139.7121093181274,-6.122505656328376,-20.062169205611575,30.71102176834111,-24.31459964585306,3.208595801,1.619291339,,,,96.0,2300,6.3,824406,672275,672356,683953,608070,677587,680757,690984,800050,54.24,,,,,,,,74,1,Sinker,1,1,1,1,1,1,1,1,Standard,Standard,237,-0.004,0.038,,,,,-0.038,,0,0,0.609,0.391,30,25,31,25,1,4,2,1,3,1,1.96,1.4,-1.4,20.4,,,,,
ST,2026-07-23,83.0,-2.04,5.32,"Holderman, Colin",702176,670059,field_out,hit_into_play,,,,,4,Alan Roden flies out to right fielder Chase DeLauter.,R,L,R,CLE,MIN,X,9,fly_ball,0,0,2026,0.96,0.36,-0.4076487814891186,2.3083012709875788,,807712,,0,11,Top,173.62,107.95,,,,,1.780633975170009,-120.85163455737286,-0.8615164441823044,8.930915658486676,26.250653348297178,-28.744915967453736,3.159448819,1.594488189,256,81.5,40,83.0,2530,6.5,824406,672275,672356,683953,608070,677587,680757,690984,800050,53.97,0.02,0.021,0.0,1,0,0,3,73,1,Sweeper,1,1,1,1,1,1,1,1,Standard,Standard,97,0.109,-0.287,75.2,7.5,,0.025,0.287,88.0,0,0,0.5,0.5,30,26,31,27,1,1,2,1,3,2,2.98,-0.96,0.96,22.2,17.81301831663723,-14.50678467654709,27.102973531660865,42.029753952717016,44.63123828820544
SL,2026-07-23,91.2,-1.35,6.15,"Nance, Tommy",680757,667297,field_out,hit_into_play,,,,,7,"Steven Kwan grounds out, second baseman Luke Keaschall to first baseman Kody Clemens.",R,L,R,CLE,MIN,X,4,ground_ball,2,1,2026,0.25,-0.08,-0.4366172112693338,1.9171767640746804,672356,,,2,10,Bot,142.19,150.43,,,,,1.7177139348005892,-132.8129382842594,-4.351532495075371,2.595482307866547,28.943347306415035,-32.35315968911282,3.02253937,1.525393701,15,79.9,-6,91.2,2709,6.3,824406,680777,665019,807712,668904,686797,663616,621439,702176,54.22,0.124,0.112,0.0,1,0,0,2,72,4,Slider,1,1,1,1,1,1,1,1,Standard,Strategic,184,-0.132,-0.329,61.9,6.2,,0.149,0.329,88.0,0,0,0.632,0.632,35,28,35,29,1,4,3,1,2,2,2.82,-0.25,0.25,44.7,0.85385500730122,7.316070307896307,40.1379833047887,36.18643556916739,25.424112807305473
SI,2026-07-23,96.7,-1.15,6.29,"Nance, Tommy",680757,667297,,ball,,,,,11,,R,L,R,CLE,MIN,B,,,1,1,2026,-1.31,0.93,-2.15455490328027,3.4742228793909433,672356,,,2,10,Bot,,,,,,,0.3962960892447785,-140.7927037798126,-3.9232637538036177,-17.498255011066604,32.527665251905,-19.06474431591685,3.02253937,1.525393701,,,,97.0,2264,6.5,824406,680777,665019,807712,668904,686797,663616,621439,702176,54.05,,,,,,,,72,3,Sinker,1,1,1,1,1,1,1,1,Standard,Strategic,213,0.008,0.031,,,,,-0.031,,0,0,0.624,0.624,35,28,35,29,1,4,3,1,2,2,1.5,1.31,-1.31,50.8,,,,,
SI,2026-07-23,95.8,-1.1,6.22,"Nance, Tommy",680757,667297,,called_strike,,,,,9,,R,L,R,CLE,MIN,S,,,1,0,2026,-1.35,0.58,0.3006708137705947,1.4126736528818415,672356,,,2,10,Bot,,,,,,,6.785142820078004,-138.96428798702382,-8.011660350860769,-19.06236230017405,38.04735953554776,-22.85782770193746,3.02253937,1.525393701,,,,95.3,2265,6.7,824406,680777,665019,807712,668904,686797,663616,621439,702176,53.82,,,,,,,,72,2,Sinker,1,1,1,1,1,1,1,1,Standard,Strategic,213,-0.008,-0.032,,,,,0.032,,0,0,0.632,0.632,35,28,35,29,1,4,3,1,2,2,1.97,1.35,-1.35,48.7,,,,,
SL,2026-07-23,90.0,-1.26,6.17,"Nance, Tommy",680757,667297,,ball,,,,,14,,R,L,R,CLE,MIN,B,,,0,0,2026,0.09,0.09,0.3017607462294953,1.3648091345992852,672356,,,2,10,Bot,,,,,,,3.637396183390201,-130.98300207528675,-5.856487821914994,0.2494895759969073,29.615960701989312,-30.053055968344736,3.02253937,1.525393701,,,,89.9,2769,6.4,824406,680777,665019,807712,668904,686797,663616,621439,702176,54.13,,,,,,,,72,1,Slider,1,1,1,1,1,1,1,1,Standard,Strategic,68,0.001,0.029,,,,,-0.029,,0,0,0.631,0.631,35,28,35,29,1,4,3,1,2,2,2.74,-0.09,0.09,46.4,,,,,
SI,2026-07-23,96.7,-1.13,6.21,"Nance, Tommy",690984,667297,field_out,hit_into_play,,,,,11,"Petey Halpin grounds out, pitcher Tommy Nance to first baseman Kody Clemens. Gabriel Arias to 3rd.",R,L,R,CLE,MIN,X,1,ground_ball,0,2,2026,-1.3,0.8,-1.510526765021638,3.021538491620226,,672356,,1,10,Bot,125.25,181.3,,,,,2.045252010602833,-140.68812475305694,-4.569145326937984,-17.71824516316423,34.87473268312029,-20.66842163421396,3.18402231,1.606889764,12,68.6,-12,96.7,2387,6.5,824406,680777,665019,807712,668904,686797,663616,621439,702176,53.99,0.058,0.057,0.0,1,0,0,2,71,5,Sinker,1,1,1,1,1,1,1,1,Standard,Standard,219,-0.035,-0.133,67.7,6.5,,0.07,0.133,88.0,0,0,0.666,0.666,35,24,35,24,1,3,3,1,2,1,1.65,1.3,-1.3,48.8,12.045634709602703,14.632147245084443,23.09737975175714,48.16767597170579,26.50430933623366
CU,2026-07-23,86.4,-1.05,6.36,"Nance, Tommy",690984,667297,,foul,,,,,14,,R,L,R,CLE,MIN,S,,,0,2,2026,0.89,-1.6,0.0162830153836308,1.375765913495056,,672356,,1,10,Bot,,,,,,,0.6489281893561667,-125.6654735313667,-1.8493806068341003,9.000440045925801,33.78490432027757,-48.459376124497226,3.18402231,1.606889764,16,93.6,-5,85.5,2959,6.5,824406,680777,665019,807712,668904,686797,663616,621439,702176,54.0,,,,,,,,71,4,Curveball,1,1,1,1,1,1,1,1,Standard,Standard,16,0.0,0.0,72.3,7.5,,,0.0,93.6,0,0,0.666,0.666,35,24,35,24,1,3,3,1,2,1,4.74,-0.89,0.89,53.9,11.58425933199997,-10.927940883416012,37.52627338504645,29.63345421879623,40.931404081897455
CU,2026-07-23,86.0,-1.05,6.45,"Nance, Tommy",690984,667297,,foul,,,,,9,,R,L,R,CLE,MIN,S,,,0,2,2026,1.29,-1.62,0.7310836558226392,1.6218076493911957,,672356,,1,10,Bot,,,,,,,1.480397719458316,-124.98113294550444,-1.297674354105936,12.670266092235948,35.30037580732273,-48.60864259615717,3.18402231,1.606889764,,,,84.2,2969,6.1,824406,680777,665019,807712,668904,686797,663616,621439,702176,54.36,,,,,,,,71,3,Curveball,1,1,1,1,1,1,1,1,Standard,Standard,24,0.0,0.0,69.9,7.9,,,0.0,,0,0,0.666,0.666,35,24,35,24,1,3,3,1,2,1,4.82,-1.29,1.29,52.9,24.028832568948943,-23.55645611112358,35.45759600582648,22.635885744403417,43.924820033084515
SL,2026-07-23,90.1,-1.17,6.19,"Nance, Tommy",690984,667297,,foul,,,,,14,,R,L,R,CLE,MIN,S,,,0,1,2026,0.1,0.1,0.3404329313545531,0.6747818839557707,,672356,,1,10,Bot,,,,,,,3.504635176851223,-131.13395205906826,-7.710646716260563,0.4063916277824301,27.47574421049563,-29.61243046804444,3.18402231,1.606889764,1,73.4,-29,90.5,2745,6.5,824406,680777,665019,807712,668904,686797,663616,621439,702176,53.97,,,,,,,,71,2,Slider,1,1,1,1,1,1,1,1,Standard,Standard,127,-0.023,-0.068,54.5,7.4,,,0.068,88.0,0,0,0.689,0.689,35,24,35,24,1,3,3,1,2,1,2.71,-0.1,0.1,47.1,0.5773340137265962,-4.909464516697757,45.75831748007799,26.30319747579582,28.694241116440715
SI,2026-07-23,96.0,-1.11,6.3,"Nance, Tommy",690984,667297,,swinging_strike,,,,,11,,R,L,R,CLE,MIN,S,,,0,0,2026,-1.47,0.92,-1.003289222112054,2.641359970099155,,672356,,1,10,Bot,,,,,,,3.6988556656450617,-139.63341729354707,-5.924148346021538,-19.967039580859673,35.734482508819525,-18.992131074924824,3.18402231,1.606889764,,,,96.0,2360,6.6,824406,680777,665019,807712,668904,686797,663616,621439,702176,53.87,,,,,,,,71,1,Sinker,1,1,1,1,1,1,1,1,Standard,Standard,216,-0.014,-0.045,67.1,6.0,1.080631608,,0.045,,0,0,0.703,0.703,35,24,35,24,1,3,3,1,2,1,1.58,1.47,-1.47,49.5,-5.4476799729878795,25.42536832979736,33.87446423856243,45.05844559409172,15.7947847456526
CU,2026-07-23,85.2,-1.02,6.48,"Nance, Tommy",672275,667297,strikeout,called_strike,,,,,2,Patrick Bailey called out on strikes.,R,L,R,CLE,MIN,S,2,,0,2,2026,1.63,-1.61,-0.0223892685045596,3.039038202347231,,672356,,0,10,Bot,,,,,,,-1.031493970896373,-123.91623632091932,1.882538406560562,16.79798832050981,30.500726286234023,-49.1794730408772,3.22351542,1.626820866,,,,84.1,3060,6.2,824406,680777,665019,807712,668904,686797,663616,621439,702176,54.34,,0.0,0.0,1,0,0,,70,4,Curveball,1,1,1,1,1,1,1,1,Standard,Standard,25,-0.061,-0.235,,,,,0.235,,0,0,0.764,0.764,35,27,35,27,1,3,3,1,2,2,4.81,-1.63,1.63,51.8,,,,,
CU,2026-07-23,87.2,-0.96,6.43,"Nance, Tommy",672275,667297,,foul,,,,,14,,R,L,R,CLE,MIN,S,,,0,2,2026,0.98,-1.3,0.6612623974370804,1.0760608564916905,,672356,,0,10,Bot,,,,,,,1.7936616776383882,-126.9665804575132,-3.6901433910240415,10.230721768925696,26.53577017625112,-45.71422509872193,3.22351542,1.626820866,3,54.5,-21,87.2,3011,6.3,824406,680777,665019,807712,668904,686797,663616,621439,702176,54.21,,,,,,,,70,3,Curveball,1,1,1,1,1,1,1,1,Standard,Standard,19,0.0,0.0,66.5,7.6,,,0.0,88.0,0,0,0.764,0.764,35,27,35,27,1,3,3,1,2,2,4.3,-0.98,0.98,53.6,2.7617170609363484,-5.924489602600774,42.4636639241843,29.087021390986195,33.67536833147359
SI,2026-07-23,95.9,-1.14,6.32,"Nance, Tommy",672275,667297,,foul_bunt,,,,,7,,R,L,R,CLE,MIN,S,,,0,1,2026,-1.16,0.94,-0.671072213640175,1.9809014800267493,,672356,,0,10,Bot,,,,,,,3.8942849060763254,-139.53510906087683,-7.842329166160239,-15.993456479893638,29.496694481065287,-18.363075162016035,3.22351542,1.626820866,,,,96.6,2253,6.6,824406,680777,665019,807712,668904,686797,663616,621439,702176,53.95,,,,,,,,70,2,Sinker,1,1,1,1,1,1,1,1,Strategic,Standard,220,-0.026,-0.062,18.6,1.7,,,0.062,88.0,0,0,0.79,0.79,35,27,35,27,1,3,3,1,2,2,1.53,1.16,-1.16,50.9,-50.10717860695656,-154.774286306118,84.17089266805726,42.53090153655452,19.670869061112107
SI,2026-07-23,94.5,-1.0,6.37,"Nance, Tommy",672275,667297,,foul_bunt,,,,,13,,R,L,R,CLE,MIN,S,,,0,0,2026,-1.19,0.93,-1.3424002527243584,2.1107551649562586,,672356,,0,10,Bot,,,,,,,1.8297776364874916,-137.45827345392476,-7.280735136760555,-15.528373870709933,31.218325903763265,-19.00744509739346,3.22351542,1.626820866,,,,94.8,2221,6.5,824406,680777,665019,807712,668904,686797,663616,621439,702176,53.95,,,,,,,,70,1,Sinker,1,1,1,1,1,1,1,1,Strategic,Standard,218,-0.015,-0.036,15.9,1.9,,,0.036,88.0,0,0,0.805,0.805,35,27,35,27,1,3,3,1,2,2,1.63,1.19,-1.19,53.6,-49.19607966670848,-151.11743253073354,69.76341628020806,52.67913958526055,18.06308543109242
SI,2026-07-23,96.9,-1.98,5.15,"Holderman, Colin",807712,670059,field_out,hit_into_play,,,,,8,"Luke Keaschall grounds out sharply, second baseman Travis Bazzana to first baseman Kyle Manzardo.",R,R,R,CLE,MIN,X,4,ground_ball,1,1,2026,-1.44,0.23,0.131852024781607,2.0443275848977183,665019,,,2,10,Top,142.19,148.01,,,,,8.915774783647818,-140.71803405018096,-2.9929095394504275,-21.1886300865593,36.22929024245693,-28.561760745952096,3.213861549,1.621948819,62,105.1,2,96.5,2311,6.5,824406,672275,700932,683953,608070,677587,680757,690984,800050,54.0,0.54,0.498,0.0,1,0,0,4,69,3,Sinker,1,1,1,1,1,1,1,1,Standard,Standard,249,0.118,-0.298,73.1,6.0,,0.597,0.298,105.1,0,0,0.687,0.313,30,23,31,24,1,3,2,1,3,1,2.23,1.44,1.44,17.2,-1.7260080749397455,14.301893280091656,43.09632405087648,35.65231360281096,25.89050144213792
SI,2026-07-23,96.7,-1.86,5.33,"Holderman, Colin",807712,670059,,called_strike,,,,,5,,R,R,R,CLE,MIN,S,,,1,0,2026,-1.42,0.52,0.0954925454171138,2.37236282808988,665019,,,2,10,Top,,,,,,,8.49123718558772,-140.6049223915129,-3.335415088065142,-20.739812276920244,32.886023515740725,-24.714673394793845,3.213861549,1.621948819,,,,97.2,2300,6.7,824406,672275,700932,683953,608070,677587,680757,690984,800050,53.83,,,,,,,,69,2,Sinker,1,1,1,1,1,1,1,1,Standard,Standard,235,-0.001,-0.032,,,,,0.032,,0,0,0.688,0.312,30,23,31,24,1,3,2,1,3,1,1.93,1.42,1.42,21.7,,,,,
ST,2026-07-23,85.9,-1.99,5.33,"Holderman, Colin",807712,670059,,ball,,,,,14,,R,R,R,CLE,MIN,B,,,0,0,2026,1.13,0.41,1.6799964737604929,2.1424833387263766,665019,,,2,10,Top,,,,,,,6.275262045944951,-125.06391838913756,-1.9285850998096483,10.557566374366791,25.07471536397586,-27.735201173169827,3.213861549,1.621948819,,,,86.2,2685,6.4,824406,672275,700932,683953,608070,677587,680757,690984,800050,54.08,,,,,,,,69,1,Sweeper,1,1,1,1,1,1,1,1,Standard,Standard,82,-0.002,0.029,,,,,-0.029,,0,0,0.69,0.31,30,23,31,24,1,3,2,1,3,1,2.68,-1.13,-1.13,25.4,,,,,
CU,2026-07-23,83.5,-2.0,5.39,"Holderman, Colin",663616,670059,field_out,hit_into_play,,,,,11,"Trevor Larnach grounds out, second baseman Travis Bazzana to first baseman Kyle Manzardo. Kody Clemens to 3rd.",R,L,R,CLE,MIN,X,4,ground_ball,2,2,2026,0.82,-0.69,-1.1400925935613906,3.037182603960575,,665019,,1,10,Top,159.74,148.62,,,,,0.3275881997565091,-121.6224872174796,2.570667373344503,8.093660001333905,22.56267923351455,-39.74780855397261,3.323564633,1.677312992,55,81.9,1,84.3,2686,6.6,824406,672275,700932,683953,608070,677587,680757,690984,800050,53.89,0.218,0.196,0.0,1,0,0,2,68,7,Curveball,1,1,1,1,1,1,1,1,Standard,Strategic,68,0.067,-0.191,70.0,7.5,,0.247,0.191,88.0,0,0,0.623,0.377,30,29,31,29,1,1,2,1,3,2,3.94,-0.82,0.82,24.7,9.022418831258944,-15.444568631414516,20.64088362885628,48.023488776996686,41.82508895590394
FF,2026-07-23,97.8,-2.13,5.29,"Holderman, Colin",663616,670059,,ball,,,,,11,,R,L,R,CLE,MIN,B,,,1,2,2026,-0.84,1.16,-2.0069349967877708,4.949416207162134,,665019,,1,10,Top,,,,,,,2.2752344104810005,-142.56558528294784,1.9230441411817132,-12.005115827161442,31.164152045250916,-16.942698496279988,3.323564633,1.677312992,,,,97.6,2534,6.0,824406,672275,700932,683953,608070,677587,680757,690984,800050,54.52,,,,,,,,68,6,4-Seam Fastball,1,1,1,1,1,1,1,1,Standard,Strategic,226,-0.015,0.027,,,,,-0.027,,0,0,0.638,0.362,30,29,31,29,1,1,2,1,3,2,1.21,0.84,-0.84,23.1,,,,,
SI,2026-07-23,98.1,-2.04,5.22,"Holderman, Colin",663616,670059,,foul,,,,,13,,R,L,R,CLE,MIN,S,,,1,2,2026,-1.98,0.6,-1.3787725251864698,1.6021548229922562,,665019,,1,10,Top,,,,,,,6.423160527215097,-142.4368303864732,-5.343678626521526,-28.30211318503622,39.46308706741921,-22.928747091709297,3.323564633,1.677312992,151,73.9,16,97.0,2350,6.2,824406,672275,700932,683953,608070,677587,680757,690984,800050,54.26,,,,,,,,68,5,Sinker,1,1,1,1,1,1,1,1,Standard,Strategic,238,0.0,0.0,64.3,7.8,,,0.0,88.0,0,0,0.638,0.362,30,29,31,29,1,1,2,1,3,2,1.82,1.98,-1.98,20.2,5.05653170175501,-11.872205374201538,38.83865956724536,50.700175808914175,28.53660865724922
CU,2026-07-23,83.9,-2.08,5.47,"Holderman, Colin",663616,670059,,foul,,,,,13,,R,L,R,CLE,MIN,S,,,1,2,2026,1.2,-1.05,-0.6850884460310525,1.4838474089624425,,665019,,1,10,Top,,,,,,,0.7787995241876997,-122.14440840139312,-0.427393500406322,11.773548977546367,25.592547580599327,-42.81005999443186,3.323564633,1.677312992,1,63.6,-47,84.0,2855,6.4,824406,672275,700932,683953,608070,677587,680757,690984,800050,54.06,,,,,,,,68,4,Curveball,1,1,1,1,1,1,1,1,Standard,Strategic,59,0.0,0.0,71.9,7.6,,,0.0,88.0,0,0,0.638,0.362,30,29,31,29,1,1,2,1,3,2,4.31,-1.2,1.2,27.2,13.903990433631956,-13.607308160636816,34.035641597833845,43.637732132555456,45.48477039696302
SI,2026-07-23,97.9,-2.04,5.33,"Holderman, Colin",663616,670059,,called_strike,,,,,14,,R,L,R,CLE,MIN,S,,,1,1,2026,-1.39,0.29,0.0282120237227621,1.5211626433324466,,665019,,1,10,Top,,,,,,,8.788851944430226,-142.27669755800486,-5.2517308747044975,-20.897266281605965,32.95024147828569,-27.163470373746257,3.323564633,1.677312992,,,,98.0,2329,6.5,824406,672275,700932,683953,608070,677587,680757,690984,800050,54.04,,,,,,,,68,3,Sinker,1,1,1,1,1,1,1,1,Standard,Strategic,237,0.024,-0.07,,,,,0.07,,0,0,0.614,0.386,30,29,31,29,1,1,2,1,3,2,2.09,1.39,-1.39,21.0,,,,,
SI,2026-07-23,97.1,-2.23,5.12,"Holderman, Colin",663616,670059,,blocked_ball,,,,,13,,R,L,R,CLE,MIN,B,,,0,1,2026,-1.38,0.49,-0.9417433323080782,0.8988291575253142,,665019,,1,10,Top,,,,,,,6.622525306796192,-141.28429126037017,-6.720577076696219,-19.97757159575752,30.317303540597297,-24.31033174605808,3.323564633,1.677312992,,,,97.7,2338,6.5,824406,672275,700932,683953,608070,677587,680757,690984,800050,54.02,,,,,,,,68,2,Sinker,1,1,1,1,1,1,1,1,Standard,Strategic,234,-0.009,0.032,,,,,-0.032,,0,0,0.623,0.377,30,29,31,29,1,1,2,1,3,2,1.92,1.38,-1.38,19.3,,,,,
ST,2026-07-23,84.4,-2.14,5.25,"Holderman, Colin",663616,670059,,called_strike,,,,,8,,R,L,R,CLE,MIN,S,,,0,0,2026,0.7,0.49,0.0343033160383807,2.1020746880065406,,665019,,1,10,Top,,,,,,,3.583033672753103,-122.85824641292626,-1.744195129442096,6.419580130628951,24.258591784940236,-27.05689429724685,3.323564633,1.677312992,,,,84.6,2565,6.4,824406,672275,700932,683953,608070,677587,680757,690984,800050,54.12,,,,,,,,68,1,Sweeper,1,1,1,1,1,1,1,1,Standard,Strategic,86,0.014,-0.045,,,,,0.045,,0,0,0.609,0.391,30,29,31,29,1,1,2,1,3,2,2.7,-0.7,0.7,22.0,,,,,
SI,2026-07-23,96.5,-2.21,5.28,"Holderman, Colin",668904,670059,field_out,hit_into_play,,,,,4,Royce Lewis pops out to catcher Patrick Bailey in foul territory.,R,R,R,CLE,MIN,X,2,popup,2,1,2026,-1.17,0.34,-0.8140845944164019,2.6038905737763907,,665019,,0,10,Top,147.03,210.95,,,,,6.372335597278686,-140.45502593685617,-2.206232140301796,-16.911779918800296,29.82056059441102,-27.329794936703944,3.205085302,1.617519685,44,76.0,81,96.8,2293,6.3,824406,672275,700932,683953,608070,677587,680757,690984,800050,54.2,0.003,0.003,0.0,1,0,0,3,67,4,Sinker,1,1,1,1,1,1,1,1,Standard,Standard,235,0.114,-0.3,76.7,7.7,,0.003,0.3,88.0,0,0,0.495,0.505,30,27,31,27,1,3,2,1,3,1,2.09,1.17,1.17,20.6,7.658209364951312,0.0248478742375613,30.341872771835583,32.08026157701532,25.617776269813337
ST,2026-07-23,84.4,-2.01,5.33,"Holderman, Colin",668904,670059,,ball,,,,,14,,R,R,R,CLE,MIN,B,,,1,1,2026,1.16,0.61,2.0146462251406145,2.0080491362704875,,665019,,0,10,Top,,,,,,,6.884549738043096,-122.72539461427289,-2.3037812288329373,10.160304233784752,26.84945138746707,-25.77470436585214,3.205085302,1.617519685,,,,84.1,2643,6.4,824406,672275,700932,683953,608070,677587,680757,690984,800050,54.14,,,,,,,,67,3,Sweeper,1,1,1,1,1,1,1,1,Standard,Standard,83,-0.01,0.037,,,,,-0.037,,0,0,0.505,0.495,30,27,31,27,1,3,2,1,3,1,2.62,-1.16,-1.16,23.8,,,,,
SI,2026-07-23,98.7,-1.72,5.52,"Holderman, Colin",668904,670059,,ball,,,,,14,,R,R,R,CLE,MIN,B,,,0,1,2026,-1.41,0.62,2.0717502160068877,1.3168775854146806,,665019,,0,10,Top,,,,,,,13.51238789010299,-143.02972909123923,-7.218378768228991,-22.47439847922421,31.803619890092303,-22.07210007264616,3.205085302,1.617519685,,,,98.7,2337,6.5,824406,672275,700932,683953,608070,677587,680757,690984,800050,54.05,,,,,,,,67,2,Sinker,1,1,1,1,1,1,1,1,Standard,Standard,235,-0.011,0.013,,,,,-0.013,,0,0,0.516,0.484,30,27,31,27,1,3,2,1,3,1,1.73,1.41,1.41,27.7,,,,,
SI,2026-07-23,97.9,-1.91,5.46,"Holderman, Colin",668904,670059,,swinging_strike,,,,,1,,R,R,R,CLE,MIN,S,,,0,0,2026,-1.31,0.77,-0.680044164412767,3.2005759806295107,,665019,,0,10,Top,,,,,,,6.378884893057863,-142.48962035015626,-2.247897129518372,-19.343315420448405,33.154293125422164,-21.345079639512292,3.205085302,1.617519685,,,,98.2,2309,6.5,824406,672275,700932,683953,608070,677587,680757,690984,800050,54.05,,,,,,,,67,1,Sinker,1,1,1,1,1,1,1,1,Standard,Standard,231,0.016,-0.036,68.2,6.1,0.470491368,,0.036,,0,0,0.5,0.5,30,27,31,27,1,3,2,1,3,1,1.61,1.31,1.31,24.8,-5.292789268861966,28.215183139099445,24.639836615370015,31.10182353293874,11.981453270337076
FF,2026-07-23,97.9,-2.45,5.55,"Gómez, Yoendrys",700932,672782,strikeout,swinging_strike,,,,,5,Kyle Manzardo strikes out swinging.,R,L,R,CLE,MIN,S,2,,2,2,2026,-0.72,1.42,0.2212789169616402,2.5686286246941252,,683953,656555,2,9,Bot,,,,,,,8.90997810597784,-142.16331299962553,-5.7180435086678765,-11.867489589616689,33.24588240590489,-11.737160672083036,3.187532808,1.608661417,,,,98.7,2549,6.9,824406,680777,665019,807712,668904,686797,663616,621439,702176,53.59,,0.0,0.0,1,0,0,,66,5,4-Seam Fastball,1,1,1,1,1,1,1,1,Standard,Standard,205,-0.097,-0.225,67.9,6.3,1.285053504,,0.225,,0,0,0.597,0.597,26,25,27,26,1,3,1,1,2,2,0.97,0.72,-0.72,33.2,4.504534258836294,25.247763920217945,38.51038701243309,37.32817145583975,23.27508121454503
FF,2026-07-23,96.8,-2.41,5.42,"Gómez, Yoendrys",700932,672782,,ball,,,,,14,,R,L,R,CLE,MIN,B,,,1,2,2026,-0.83,1.51,0.9804017967813344,0.9696007734257824,,683953,656555,2,9,Bot,,,,,,,10.95689176587785,-140.32041673899977,-9.648364364317253,-13.506570479777196,31.998299319566858,-10.090752311705051,3.187532808,1.608661417,,,,97.6,2672,7.0,824406,680777,665019,807712,668904,686797,663616,621439,702176,53.54,,,,,,,,66,4,4-Seam Fastball,1,1,1,1,1,1,1,1,Standard,Standard,216,0.017,0.021,,,,,-0.021,,0,0,0.58,0.58,26,25,27,26,1,3,1,1,2,2,0.94,0.83,-0.83,31.5,,,,,
CH,2026-07-23,92.9,-2.48,5.35,"Gómez, Yoendrys",700932,672782,,foul,,,,,7,,R,L,R,CLE,MIN,S,,,1,1,2026,-1.64,-0.04,-0.6182869557169484,1.8291855708836784,,683953,656555,2,9,Bot,,,,,,,8.462778382464089,-134.96177068258123,-2.905168243713189,-21.87567746481675,29.58737137917525,-32.268532224647075,3.187532808,1.608661417,292,88.7,41,93.9,1929,7.0,824406,680777,665019,807712,668904,686797,663616,621439,702176,53.53,,,,,,,,66,3,Changeup,1,1,1,1,1,1,1,1,Standard,Standard,242,-0.028,-0.063,70.2,6.8,,,0.063,88.7,0,0,0.608,0.608,26,25,27,26,1,3,1,1,2,2,2.7,1.64,-1.64,29.4,-0.9545379039021192,23.354963361059287,35.867029836235176,47.094537232936034,24.359558134693813
CH,2026-07-23,92.9,-2.7,5.22,"Gómez, Yoendrys",700932,672782,,blocked_ball,,,,,13,,R,L,R,CLE,MIN,B,,,0,1,2026,-1.78,-0.13,-0.962770961867127,0.4649591215726691,,683953,656555,2,9,Bot,,,,,,,8.440536521274336,-134.82802586985477,-5.720706189131662,-23.581285503779696,35.4190567255847,-32.475922288795196,3.187532808,1.608661417,,,,92.9,1835,6.9,824406,680777,665019,807712,668904,686797,663616,621439,702176,53.59,,,,,,,,66,2,Changeup,1,1,1,1,1,1,1,1,Standard,Standard,252,0.011,0.019,,,,,-0.019,,0,0,0.597,0.597,26,25,27,26,1,3,1,1,2,2,2.83,1.78,-1.78,36.8,,,,,
ST,2026-07-23,86.3,-2.92,5.29,"Gómez, Yoendrys",700932,672782,,called_strike,,,,,7,,R,L,R,CLE,MIN,S,,,0,0,2026,0.68,0.53,-0.4125419978968697,1.9359774644495265,,683953,656555,2,9,Bot,,,,,,,4.541016529580402,-125.63095394972515,-2.647286532967652,6.208408514393633,26.538857862179725,-26.206692298195616,3.187532808,1.608661417,,,,87.1,2788,6.9,824406,680777,665019,807712,668904,686797,663616,621439,702176,53.6,,,,,,,,66,1,Sweeper,1,1,1,1,1,1,1,1,Strategic,Standard,94,-0.017,-0.034,,,,,0.034,,0,0,0.614,0.614,26,25,27,26,1,3,1,1,2,2,2.54,-0.68,0.68,27.5,,,,,
FF,2026-07-23,98.0,-1.4,5.43,"Gómez, Yoendrys",656555,672782,walk,ball,,,,,14,Rhys Hoskins walks. Travis Bazzana to 2nd.,R,R,R,CLE,MIN,B,,,3,1,2026,-0.19,1.43,0.5699970984744493,1.2947051014000066,,,683953,2,9,Bot,,,,,,,5.766153027005596,-142.29202481095962,-8.831522627030473,-4.0696898616808035,35.533798858070035,-10.84341445152026,3.334096129,1.682627953,,,,98.7,2509,7.0,824406,680777,665019,807712,668904,686797,663616,621439,702176,53.52,,0.698492,0.7,1,0,0,,65,5,4-Seam Fastball,1,1,1,1,1,1,1,1,Standard,Standard,213,0.031,0.131,,,,,-0.131,,0,0,0.583,0.583,26,33,27,33,1,3,1,2,2,1,0.97,0.19,0.19,32.0,,,,,
FC,2026-07-23,91.2,-1.19,5.53,"Gómez, Yoendrys",656555,672782,,ball,,,,,14,,R,R,R,CLE,MIN,B,,,2,1,2026,0.28,0.69,1.4581631263117096,2.027744252215265,,,683953,2,9,Bot,,,,,,,6.043490702862965,-132.7082063365409,-4.2244793792694235,1.8744141212691656,29.955488209077387,-23.260467202046637,3.334096129,1.682627953,,,,92.0,2665,6.9,824406,680777,665019,807712,668904,686797,663616,621439,702176,53.59,,,,,,,,65,4,Cutter,1,1,1,1,1,1,1,1,Standard,Strategic,167,0.015,0.095,,,,,-0.095,,0,0,0.568,0.568,26,33,27,33,1,3,1,2,2,1,2.06,-0.28,-0.28,33.7,,,,,
CH,2026-07-23,92.5,-1.19,5.35,"Gómez, Yoendrys",656555,672782,,ball,,,,,14,,R,R,R,CLE,MIN,B,,,1,1,2026,-1.37,0.01,0.0638680521037342,1.102649893751186,,,683953,2,9,Bot,,,,,,,6.278503535841864,-134.43445701785112,-4.7799352565265885,-17.997731374943974,31.456958755000574,-31.114214818318985,3.334096129,1.682627953,,,,93.3,1741,7.0,824406,680777,665019,807712,668904,686797,663616,621439,702176,53.51,,,,,,,,65,3,Changeup,1,1,1,1,1,1,1,1,Standard,Standard,240,0.008,0.052,,,,,-0.052,,0,0,0.56,0.56,26,33,27,33,1,3,1,2,2,1,2.68,1.37,1.37,31.2,,,,,
FF,2026-07-23,95.8,-1.33,5.46,"Gómez, Yoendrys",656555,672782,,called_strike,,,,,4,,R,R,R,CLE,MIN,S,,,1,0,2026,-0.33,1.36,-0.7761682851827976,2.4421709113366035,,,683953,2,9,Bot,,,,,,,2.2292969214672227,-139.3969989928602,-5.285304012639334,-4.811832912723661,34.00598467555262,-13.438535525240496,3.334096129,1.682627953,,,,96.3,2455,6.8,824406,680777,665019,807712,668904,686797,663616,621439,702176,53.71,,,,,,,,65,2,4-Seam Fastball,1,1,1,1,1,1,1,1,Standard,Strategic,212,-0.008,-0.048,,,,,0.048,,0,0,0.568,0.568,26,33,27,33,1,3,1,2,2,1,1.14,0.33,0.33,36.8,,,,,
FC,2026-07-23,90.3,-1.29,5.49,"Gómez, Yoendrys",656555,672782,,ball,,,,,14,,R,R,R,CLE,MIN,B,,,0,0,2026,0.28,0.81,1.21564458063361,2.229512778269674,,,683953,2,9,Bot,,,,,,,5.615791558094288,-131.4518657610016,-3.7538231354026608,2.0890907128365552,27.204843686442032,-22.2084919150865,3.334096129,1.682627953,,,,91.4,2610,6.9,824406,680777,665019,807712,668904,686797,663616,621439,702176,53.63,,,,,,,,65,1,Cutter,1,1,1,1,1,1,1,1,Standard,Standard,164,0.005,0.035,,,,,-0.035,,0,0,0.563,0.563,26,33,27,33,1,3,1,2,2,1,1.98,-0.28,-0.28,39.7,,,,,
FC,2026-07-23,92.0,-2.63,5.49,"Gómez, Yoendrys",683953,672782,walk,ball,,,,,13,"Travis Bazzana challenged (pitch result), call on the field was overturned: Travis Bazzana walks.",R,L,R,CLE,MIN,B,,,3,2,2026,0.37,0.77,-0.0697517369096434,1.430256116545689,,,,2,9,Bot,,,,,,,5.636498196630368,-133.88449112211194,-6.007299189792696,3.3443325639236634,27.06460814042015,-21.854777466079693,3.178756562,1.604232283,,,,93.2,2661,6.8,824406,680777,665019,807712,668904,686797,663616,621439,702176,53.67,,0.698492,0.7,1,0,0,,64,7,Cutter,1,1,1,1,1,1,1,1,Infield shade,Standard,175,0.023,0.294,,,,,-0.294,,0,0,0.54,0.54,26,23,27,24,1,3,1,1,2,1,1.91,-0.37,0.37,31.6,,,,,
CH,2026-07-23,92.4,-2.26,5.27,"Gómez, Yoendrys",683953,672782,,ball,,,,,14,,R,L,R,CLE,MIN,B,,,2,2,2026,-1.46,-0.03,0.0053983121688889,0.3286424676612687,,,,2,9,Bot,,,,,,,9.028389374190745,-134.26316339567828,-6.505821420232365,-19.5607857445747,27.988622195996996,-31.329204438529924,3.178756562,1.604232283,,,,93.6,1759,7.0,824406,680777,665019,807712,668904,686797,663616,621439,702176,53.52,,,,,,,,64,6,Changeup,1,1,1,1,1,1,1,1,Infield shade,Standard,247,0.009,0.082,,,,,-0.082,,0,0,0.531,0.531,26,23,27,24,1,3,1,1,2,1,2.7,1.46,-1.46,28.0,,,,,
FF,2026-07-23,97.2,-2.45,5.48,"Gómez, Yoendrys",683953,672782,,ball,,,,,11,,R,L,R,CLE,MIN,B,,,1,2,2026,-0.26,1.48,-1.1051037286143957,3.3598702018395064,,,,2,9,Bot,,,,,,,4.209507227750311,-141.52476231932522,-3.472727727299269,-4.494426183557874,32.23069998378907,-11.7429328130417,3.178756562,1.604232283,,,,98.2,2549,6.8,824406,680777,665019,807712,668904,686797,663616,621439,702176,53.68,,,,,,,,64,5,4-Seam Fastball,1,1,1,1,1,1,1,1,Infield shade,Standard,203,0.006,0.042,,,,,-0.042,,0,0,0.525,0.525,26,23,27,24,1,3,1,1,2,1,0.93,0.26,-0.26,36.7,,,,,
CH,2026-07-23,92.8,-2.45,5.34,"Gómez, Yoendrys",683953,672782,,foul,,,,,4,,R,L,R,CLE,MIN,S,,,1,2,2026,-1.12,0.06,-0.8016179701016635,2.1255794059687942,,,,2,9,Bot,,,,,,,6.70626224531271,-135.1018040729675,-2.4424062696087088,-15.100957753051883,26.078567156206457,-31.096856096276763,3.178756562,1.604232283,231,75.2,38,94.2,1678,6.8,824406,680777,665019,807712,668904,686797,663616,621439,702176,53.67,,,,,,,,64,4,Changeup,1,1,1,1,1,1,1,1,Infield shade,Standard,244,0.0,0.0,54.3,6.5,,,0.0,88.0,0,0,0.525,0.525,26,23,27,24,1,3,1,1,2,1,2.56,1.12,-1.12,28.6,0.4292876694288265,24.576341108103676,30.792597989090844,44.36055810061687,15.797955584691234
CH,2026-07-23,93.1,-2.51,5.35,"Gómez, Yoendrys",683953,672782,,swinging_strike,,,,,13,,R,L,R,CLE,MIN,S,,,1,1,2026,-1.28,0.15,-0.0467949799704867,1.0759727596649644,,,,2,9,Bot,,,,,,,9.193107345031631,-135.2155003106187,-5.336715462684775,-17.70211127410037,28.31173590132943,-29.396351973415435,3.178756562,1.604232283,,,,94.2,1750,6.9,824406,680777,665019,807712,668904,686797,663616,621439,702176,53.57,,,,,,,,64,3,Changeup,1,1,1,1,1,1,1,1,Infield shade,Standard,246,-0.009,-0.065,71.8,7.6,2.449218132,,0.065,,0,0,0.534,0.534,26,23,27,24,1,3,1,1,2,1,2.48,1.28,-1.28,36.5,17.691207024680217,-9.007003426444399,39.42221090732289,36.46902717197339,41.36402337217858
CH,2026-07-23,92.0,-2.76,5.27,"Gómez, Yoendrys",683953,672782,,ball,,,,,13,,R,L,R,CLE,MIN,B,,,0,1,2026,-1.13,0.02,-0.4140130930380583,1.0872687596078592,,,,2,9,Bot,,,,,,,8.443213017872964,-133.75483553421796,-4.64932982785732,-15.339988056904922,26.621760799436245,-31.16859455958167,3.178756562,1.604232283,,,,93.1,1732,6.8,824406,680777,665019,807712,668904,686797,663616,621439,702176,53.67,,,,,,,,64,2,Changeup,1,1,1,1,1,1,1,1,Standard,Standard,245,0.003,0.029,,,,,-0.029,,0,0,0.531,0.531,26,23,27,24,1,3,1,1,2,1,2.66,1.13,-1.13,27.9,,,,,
FF,2026-07-23,95.5,-2.52,5.47,"Gómez, Yoendrys",683953,672782,,foul,,,,,3,,R,L,R,CLE,MIN,S,,,0,0,2026,-0.25,1.22,0.4524023586576118,2.8566134368071943,,,,2,9,Bot,,,,,,,8.385892188944187,-138.85618667209928,-3.921161861114469,-5.035874910098289,29.731996904623085,-15.689191241820764,3.178756562,1.604232283,256,77.5,33,96.7,2455,6.9,824406,680777,665019,807712,668904,686797,663616,621439,702176,53.55,,,,,,,,64,1,4-Seam Fastball,1,1,1,1,1,1,1,1,Standard,Standard,207,-0.005,-0.044,71.2,7.4,,,0.044,88.0,0,0,0.536,0.536,26,23,27,24,1,3,1,1,2,1,1.28,0.25,-0.25,30.5,17.30073745183146,-8.573521074595776,36.168683607096426,30.46437510730837,34.03058625043214
CH,2026-07-23,91.4,-2.63,5.42,"Gómez, Yoendrys",677587,672782,field_out,hit_into_play,,,,,11,"Brayan Rocchio grounds out softly, third baseman Royce Lewis to first baseman Kody Clemens.",R,L,R,CLE,MIN,X,5,ground_ball,0,0,2026,-1.65,0.32,-1.1344098924205843,2.655654786425207,,,,1,9,Bot,114.66,173.37,,,,,7.3898354595138365,-132.8642667181579,-1.571342298162264,-21.166802593833943,29.225242993261272,-28.227632892054253,3.068175853,1.548425197,5,45.5,-25,92.0,1617,6.7,824406,680777,665019,807712,668904,686797,663616,621439,702176,53.75,0.21,0.191,0.0,1,0,0,1,63,1,Changeup,1,1,1,1,1,1,1,1,Standard,Standard,240,-0.046,-0.262,43.2,6.5,,0.21,0.262,88.0,0,0,0.582,0.582,26,25,27,25,1,3,1,1,2,1,2.42,1.65,-1.65,31.3,0.2347748009670165,22.20208080318926,20.7829018362698,45.14871366199894,18.51897646275656
CH,2026-07-23,91.9,-2.57,5.11,"Gómez, Yoendrys",800050,672782,strikeout,swinging_strike_blocked,,,,,13,Chase DeLauter strikes out swinging.,R,L,R,CLE,MIN,S,2,,1,2,2026,-1.75,-0.24,-0.5379064701593419,0.4332251124848287,,,,0,9,Bot,,,,,,,9.015733229568504,-133.40770136762436,-5.15185093777608,-22.86536561856794,32.84017702441468,-33.89784561645487,3.339361877,1.685285433,,,,92.1,1952,6.9,824406,680777,665019,807712,668904,686797,663616,621439,702176,53.61,,0.0,0.0,1,0,0,,62,4,Changeup,1,1,1,1,1,1,1,1,Standard,Standard,244,-0.04,-0.186,70.6,8.5,1.254607872,,0.186,,0,0,0.622,0.622,26,24,27,25,1,3,1,1,2,1,2.98,1.75,-1.75,29.9,9.99208272410452,-13.86390240970764,38.77133959809849,42.46697613525099,36.11561893451544
ST,2026-07-23,84.6,-3.21,5.13,"Gómez, Yoendrys",800050,672782,,ball,,,,,13,,R,L,R,CLE,MIN,B,,,0,2,2026,1.3,0.65,-0.1419835475647999,1.3776513089794222,,,,0,9,Bot,,,,,,,4.446553041337795,-123.07731149275337,-3.468295619024974,12.190830866576976,26.454976610579006,-25.10975677589078,3.339361877,1.685285433,,,,85.0,2779,6.8,824406,680777,665019,807712,668904,686797,663616,621439,702176,53.75,,,,,,,,62,3,Sweeper,1,1,1,1,1,1,1,1,Infield shade,Standard,91,0.006,0.022,,,,,-0.022,,0,0,0.616,0.616,26,24,27,25,1,3,1,1,2,1,2.56,-1.3,1.3,23.8,,,,,
CH,2026-07-23,91.1,-2.84,5.15,"Gómez, Yoendrys",800050,672782,,called_strike,,,,,4,,R,L,R,CLE,MIN,S,,,0,1,2026,-1.11,-0.27,-0.7780132436801575,2.439558067417383,,,,0,9,Bot,,,,,,,7.613451404717106,-132.4467240200251,-0.0912735262007924,-14.74456905806144,29.2646885869301,-35.525410964168785,3.339361877,1.685285433,,,,91.8,1918,6.9,824406,680777,665019,807712,668904,686797,663616,621439,702176,53.65,,,,,,,,62,2,Changeup,1,1,1,1,1,1,1,1,Standard,Standard,244,-0.014,-0.053,,,,,0.053,,0,0,0.63,0.63,26,24,27,25,1,3,1,1,2,1,3.03,1.11,-1.11,27.0,,,,,
ST,2026-07-23,82.3,-3.25,5.4,"Gómez, Yoendrys",800050,672782,,called_strike,,,,,1,,R,L,R,CLE,MIN,S,,,0,0,2026,1.32,0.15,-0.5886603286848693,2.97659108186215,,,,0,9,Bot,,,,,,,3.378553381067979,-119.86212652695136,0.8810682015403271,12.191563196088325,21.448685066917847,-31.055786785166255,3.339361877,1.685285433,,,,83.4,2771,6.8,824406,680777,665019,807712,668904,686797,663616,621439,702176,53.67,,,,,,,,62,1,Sweeper,1,1,1,1,1,1,1,1,Infield shade,Standard,85,-0.009,-0.042,,,,,0.042,,0,0,0.639,0.639,26,24,27,25,1,3,1,1,2,1,3.19,-1.32,1.32,29.3,,,,,
FS,2026-07-23,87.5,-1.84,5.63,"Smith, Cade",665019,671922,field_out,hit_into_play,,,,,5,Kody Clemens flies out sharply to right fielder Chase DeLauter.,R,L,R,CLE,MIN,X,9,fly_ball,2,2,2026,-0.06,-0.15,0.0001600892123452,2.461453958740001,,,,2,9,Top,222.6,92.92,,,,,4.575278104441388,-127.40983420241956,-0.9978086599441792,-1.53245632548913,25.438139814141753,-33.85905521791314,3.211228675,1.620620079,319,101.8,41,89.2,490,7.2,824406,672275,700932,683953,608070,677587,680757,690984,800050,53.26,0.166,0.316,0.0,1,0,0,5,61,5,Split-Finger,1,1,1,1,1,1,1,1,Infield shade,Standard,314,0.029,-0.222,73.6,7.6,,0.61,0.222,101.8,0,0,0.61,0.39,27,30,27,30,1,3,2,1,5,2,3.12,0.06,-0.06,37.0,17.30718236782286,-14.196135047084834,23.99480042649696,35.42916509549103,44.26590576192475
FF,2026-07-23,98.1,-1.83,5.64,"Smith, Cade",665019,671922,,ball,,,,,11,,R,L,R,CLE,MIN,B,,,1,2,2026,-0.68,1.32,-0.5284543053313736,4.458491512547265,,,,2,9,Top,,,,,,,5.1608616686326725,-142.90223565177635,-0.7246446946334053,-10.47998798601936,30.817706316348293,-14.087327408061425,3.211228675,1.620620079,,,,100.0,2406,7.1,824406,672275,700932,683953,608070,677587,680757,690984,800050,53.36,,,,,,,,61,4,4-Seam Fastball,1,1,1,1,1,1,1,1,Strategic,Standard,214,-0.005,0.042,,,,,-0.042,,0,0,0.615,0.385,27,30,27,30,1,3,2,1,5,2,1.03,0.68,-0.68,37.9,,,,,
FS,2026-07-23,85.9,-1.87,5.62,"Smith, Cade",665019,671922,,foul,,,,,7,,R,L,R,CLE,MIN,S,,,1,1,2026,-0.89,-0.5,-0.658307065798774,1.7696669111892045,,,,2,9,Top,,,,,,,4.77185464130034,-124.95971736571336,-1.5519874807469076,-10.350582967280264,27.32255207427254,-37.2257076307066,3.211228675,1.620620079,,,,87.1,523,7.3,824406,672275,700932,683953,608070,677587,680757,690984,800050,53.23,,,,,,,,61,3,Split-Finger,1,1,1,1,1,1,1,1,Infield shade,Standard,306,0.008,-0.065,68.0,7.8,,,0.065,,0,0,0.607,0.393,27,30,27,30,1,3,2,1,5,2,3.61,0.89,-0.89,38.9,20.347191579125727,-12.511681102438452,26.006188512926133,44.151699821308384,39.42809780625768
FF,2026-07-23,97.7,-1.98,5.56,"Smith, Cade",665019,671922,,foul,,,,,2,,R,L,R,CLE,MIN,S,,,1,0,2026,-0.91,1.18,0.0135209780764895,3.0381977865015934,,,,2,9,Top,,,,,,,7.563688691558962,-142.03650037312843,-3.883408849543558,-14.170578086248977,34.83894311213736,-15.492604961428396,3.211228675,1.620620079,149,78.6,74,99.0,2405,7.2,824406,672275,700932,683953,608070,677587,680757,690984,800050,53.3,,,,,,,,61,2,4-Seam Fastball,1,1,1,1,1,1,1,1,Infield shade,Standard,215,0.005,-0.056,72.3,6.3,,,0.056,88.0,0,0,0.602,0.398,27,30,27,30,1,3,2,1,5,2,1.22,0.91,-0.91,38.1,6.350464098736032,7.082754550255079,22.705909811503044,35.54593390074511,31.27527968757451
FS,2026-07-23,87.8,-1.85,5.54,"Smith, Cade",665019,671922,,ball,,,,,14,,R,L,R,CLE,MIN,B,,,0,0,2026,-0.05,-0.85,1.1749290459876585,0.9300755711971802,,,,2,9,Top,,,,,,,7.45895315289954,-127.64168136702048,-2.989787895493977,-2.1824907306489165,27.20647983158017,-40.97616595722165,3.211228675,1.620620079,,,,89.1,654,7.2,824406,672275,700932,683953,608070,677587,680757,690984,800050,53.28,,,,,,,,61,1,Split-Finger,1,1,1,1,1,1,1,1,Strategic,Standard,331,-0.003,0.041,,,,,-0.041,,0,0,0.605,0.395,27,30,27,30,1,3,2,1,5,2,3.82,0.05,-0.05,36.2,,,,,
FF,2026-07-23,98.2,-1.78,5.58,"Smith, Cade",605137,671922,grounded_into_double_play,hit_into_play,,,,,12,"Josh Bell grounds into a double play, second baseman Travis Bazzana to shortstop Brayan Rocchio to first baseman Kyle Manzardo. Ryan Jeffers out at 2nd. Josh Bell out at 1st.",R,L,R,CLE,MIN,X,4,ground_ball,1,1,2026,-1.04,1.42,0.0931182479895902,3.4731827214504887,,,680777,0,9,Top,144.61,149.22,,,,,7.5745739749931325,-142.74919059733767,-3.3800702280354344,-16.012525177144507,37.36887381659212,-12.24349330881351,3.334973753,1.683070866,8,84.0,-22,99.2,2481,7.2,824406,672275,700932,683953,608070,677587,680757,690984,800050,53.28,0.067,0.063,0.0,1,0,0,2,60,3,4-Seam Fastball,1,1,1,1,1,1,1,1,Infield shade,Standard,208,0.182,-0.331,66.3,6.9,,0.078,0.331,88.0,0,0,0.423,0.577,27,33,27,34,1,3,2,1,5,1,0.97,1.04,-1.04,36.0,12.705532570711648,12.0240337077454,27.12921875761493,34.77868669185027,21.351835028315165
FS,2026-07-23,87.2,-1.67,5.64,"Smith, Cade",605137,671922,,ball,,,,,14,,R,L,R,CLE,MIN,B,,,0,1,2026,-1.19,-1.15,0.0336335726932259,1.039110825104701,,,680777,0,9,Top,,,,,,,6.652073207078708,-126.61484085522837,-2.076564720639055,-14.263752646181784,31.72384551214542,-44.02232725736436,3.334973753,1.683070866,,,,87.7,639,7.3,824406,672275,700932,683953,608070,677587,680757,690984,800050,53.25,,,,,,,,60,2,Split-Finger,1,1,1,1,1,1,1,1,Infield shade,Standard,331,-0.008,0.024,,,,,-0.024,,0,0,0.431,0.569,27,33,27,34,1,3,2,1,5,1,4.21,1.19,-1.19,39.2,,,,,
FS,2026-07-23,87.0,-1.89,5.63,"Smith, Cade",605137,671922,,swinging_strike,,,,,7,,R,L,R,CLE,MIN,S,,,0,0,2026,-0.78,-0.52,-0.650736123461435,1.956850121613392,,,680777,0,9,Top,,,,,,,4.621103343882747,-126.59525673217765,-1.2587795917777276,-9.31730567416504,28.7977411445021,-37.63133870782673,3.334973753,1.683070866,,,,87.9,622,7.1,824406,672275,700932,683953,608070,677587,680757,690984,800050,53.4,,,,,,,,60,1,Split-Finger,1,1,1,1,1,1,1,1,Infield shade,Standard,333,0.012,-0.04,73.2,9.0,0.381153276,,0.04,,0,0,0.419,0.581,27,33,27,34,1,3,2,1,5,1,3.56,0.78,-0.78,39.5,18.04068108073764,-16.556185347809887,33.157032745398986,43.309146190012825,36.15442505940311
FF,2026-07-23,97.9,-1.45,5.76,"Smith, Cade",680777,671922,single,hit_into_play,,,,,6,"Ryan Jeffers singles on a sharp ground ball to right fielder Chase DeLauter, deflected by first baseman Kyle Manzardo.",R,R,R,CLE,MIN,X,3,ground_ball,1,2,2026,-0.68,1.27,0.6425557841823196,2.695562554908456,,,,0,9,Top,166.39,106.87,,,,,7.335907918647814,-142.40195922007896,-5.6816083918144615,-10.955427897053989,31.479601917939902,-13.69346063461267,3.284949147,1.657824803,54,100.0,0,99.9,2417,7.4,824406,672275,700932,683953,608070,677587,680757,690984,800050,53.15,0.423,0.397,0.9,1,1,0,4,59,4,4-Seam Fastball,1,1,1,1,1,1,1,1,Strategic,Strategic,211,-0.098,0.519,68.5,6.3,,0.48,-0.519,100.0,0,0,0.517,0.483,27,29,27,29,1,3,2,2,5,1,1.1,0.68,0.68,40.8,-2.7898286163013126,17.533048804832376,25.106129964869936,42.50025216176627,13.776537326731216
FF,2026-07-23,95.7,-1.52,5.76,"Smith, Cade",680777,671922,,ball,,,,,11,,R,R,R,CLE,MIN,B,,,0,2,2026,-0.64,1.37,-0.7971543366244177,4.350341202865123,,,,0,9,Top,,,,,,,3.4296176980790776,-139.43303400665914,-1.121279465200487,-9.162705905645646,31.11192287835638,-14.289418056958027,3.284949147,1.657824803,,,,97.4,2368,7.2,824406,672275,700932,683953,608070,677587,680757,690984,800050,53.31,,,,,,,,59,3,4-Seam Fastball,1,1,1,1,1,1,1,1,Strategic,Strategic,212,-0.006,0.022,,,,,-0.022,,0,0,0.523,0.477,27,29,27,29,1,3,2,2,5,1,1.11,0.64,0.64,39.0,,,,,
ST,2026-07-23,84.8,-1.73,5.56,"Smith, Cade",680777,671922,,foul,,,,,9,,R,R,R,CLE,MIN,S,,,0,1,2026,1.14,0.35,0.6235982395546338,1.899408288405832,,,,0,9,Top,,,,,,,3.1613829955645665,-123.58351805719926,-2.825874447920003,11.256459507700209,22.09491549655834,-28.24700827374456,3.284949147,1.657824803,132,74.8,74,86.7,2021,7.2,824406,672275,700932,683953,608070,677587,680757,690984,800050,53.31,,,,,,,,59,2,Sweeper,1,1,1,1,1,1,1,1,Strategic,Standard,84,0.014,-0.053,83.2,8.4,,,0.053,88.0,0,0,0.509,0.491,27,29,27,29,1,3,2,2,5,1,2.78,-1.14,-1.14,36.8,14.330563425064888,-19.229202827016376,31.46703527897421,41.47388306860492,39.12975080456046
FF,2026-07-23,96.7,-1.72,5.69,"Smith, Cade",680777,671922,,foul,,,,,2,,R,R,R,CLE,MIN,S,,,0,0,2026,-0.64,1.36,-0.157272124909772,3.1484447142459864,,,,0,9,Top,,,,,,,5.688786959672291,-140.7001139068757,-4.270156946817795,-9.80352351331639,31.801188460875817,-13.291438309500082,3.284949147,1.657824803,288,83.5,38,98.2,2362,7.1,824406,672275,700932,683953,608070,677587,680757,690984,800050,53.36,,,,,,,,59,1,4-Seam Fastball,1,1,1,1,1,1,1,1,Standard,Standard,213,0.009,-0.042,61.6,5.5,,,0.042,88.0,0,0,0.5,0.5,27,29,27,29,1,3,2,2,5,1,1.07,0.64,0.64,37.3,-11.672897410399791,27.863804921128423,30.796108981995,33.56708781184993,12.308731779966203
FC,2026-07-23,94.4,-1.41,6.37,"Morris, Andrew",608070,702193,field_out,hit_into_play,,,,,3,José Ramírez pops out to catcher Ryan Jeffers in foul territory.,R,L,R,CLE,MIN,X,2,popup,2,1,2026,0.47,0.65,0.4308129309889107,3.0145925522304537,,680757,,2,8,Bot,128.27,209.74,,,,,3.6742577330321526,-137.54018545670868,-4.336775814242976,5.206194597113196,28.507335943951293,-23.225144535436215,3.034826116,1.531594488,9,72.5,82,94.7,2276,6.3,824406,680777,665019,807712,668904,686797,663616,621439,702176,54.24,0.003,0.003,0.0,1,0,0,3,58,4,Cutter,1,1,1,1,1,1,1,1,Standard,Standard,163,-0.083,-0.3,60.7,6.8,,0.003,0.3,88.0,0,0,0.583,0.583,24,33,25,34,1,3,1,1,2,2,1.89,-0.47,0.47,61.2,13.502708692143145,-11.307606460883532,28.08509922856278,25.83377700313048,28.25525803306361
CH,2026-07-23,90.0,-1.66,6.13,"Morris, Andrew",608070,702193,,ball,,,,,14,,R,L,R,CLE,MIN,B,,,1,1,2026,-1.17,0.98,0.37576720045791,-0.0169295189362415,,,680757,2,8,Bot,,,,,,,7.494197358812284,-130.4883486333111,-11.0286206518336,-14.952888918678356,28.054189687218983,-18.712324334798463,3.034826116,1.531594488,,,,89.7,1549,6.4,824406,680777,665019,807712,668904,686797,663616,621439,702176,54.13,,,,,,,,58,3,Changeup,1,1,1,1,1,1,1,1,Infield shade,Strategic,235,0.036,0.052,,,,,-0.052,,0,0,0.547,0.547,24,33,25,34,1,3,1,1,2,2,1.86,1.17,-1.17,50.7,,,,,
FC,2026-07-23,92.0,-1.26,6.38,"Morris, Andrew",608070,702193,,ball,,,,,14,,R,L,R,CLE,MIN,B,,,0,1,2026,0.49,0.59,1.3699111739695868,1.187022197693538,,,680757,2,8,Bot,,,,,,,5.496450072020466,-133.8126065354231,-8.395839985755286,4.831777759064117,26.46887719971688,-23.51315892512354,3.034826116,1.531594488,,,,92.3,2366,6.3,824406,680777,665019,807712,668904,686797,663616,621439,702176,54.22,,,,,,,,58,2,Cutter,1,1,1,1,1,1,1,1,Infield shade,Strategic,153,0.005,0.028,,,,,-0.028,,0,0,0.542,0.542,24,33,25,34,1,3,1,1,2,2,2.08,-0.49,0.49,62.3,,,,,
SI,2026-07-23,97.2,-1.35,6.37,"Morris, Andrew",608070,702193,,called_strike,,,,,12,,R,L,R,CLE,MIN,S,,,0,0,2026,-1.12,1.23,0.2081069639329711,3.1560730688760987,,,680757,2,8,Bot,,,,,,,6.727020653208487,-141.37779158966453,-5.7233017454917725,-16.535894085966138,32.985848732229975,-14.568641034300878,3.034826116,1.531594488,,,,97.0,2083,6.2,824406,680777,665019,807712,668904,686797,663616,621439,702176,54.27,,,,,,,,58,1,Sinker,1,1,1,1,1,1,1,1,Infield shade,Strategic,207,-0.008,-0.04,,,,,0.04,,0,0,0.55,0.55,24,33,25,34,1,3,1,1,2,2,1.19,1.12,-1.12,52.4,,,,,
FC,2026-07-23,93.8,-1.48,6.32,"Morris, Andrew",680757,702193,single,hit_into_play,,,,,13,Steven Kwan singles on a line drive to left fielder Trevor Larnach.,R,L,R,CLE,MIN,X,7,line_drive,2,1,2026,0.38,0.87,-0.0578137454686005,1.3612153498743895,,,,2,8,Bot,76.39,108.46,,,,,2.7859852382617074,-136.4858523109462,-8.836669655454191,4.232164979887766,27.477100593946908,-19.630432181315353,3.02253937,1.525393701,175,93.1,10,94.2,2298,6.4,824406,680777,665019,807712,668904,686797,663616,621439,702176,54.15,0.669,0.619,0.9,1,1,0,4,57,4,Cutter,1,1,1,1,1,1,1,1,Standard,Strategic,181,0.022,0.291,62.6,6.2,,0.738,-0.291,93.1,0,0,0.528,0.528,24,28,25,29,1,3,1,1,2,2,1.7,-0.38,0.38,58.8,-7.736673325616309,5.2896545756364866,48.529477778150195,30.047865585770648,22.52610794118505
CH,2026-07-23,91.3,-1.6,6.21,"Morris, Andrew",680757,702193,,ball,,,,,14,,R,L,R,CLE,MIN,B,,,1,1,2026,-0.82,0.99,0.7961010128013583,0.4121103679074429,,,,2,8,Bot,,,,,,,7.710623671013001,-132.38939267164483,-10.537409840400452,-11.27198875158254,26.996828471514895,-18.47540592218481,3.02253937,1.525393701,,,,91.1,1485,6.2,824406,680777,665019,807712,668904,686797,663616,621439,702176,54.26,,,,,,,,57,3,Changeup,1,1,1,1,1,1,1,1,Standard,Strategic,236,0.003,0.056,,,,,-0.056,,0,0,0.525,0.525,24,28,25,29,1,3,1,1,2,2,1.75,0.82,-0.82,50.9,,,,,
CH,2026-07-23,89.9,-1.56,6.3,"Morris, Andrew",680757,702193,,ball,,,,,13,,R,L,R,CLE,MIN,B,,,0,1,2026,-1.29,0.48,-0.3646928261240312,0.6864087791375102,,,,2,8,Bot,,,,,,,5.688260045511107,-130.62872001911472,-8.660535659663948,-16.006956012325418,26.25415894493263,-25.10727618340554,3.02253937,1.525393701,,,,89.6,1463,6.1,824406,680777,665019,807712,668904,686797,663616,621439,702176,54.39,,,,,,,,57,2,Changeup,1,1,1,1,1,1,1,1,Standard,Strategic,235,0.003,0.029,,,,,-0.029,,0,0,0.522,0.522,24,28,25,29,1,3,1,1,2,2,2.34,1.29,-1.29,51.1,,,,,
FF,2026-07-23,98.1,-1.2,6.36,"Morris, Andrew",680757,702193,,called_strike,,,,,11,,R,L,R,CLE,MIN,S,,,0,0,2026,-0.32,1.46,-0.1142840345928883,3.1531589110075746,,,,2,8,Bot,,,,,,,3.6438184621947873,-142.78947034814766,-6.4471533374335985,-5.141277682665192,31.23175528688435,-10.893013186269076,3.02253937,1.525393701,,,,98.3,2060,6.3,824406,680777,665019,807712,668904,686797,663616,621439,702176,54.25,,,,,,,,57,1,4-Seam Fastball,1,1,1,1,1,1,1,1,Standard,Strategic,196,-0.004,-0.044,,,,,0.044,,0,0,0.526,0.526,24,28,25,29,1,3,1,1,2,2,0.9,0.32,-0.32,60.4,,,,,
CH,2026-07-23,90.4,-1.52,6.3,"Morris, Andrew",690984,702193,field_out,hit_into_play,,,,,8,Petey Halpin grounds out to first baseman Kody Clemens.,R,L,R,CLE,MIN,X,3,ground_ball,0,2,2026,-1.16,0.86,-0.1859147965418957,1.8959711936329695,,,,1,8,Bot,160.95,166.77,,,,,5.776291688460073,-131.33080592886867,-6.5754849318223965,-14.672190269125103,29.553356500869704,-21.028615522801378,3.18402231,1.606889764,5,70.3,-20,89.8,1522,6.2,824406,680777,665019,807712,668904,686797,663616,621439,702176,54.32,0.042,0.038,0.0,1,0,0,2,56,3,Changeup,1,1,1,1,1,1,1,1,Infield shade,Standard,230,-0.022,-0.163,70.4,7.5,,0.045,0.163,88.0,0,0,0.548,0.548,24,24,25,24,1,2,1,1,2,1,1.96,1.16,-1.16,51.8,12.928421111211462,-17.42069564676694,30.36970967161441,33.9275562229609,42.42903143302114
FF,2026-07-23,97.8,-1.33,6.3,"Morris, Andrew",690984,702193,,foul,,,,,5,,R,L,R,CLE,MIN,S,,,0,1,2026,-0.22,1.39,0.1155465797747226,2.639073914712332,,,,1,8,Bot,,,,,,,4.371122191412806,-142.2570672023799,-7.391744602460822,-4.066569830088948,33.29878798297274,-11.752541427974569,3.18402231,1.606889764,248,79.3,29,97.7,1989,6.3,824406,680777,665019,807712,668904,686797,663616,621439,702176,54.21,,,,,,,,56,2,4-Seam Fastball,1,1,1,1,1,1,1,1,Standard,Standard,198,-0.009,-0.058,63.9,5.6,,,0.058,88.0,0,0,0.557,0.557,24,24,25,24,1,2,1,1,2,1,1.0,0.22,-0.22,57.8,-5.501472208403309,20.239492996304453,38.47813117395671,29.94183856064442,21.87932060788078
CH,2026-07-23,89.9,-1.58,6.36,"Morris, Andrew",690984,702193,,foul,,,,,2,,R,L,R,CLE,MIN,S,,,0,0,2026,-0.96,0.47,-0.1821565818243554,2.78555149382439,,,,1,8,Bot,,,,,,,5.454137434931366,-130.87652095567373,-3.7044934425062808,-12.12719787595025,26.267302303896525,-26.22745348683524,3.18402231,1.606889764,215,72.5,54,89.9,1447,6.1,824406,680777,665019,807712,668904,686797,663616,621439,702176,54.37,,,,,,,,56,1,Changeup,1,1,1,1,1,1,1,1,Standard,Standard,235,-0.005,-0.041,67.4,6.8,,,0.041,88.0,0,0,0.562,0.562,24,24,25,24,1,2,1,1,2,1,2.34,0.96,-0.96,53.3,6.149195639466398,-3.143997955091161,31.523410765329125,34.83396814405636,28.94206366951154
FC,2026-07-23,92.7,-1.25,6.4,"Morris, Andrew",672275,702193,field_out,hit_into_play,,,,,8,"Patrick Bailey grounds out sharply, second baseman Luke Keaschall to first baseman Kody Clemens.",R,L,R,CLE,MIN,X,4,ground_ball,2,2,2026,0.36,0.65,-0.0856581947061067,2.0049023920263833,,,,0,8,Bot,149.45,155.88,,,,,2.1362618844657923,-134.9622616531222,-6.63587240106253,3.939437392381748,29.88260839259018,-22.924901245667854,3.22351542,1.626820866,44,104.4,-1,92.6,2233,6.3,824406,680777,665019,807712,668904,686797,663616,621439,702176,54.24,0.463,0.428,0.0,1,0,0,4,55,5,Cutter,1,1,1,1,1,1,1,1,Infield shade,Standard,169,-0.039,-0.233,77.9,7.4,,0.515,0.233,104.4,0,0,0.601,0.601,24,27,25,27,1,2,1,1,2,2,2.0,-0.36,0.36,61.7,11.503492085232468,-5.748577905180631,35.72262008571205,37.460857811763574,29.90941121973099
CH,2026-07-23,89.1,-1.58,6.36,"Morris, Andrew",672275,702193,,ball,,,,,13,,R,L,R,CLE,MIN,B,,,1,2,2026,-1.37,0.61,-1.3756034031478808,1.4464543807115782,,,,0,8,Bot,,,,,,,3.410583003331812,-129.57878905883464,-6.984427847947795,-16.128667478584088,29.74927509336509,-23.950242814365975,3.22351542,1.626820866,,,,88.2,1527,6.0,824406,680777,665019,807712,668904,686797,663616,621439,702176,54.54,,,,,,,,55,4,Changeup,1,1,1,1,1,1,1,1,Infield shade,Standard,227,0.007,0.046,,,,,-0.046,,0,0,0.594,0.594,24,27,25,27,1,2,1,1,2,2,2.29,1.37,-1.37,51.8,,,,,
CH,2026-07-23,89.4,-1.62,6.33,"Morris, Andrew",672275,702193,,foul,,,,,13,,R,L,R,CLE,MIN,S,,,1,1,2026,-1.42,0.86,-0.8976731500533219,2.0762649379250373,,,,0,8,Bot,,,,,,,4.76708917645484,-129.87742293517277,-5.875319240467201,-16.98938445344149,34.13252569222715,-21.360228893111874,3.22351542,1.626820866,3,67.1,-34,88.0,1502,6.1,824406,680777,665019,807712,668904,686797,663616,621439,702176,54.42,,,,,,,,55,3,Changeup,1,1,1,1,1,1,1,1,Standard,Standard,232,-0.012,-0.061,68.8,7.9,,,0.061,88.0,0,0,0.606,0.606,24,27,25,27,1,2,1,1,2,2,2.07,1.42,-1.42,53.1,19.090766995629888,-6.658143873778606,28.723522368285792,46.18004671304727,34.4448710631075
FC,2026-07-23,92.5,-1.3,6.36,"Morris, Andrew",672275,702193,,called_strike,,,,,9,,R,L,R,CLE,MIN,S,,,1,0,2026,0.46,0.69,0.552297555951254,1.802811701616588,,,,0,8,Bot,,,,,,,3.628794998691584,-134.49849204603333,-7.05917934398628,4.846551976591171,29.40257486397961,-22.432428735095627,3.22351542,1.626820866,,,,92.3,2234,6.2,824406,680777,665019,807712,668904,686797,663616,621439,702176,54.3,,,,,,,,55,2,Cutter,1,1,1,1,1,1,1,1,Standard,Standard,177,-0.008,-0.056,,,,,0.056,,0,0,0.614,0.614,24,27,25,27,1,2,1,1,2,2,1.98,-0.46,0.46,59.6,,,,,
FC,2026-07-23,92.4,-1.28,6.37,"Morris, Andrew",672275,702193,,ball,,,,,11,,R,L,R,CLE,MIN,B,,,0,0,2026,0.43,0.63,-0.8783030068420399,2.698093673217742,,,,0,8,Bot,,,,,,,0.0654847525023054,-134.64906947571143,-4.76526356642966,5.187198017296248,27.305246233865734,-23.695849381208344,3.22351542,1.626820866,,,,92.6,2261,6.2,824406,680777,665019,807712,668904,686797,663616,621439,702176,54.33,,,,,,,,55,1,Cutter,1,1,1,1,1,1,1,1,Standard,Standard,175,0.006,0.043,,,,,-0.043,,0,0,0.608,0.608,24,27,25,27,1,2,1,1,2,2,2.02,-0.43,0.43,61.9,,,,,
FS,2026-07-23,86.3,-1.64,5.62,"Smith, Cade",621439,671922,strikeout,foul_tip,,,,,7,Byron Buxton strikes out on a foul tip.,R,R,R,CLE,MIN,S,2,,2,2,2026,-0.26,-0.83,-0.3098844665400482,2.0179617007602486,807712,686797,,2,8,Top,,,,,,,3.731705026148635,-125.55486437348296,-0.3453912502090936,-3.571674816545568,27.469449261707812,-41.032225155981045,3.257742782,1.644094488,,,,87.7,650,7.4,824406,672275,700932,683953,608070,677587,680757,690984,800050,53.15,,0.0,0.0,1,0,0,,54,7,Split-Finger,1,1,1,1,1,1,1,1,Standard,Standard,338,0.1,-0.195,73.5,8.7,,,0.195,,0,0,0.508,0.492,27,32,27,33,1,3,2,2,5,1,3.91,0.26,0.26,38.7,24.74111981105647,-33.835268396493156,34.47620969228814,33.21625481361904,42.31295559943043
FF,2026-07-23,98.3,-1.62,5.68,"Smith, Cade",621439,671922,,foul,,,,,2,,R,R,R,CLE,MIN,S,,,2,2,2026,-0.97,1.42,0.2385054849672767,3.0065222818302084,807712,686797,,2,8,Top,,,,,,,7.38928308344248,-142.76527741726107,-4.93293385240816,-14.989327270254671,36.615229063008215,-11.853474406861844,3.257742782,1.644094488,211,77.0,23,99.5,2420,7.3,824406,672275,700932,683953,608070,677587,680757,690984,800050,53.19,,,,,,,,54,6,4-Seam Fastball,1,1,1,1,1,1,1,1,Standard,Standard,213,0.0,0.0,73.7,8.0,,,0.0,88.0,0,0,0.508,0.492,27,32,27,33,1,3,2,2,5,1,0.97,0.97,0.97,39.9,9.867655925752851,5.282021047589864,30.416423223303003,40.70443479162634,18.938745765767223
FS,2026-07-23,85.9,-1.69,5.6,"Smith, Cade",621439,671922,,foul,,,,,13,,R,R,R,CLE,MIN,S,,,2,2,2026,-0.22,-0.59,-1.0429514607067976,1.7195170824645132,807712,686797,,2,8,Top,,,,,,,1.9970803608345584,-125.13140784870954,-1.5264766866790558,-2.6561038563685675,24.40418499825444,-38.31851463643888,3.257742782,1.644094488,,,,87.7,582,7.3,824406,672275,700932,683953,608070,677587,680757,690984,800050,53.21,,,,,,,,54,5,Split-Finger,1,1,1,1,1,1,1,1,Standard,Standard,349,0.0,0.0,66.9,8.4,,,0.0,,0,0,0.508,0.492,27,32,27,33,1,3,2,2,5,1,3.67,0.22,0.22,36.9,20.926349413702823,-32.89227076298224,38.51085014911899,23.852598206325407,36.74579728330323
ST,2026-07-23,85.3,-1.92,5.58,"Smith, Cade",621439,671922,,blocked_ball,,,,,14,,R,R,R,CLE,MIN,B,,,1,2,2026,1.35,0.14,1.056464513579024,0.2823920322992257,807712,,686797,2,8,Top,,,,,,,4.196921343382228,-124.0700229771075,-6.243327149894181,13.10996489720318,24.9114857592848,-29.725538204224694,3.257742782,1.644094488,,,,86.6,2070,7.2,824406,672275,700932,683953,608070,677587,680757,690984,800050,53.34,,,,,,,,54,4,Sweeper,1,1,1,1,1,1,1,1,Standard,Standard,65,-0.024,0.04,,,,,-0.04,,0,0,0.532,0.468,27,32,27,33,1,3,2,2,5,1,3.0,-1.35,-1.35,37.3,,,,,
FF,2026-07-23,97.7,-1.62,5.72,"Smith, Cade",621439,671922,,foul,,,,,1,,R,R,R,CLE,MIN,S,,,1,1,2026,-0.71,1.32,-0.8208563109195909,3.139901735916555,807712,,686797,2,8,Top,,,,,,,3.8742679997316185,-142.22854078522536,-4.4888264756827985,-10.565855215326296,30.43983238590411,-13.33653882426594,3.257742782,1.644094488,,,,99.9,2397,7.4,824406,672275,700932,683953,608070,677587,680757,690984,800050,53.15,,,,,,,,54,3,4-Seam Fastball,1,1,1,1,1,1,1,1,Standard,Standard,210,0.027,-0.076,70.3,6.8,,,0.076,,0,0,0.505,0.495,27,32,27,33,1,3,2,2,5,1,1.05,0.71,0.71,40.7,3.149726247707222,2.2780289135540843,34.200370934018835,26.2982443228964,16.424266561014342
ST,2026-07-23,84.9,-1.82,5.52,"Smith, Cade",621439,671922,,swinging_strike,,,,,14,,R,R,R,CLE,MIN,S,,,1,0,2026,1.07,0.18,0.8587535099607321,1.428291424752937,807712,,686797,2,8,Top,,,,,,,4.06446030178206,-123.63036470158458,-3.4406010555291724,10.218264048691934,23.77359613712426,-29.887124777592756,3.257742782,1.644094488,,,,86.3,2140,7.1,824406,672275,700932,683953,608070,677587,680757,690984,800050,53.45,,,,,,,,54,2,Sweeper,1,1,1,1,1,1,1,1,Standard,Standard,79,0.009,-0.031,67.9,9.5,6.683771808,,0.031,,0,0,0.496,0.504,27,32,27,33,1,3,2,2,5,1,2.97,-1.07,-1.07,33.0,28.72927194784148,-39.998397604729384,34.14624378504116,44.46448800967558,46.02709476294335
FS,2026-07-23,85.5,-1.62,5.65,"Smith, Cade",621439,671922,,ball,,,,,11,,R,R,R,CLE,MIN,B,,,0,0,2026,-0.56,-0.15,-1.477262588627799,3.668583809751541,807712,,686797,2,8,Top,,,,,,,1.5130564277647165,-124.4300675584004,2.156668043693844,-6.100698041849274,25.902345067928987,-34.36813847784372,3.257742782,1.644094488,,,,86.8,501,7.2,824406,672275,700932,683953,608070,677587,680757,690984,800050,53.29,,,,,,,,54,1,Split-Finger,1,1,1,1,1,1,1,1,Standard,Standard,316,-0.004,0.019,,,,,-0.019,,0,0,0.5,0.5,27,32,27,33,1,3,2,2,5,1,3.27,0.56,0.56,38.0,,,,,
FF,2026-07-23,97.0,-1.86,5.7,"Smith, Cade",686797,671922,force_out,hit_into_play,,,,,7,"Brooks Lee grounds into a force out, second baseman Travis Bazzana to shortstop Brayan Rocchio. Luke Keaschall to 3rd. Alan Roden out at 2nd. Brooks Lee to 1st.",R,L,R,CLE,MIN,X,4,ground_ball,1,0,2026,-0.7,1.34,-0.5292556978078382,1.580219038463,,807712,702176,1,8,Top,147.03,152.85,,,,,5.204514860818144,-141.09664838679342,-8.470379218700113,-10.504171745544724,29.889747026700046,-12.584160714953308,3.208595801,1.619291339,19,81.4,-4,98.3,2447,6.9,824406,672275,700932,683953,608070,677587,680757,690984,800050,53.63,0.124,0.117,0.0,1,0,0,2,53,2,4-Seam Fastball,1,1,1,1,1,1,1,1,Standard,Standard,214,0.083,-0.353,70.4,7.2,,0.135,0.353,88.0,0,0,0.417,0.583,27,25,27,25,1,3,2,1,5,1,1.07,0.7,-0.7,38.7,11.003320842647668,1.1833177092215637,30.193151775948863,44.43446646189025,28.07666224144028
FS,2026-07-23,85.7,-2.08,5.65,"Smith, Cade",686797,671922,,ball,,,,,13,,R,L,R,CLE,MIN,B,,,0,0,2026,-0.3,-0.82,-0.9844899481562748,1.762760624488922,,807712,702176,1,8,Top,,,,,,,3.2337639735511963,-124.78375168189946,-0.9699462793187356,-3.8069740520092576,27.089594044211868,-40.66251215496164,3.208595801,1.619291339,,,,86.8,725,7.1,824406,672275,700932,683953,608070,677587,680757,690984,800050,53.36,,,,,,,,53,1,Split-Finger,1,1,1,1,1,1,1,1,Standard,Standard,1,-0.011,0.04,,,,,-0.04,,0,0,0.428,0.572,27,25,27,25,1,3,2,1,5,1,3.94,0.3,-0.3,37.9,,,,,
FF,2026-07-23,97.4,-1.75,5.68,"Smith, Cade",702176,671922,single,hit_into_play,,,,,1,Alan Roden singles on a line drive to center fielder Petey Halpin. Royce Lewis scores. Luke Keaschall to 2nd.,R,L,R,CLE,MIN,X,8,line_drive,0,0,2026,-0.29,1.37,-0.2814228630086895,2.9895060272748673,,668904,807712,1,8,Top,134.43,90.64,,,,,4.645020970357176,-141.79175066010373,-4.8225443165458906,-4.9539044600869095,30.93168902510272,-12.74711992629182,3.159448819,1.594488189,230,99.7,11,99.2,2343,7.2,824406,672275,700932,683953,608070,677587,680757,690984,800050,53.31,0.903,0.86,0.9,1,1,0,4,52,1,4-Seam Fastball,1,0,0,1,1,1,1,1,Standard,Strategic,212,-0.221,0.473,69.7,6.5,,1.064,-0.473,99.7,1,-1,0.649,0.351,27,26,27,27,1,0,2,1,5,2,1.02,0.29,-0.29,37.8,3.244684624824522,7.669077668173087,25.01393353214039,40.49102486051112,26.86749565751063
FF,2026-07-23,93.7,-1.69,6.34,"Gaddis, Hunter",807712,683769,walk,ball,,,,,14,Luke Keaschall walks.,R,R,R,CLE,MIN,B,,,3,2,2026,-0.09,1.48,1.481027945101545,2.1645269543311865,,668904,,1,8,Top,,,,,,,8.381010855082636,-136.17332958124487,-8.314933768755179,-2.725523259467718,25.801526163244255,-12.094300854527695,3.213861549,1.621948819,,,,95.4,2152,7.0,824406,672275,700932,683953,608070,677587,680757,690984,800050,53.46,,0.698492,0.7,1,0,0,,51,8,4-Seam Fastball,1,0,0,1,0,1,0,1,Standard,Standard,204,-0.04,0.209,,,,,-0.209,,1,-1,0.689,0.311,28,23,28,24,1,2,2,1,1,1,1.09,0.09,0.09,42.1,,,,,
FF,2026-07-23,94.0,-1.69,6.38,"Gaddis, Hunter",807712,683769,,ball,,,,,11,,R,R,R,CLE,MIN,B,,,2,2,2026,-0.24,1.29,-0.697520492728853,4.391504081623016,,668904,,1,8,Top,,,,,,,3.1237603432770773,-137.10216804763644,-2.3213108917398633,-3.689888753532902,25.943317440763614,-15.428854480762109,3.213861549,1.621948819,,,,96.0,2102,7.0,824406,672275,700932,683953,608070,677587,680757,690984,800050,53.51,,,,,,,,51,7,4-Seam Fastball,1,0,0,1,0,1,0,1,Standard,Standard,203,-0.02,0.079,,,,,-0.079,,1,-1,0.709,0.291,28,23,28,24,1,2,2,1,1,1,1.24,0.24,0.24,38.8,,,,,
CH,2026-07-23,73.5,-1.87,5.74,"Gaddis, Hunter",807712,683769,,foul,,,,,11,,R,R,R,CLE,MIN,S,,,2,2,2026,-1.12,0.9,-0.9085593681633652,3.713369507705709,,668904,,1,8,Top,,,,,,,3.964429678943167,-106.94234798538233,1.8538250633192157,-9.279109130377648,18.17286731394917,-25.830542313455624,3.213861549,1.621948819,13,50.3,-14,74.8,1839,7.2,824406,672275,700932,683953,608070,677587,680757,690984,800050,53.27,,,,,,,,51,6,Changeup,1,0,0,1,0,1,0,1,Standard,Standard,247,0.0,0.0,,,,,0.0,88.0,1,-1,0.709,0.291,28,23,28,24,1,2,2,1,1,1,3.32,1.12,1.12,32.6,,,,,
SL,2026-07-23,90.6,-1.58,6.37,"Gaddis, Hunter",807712,683769,,ball,,,,,14,,R,R,R,CLE,MIN,B,,,1,2,2026,0.6,0.21,1.078148993774331,2.322363439436065,,,668904,1,8,Top,,,,,,,5.302028520296015,-131.93232869326286,-4.492928172157414,6.001983967848644,25.233332107428616,-29.016711805028695,3.213861549,1.621948819,,,,91.8,2339,6.7,824406,672275,700932,683953,608070,677587,680757,690984,800050,53.75,,,,,,,,51,5,Slider,1,0,0,1,0,1,0,1,Standard,Standard,151,-0.05,0.054,,,,,-0.054,,1,-1,0.759,0.241,28,23,28,24,1,2,2,1,1,1,2.54,-0.6,-0.6,42.1,,,,,
FF,2026-07-23,96.3,-1.68,6.42,"Gaddis, Hunter",807712,683769,,foul,,,,,12,,R,R,R,CLE,MIN,S,,,1,2,2026,-0.41,1.5,0.0662759455413095,3.368408879737368,,,668904,1,8,Top,,,,,,,5.600735105414325,-140.13037973207415,-5.851367031465613,-6.661017994751248,31.93054837545543,-11.313491449123552,3.213861549,1.621948819,,,,97.4,2340,7.0,824406,672275,700932,683953,608070,677587,680757,690984,800050,53.54,,,,,,,,51,4,4-Seam Fastball,1,0,0,1,0,1,0,1,Standard,Standard,203,0.0,0.0,72.4,6.1,,,0.0,,1,-1,0.759,0.241,28,23,28,24,1,2,2,1,1,1,0.96,0.41,0.41,41.0,9.601016225345267,-8.853125140462248,30.368698072862916,34.214457973909276,28.700349288051207
FF,2026-07-23,94.7,-1.7,6.31,"Gaddis, Hunter",807712,683769,,foul,,,,,12,,R,R,R,CLE,MIN,S,,,1,1,2026,-0.43,1.25,0.0708042786110337,3.513281889084163,,,668904,1,8,Top,,,,,,,5.627166613917034,-137.92707265176364,-4.367038795912337,-6.709542851383721,27.689844864394868,-15.455132343232556,3.213861549,1.621948819,185,74.4,61,96.4,2257,7.0,824406,672275,700932,683953,608070,677587,680757,690984,800050,53.53,,,,,,,,51,3,4-Seam Fastball,1,0,0,1,0,1,0,1,Standard,Standard,204,0.018,-0.069,67.9,5.5,,,0.069,88.0,1,-1,0.741,0.259,28,23,28,24,1,2,2,1,1,1,1.27,0.43,0.43,37.5,2.2088966192470045,4.962820024316522,30.093353128759627,34.365667911016914,25.280696250681764
FF,2026-07-23,95.0,-1.71,6.31,"Gaddis, Hunter",807712,683769,,foul,,,,,3,,R,R,R,CLE,MIN,S,,,1,0,2026,-0.45,1.51,0.3958510182895461,3.0427622474056637,,,668904,1,8,Top,,,,,,,6.569147103291969,-138.04089904056818,-6.156113599912595,-7.309994501591028,32.621997136779065,-11.669282063428083,3.213861549,1.621948819,140,80.3,10,96.0,2245,7.1,824406,672275,700932,683953,608070,677587,680757,690984,800050,53.43,,,,,,,,51,2,4-Seam Fastball,1,0,0,1,0,1,0,1,Standard,Standard,203,0.013,-0.046,73.2,6.5,,,0.046,88.0,1,-1,0.728,0.272,28,23,28,24,1,2,2,1,1,1,1.03,0.45,0.45,36.1,11.182579343410078,3.677789125158779,32.13468022927051,39.06222289248576,32.17016320720184
SL,2026-07-23,90.9,-1.69,6.32,"Gaddis, Hunter",807712,683769,,ball,,,,,14,,R,R,R,CLE,MIN,B,,,0,0,2026,0.71,0.7,1.0492675267344187,2.0350789065097397,,,668904,1,8,Top,,,,,,,5.307405255186303,-132.20794802903697,-6.166503015220269,7.154172724497819,28.4291812660075,-22.822293631947907,3.213861549,1.621948819,,,,92.0,2350,7.0,824406,672275,700932,683953,608070,677587,680757,690984,800050,53.48,,,,,,,,51,1,Slider,1,0,0,1,0,1,0,1,Standard,Standard,173,-0.009,0.036,,,,,-0.036,,1,-1,0.737,0.263,28,23,28,24,1,2,2,1,1,1,2.06,-0.71,-0.71,41.3,,,,,
CH,2026-07-23,78.4,-2.06,5.7,"Gaddis, Hunter",663616,683769,strikeout,swinging_strike,,,,,11,Trevor Larnach strikes out swinging.,R,L,R,CLE,MIN,S,2,,0,2,2026,-1.62,0.66,-1.6804488769977188,2.5351885419688505,,,668904,0,8,Top,,,,,,,3.914511584287206,-114.04290105121756,-0.905444227068618,-14.829986192699108,24.180392288139796,-26.515180852206644,3.323564633,1.677312992,,,,78.9,2282,7.0,824406,672275,700932,683953,608070,677587,680757,690984,800050,53.5,,0.0,0.0,1,0,0,,50,3,Changeup,1,0,0,1,0,1,0,1,Infield shade,Strategic,249,0.048,-0.155,66.3,7.8,2.953230336,,0.155,,1,-1,0.689,0.311,28,29,28,29,1,0,2,1,1,2,3.1,1.62,-1.62,31.2,16.00160879781021,-22.50999421266865,21.220739556417634,53.22868839430936,48.24930295951404
CH,2026-07-23,79.2,-1.93,5.78,"Gaddis, Hunter",663616,683769,,swinging_strike,,,,,7,,R,L,R,CLE,MIN,S,,,0,1,2026,-1.81,0.7,-0.6913956299014383,2.132393080602125,,,668904,0,8,Top,,,,,,,6.2235849051639,-115.1338129366177,-2.226062969302071,-17.271662012202775,23.40673335634001,-25.772181383594123,3.323564633,1.677312992,,,,80.1,2258,7.2,824406,672275,700932,683953,608070,677587,680757,690984,800050,53.3,,,,,,,,50,2,Changeup,1,0,0,1,0,1,0,1,Infield shade,Strategic,245,0.02,-0.05,69.7,8.2,1.3247745,,0.05,,1,-1,0.669,0.331,28,29,28,29,1,0,2,1,1,2,2.97,1.81,-1.81,32.1,20.00975882664335,-37.49934434921435,25.362031610503777,41.21011590923656,54.2251696826792
CH,2026-07-23,80.6,-1.9,5.88,"Gaddis, Hunter",663616,683769,,swinging_strike,,,,,7,,R,L,R,CLE,MIN,S,,,0,0,2026,-1.45,0.79,-0.7913626680512316,1.6711741900086845,,,668904,0,8,Top,,,,,,,5.320433113146913,-117.27645967627352,-3.999235156684904,-14.360569818770866,23.05514485538144,-24.288943596989046,3.323564633,1.677312992,,,,81.6,2450,7.1,824406,672275,700932,683953,608070,677587,680757,690984,800050,53.44,,,,,,,,50,1,Changeup,1,0,0,1,0,1,0,1,Infield shade,Strategic,243,0.012,-0.04,73.4,8.2,2.6554749,,0.04,,1,-1,0.657,0.343,28,29,28,29,1,0,2,1,1,2,2.73,1.45,-1.45,35.0,24.753908725587085,-30.90559512115104,30.51608499119477,42.32706625944417,50.32876342531135
FF,2026-07-23,95.7,-1.83,6.32,"Gaddis, Hunter",668904,683769,walk,ball,,,,,12,Royce Lewis walks.,R,R,R,CLE,MIN,B,,,3,1,2026,-0.08,1.41,0.3927665384513166,4.054946384198076,,,,0,8,Top,,,,,,,6.062693632785384,-139.22123500713653,-3.4227599842843057,-2.446525309034876,32.51334136112054,-13.357985269970762,3.205085302,1.617519685,,,,96.9,2318,7.1,824406,672275,700932,683953,608070,677587,680757,690984,800050,53.43,,0.698492,0.7,1,0,0,,49,5,4-Seam Fastball,1,0,0,1,0,1,0,1,Strategic,Strategic,199,-0.053,0.259,,,,,-0.259,,1,-1,0.71,0.29,28,27,28,27,1,2,2,1,1,1,1.09,0.08,0.08,37.4,,,,,
SL,2026-07-23,90.3,-1.87,6.28,"Gaddis, Hunter",668904,683769,,ball,,,,,14,,R,R,R,CLE,MIN,B,,,2,1,2026,0.71,0.43,0.7863847012205405,1.2281392446578598,,,,0,8,Top,,,,,,,5.014975498946406,-131.2373365996162,-7.322532187796243,7.159764580654376,28.44416693157755,-25.832688755652544,3.205085302,1.617519685,,,,91.0,2380,6.9,824406,672275,700932,683953,608070,677587,680757,690984,800050,53.64,,,,,,,,49,4,Slider,1,0,0,1,0,1,0,1,Strategic,Strategic,157,-0.026,0.138,,,,,-0.138,,1,-1,0.736,0.264,28,27,28,27,1,2,2,1,1,1,2.38,-0.71,-0.71,40.9,,,,,
SL,2026-07-23,90.9,-1.92,6.25,"Gaddis, Hunter",668904,683769,,ball,,,,,14,,R,R,R,CLE,MIN,B,,,1,1,2026,0.61,0.64,0.902091321951286,1.2407678333240806,,,,0,8,Top,,,,,,,5.71785722679698,-132.11752985696248,-7.838977437734551,5.900299502501619,29.03625487167237,-23.15161066193501,3.205085302,1.617519685,,,,91.9,2327,7.0,824406,672275,700932,683953,608070,677587,680757,690984,800050,53.49,,,,,,,,49,3,Slider,1,0,0,1,0,1,0,1,Strategic,Strategic,167,-0.012,0.063,,,,,-0.063,,1,-1,0.748,0.252,28,27,28,27,1,2,2,1,1,1,2.13,-0.61,-0.61,40.5,,,,,
FF,2026-07-23,94.9,-1.86,6.37,"Gaddis, Hunter",668904,683769,,ball,,,,,12,,R,R,R,CLE,MIN,B,,,0,1,2026,-0.15,1.35,1.2861936288118652,4.660887043141745,,,,0,8,Top,,,,,,,8.589219271506678,-138.04897689883657,-1.7961826353287207,-3.717687446410864,28.458953519499342,-14.594085963322168,3.205085302,1.617519685,,,,96.5,2255,7.0,824406,672275,700932,683953,608070,677587,680757,690984,800050,53.46,,,,,,,,49,2,4-Seam Fastball,1,0,0,1,0,1,0,1,Strategic,Strategic,204,-0.005,0.03,,,,,-0.03,,1,-1,0.753,0.247,28,27,28,27,1,2,2,1,1,1,1.16,0.15,0.15,38.5,,,,,
FF,2026-07-23,96.1,-1.92,6.29,"Gaddis, Hunter",668904,683769,,swinging_strike,,,,,3,,R,R,R,CLE,MIN,S,,,0,0,2026,-0.11,1.47,0.7519496273729982,2.7909607577268947,,,,0,8,Top,,,,,,,7.347976943054583,-139.7197166154526,-6.9480778936385175,-3.0573198116171376,30.84423655272009,-11.477775244255495,3.205085302,1.617519685,,,,97.5,2266,7.1,824406,672275,700932,683953,608070,677587,680757,690984,800050,53.4,,,,,,,,49,1,4-Seam Fastball,1,0,0,1,0,1,0,1,Strategic,Strategic,206,0.008,-0.042,76.9,7.9,1.176280356,,0.042,,1,-1,0.745,0.255,28,27,28,27,1,2,2,1,1,1,1.0,0.11,0.11,38.5,10.045712549750988,7.035241459309991,27.9412773393093,46.987105194924254,20.13974206039341
FF,2026-07-23,99.3,-1.19,6.15,"Bradley, Taj",700932,671737,strikeout,foul_tip,,,,,4,Kyle Manzardo strikes out on a foul tip.,R,L,R,CLE,MIN,S,2,,2,2,2026,-0.67,1.21,-0.5808041401320648,2.4678986153066997,,,,2,7,Bot,,,,,,,3.229534323006461,-144.59418545772954,-7.383997010331504,-10.08854678847632,30.296246598868247,-13.753380498024056,3.187532808,1.608661417,,,,99.8,2252,6.3,824406,680777,668904,665019,686797,668952,668885,621439,807712,54.18,,0.0,0.0,1,0,0,,48,5,4-Seam Fastball,1,0,1,0,0,1,1,0,Infield shade,Standard,204,-0.008,-0.222,70.8,7.0,,,0.222,,1,1,0.753,0.753,25,25,25,26,3,2,5,1,5,2,1.08,0.67,-0.67,56.0,7.765192162678952,21.6437702550767,33.70437867340983,47.24692973096733,20.132882162812557
FS,2026-07-23,91.3,-1.07,6.02,"Bradley, Taj",700932,671737,,ball,,,,,13,,R,L,R,CLE,MIN,B,,,1,2,2026,-0.85,0.16,-1.220063807890818,1.0219166262486663,,,,2,7,Bot,,,,,,,1.4811616507208256,-132.8879324556073,-6.830414933485334,-10.37789901868893,27.465514138393686,-29.036385568053525,3.187532808,1.608661417,,,,91.7,1443,6.4,824406,680777,668904,665019,686797,668952,668885,621439,807712,54.08,,,,,,,,48,4,Split-Finger,1,0,1,0,0,1,1,0,Infield shade,Standard,225,0.001,0.042,,,,,-0.042,,1,1,0.752,0.752,25,25,25,26,3,2,5,1,5,2,2.56,0.85,-0.85,56.8,,,,,
CU,2026-07-23,83.3,-1.11,6.19,"Bradley, Taj",700932,671737,,foul,,,,,8,,R,L,R,CLE,MIN,S,,,1,1,2026,0.47,-1.16,-0.1178354654237751,1.9374314601655227,,,,2,7,Bot,,,,,,,1.316412832012437,-121.35250007719556,-0.7255690877591409,4.318607664789499,25.033383585115352,-43.707207886248554,3.187532808,1.608661417,4,85.6,-27,82.9,2584,6.1,824406,680777,668904,665019,686797,668952,668885,621439,807712,54.41,,,,,,,,48,3,Curveball,1,0,1,0,0,1,1,0,Infield shade,Standard,23,-0.002,-0.065,73.5,8.1,,,0.065,88.0,1,1,0.754,0.754,25,25,25,26,3,2,5,1,5,2,4.46,-0.47,0.47,54.4,25.362163912810228,-15.934751528614225,35.66552402762325,41.39841993250381,44.002297152296485
CU,2026-07-23,84.7,-1.01,6.23,"Bradley, Taj",700932,671737,,ball,,,,,14,,R,L,R,CLE,MIN,B,,,0,1,2026,0.4,-1.02,0.2748717302438326,0.0948645196696214,,,,2,7,Bot,,,,,,,2.1412223006303623,-123.2062332567878,-5.5724862888522475,3.617814088580167,25.744009120455313,-41.567125025741014,3.187532808,1.608661417,,,,84.4,2561,6.2,824406,680777,668904,665019,686797,668952,668885,621439,807712,54.25,,,,,,,,48,2,Curveball,1,0,1,0,0,1,1,0,Standard,Standard,29,0.001,0.029,,,,,-0.029,,1,1,0.753,0.753,25,25,25,26,3,2,5,1,5,2,4.21,-0.4,0.4,55.9,,,,,
FC,2026-07-23,89.0,-1.12,6.13,"Bradley, Taj",700932,671737,,called_strike,,,,,4,,R,L,R,CLE,MIN,S,,,0,0,2026,0.42,0.19,-0.2788333360632216,2.6670464495161457,,,,2,7,Bot,,,,,,,1.1223505270176233,-129.6088719441573,-2.6744180539732816,4.535734500373338,27.159489384632643,-29.65093128895163,3.187532808,1.608661417,,,,89.1,2252,6.3,824406,680777,668904,665019,686797,668952,668885,621439,807712,54.19,,,,,,,,48,1,Cutter,1,0,1,0,0,1,1,0,Standard,Standard,153,-0.002,-0.044,,,,,0.044,,1,1,0.755,0.755,25,25,25,26,3,2,5,1,5,2,2.68,-0.42,0.42,58.8,,,,,
FC,2026-07-23,90.0,-1.16,6.16,"Bradley, Taj",656555,671737,field_out,hit_into_play,,,,,6,Rhys Hoskins flies out to right fielder Luke Keaschall.,R,R,R,CLE,MIN,X,9,fly_ball,2,2,2026,0.34,0.07,0.7406498955275145,2.4557471055308864,,,,1,7,Bot,162.54,126.0,,,,,3.909852362247515,-131.13996768589368,-3.2091700234100955,3.1977849703458663,26.372574404398655,-30.90249843298652,3.334096129,1.682627953,206,91.5,53,90.4,2315,6.3,824406,680777,668904,665019,686797,668952,668885,621439,807712,54.18,0.003,0.003,0.0,1,0,0,3,47,6,Cutter,1,0,1,0,0,1,1,0,Infield shade,Standard,138,-0.013,-0.235,70.5,8.4,,0.003,0.235,91.5,1,1,0.768,0.768,25,33,25,33,3,2,5,2,5,1,2.72,-0.34,-0.34,55.6,12.263423460444251,-3.8430625331596704,29.719574948646866,44.87299599714028,30.71854305642329
FF,2026-07-23,99.0,-0.9,6.21,"Bradley, Taj",656555,671737,,foul,,,,,11,,R,R,R,CLE,MIN,S,,,2,2,2026,-0.48,1.56,-0.5097691309203314,3.5286590239337476,,,,1,7,Bot,,,,,,,2.20052092688627,-144.09833491974783,-5.433547441305494,-7.168196689531047,33.043632595430324,-9.362444186026243,3.334096129,1.682627953,242,81.2,36,99.3,2336,6.4,824406,680777,668904,665019,686797,668952,668885,621439,807712,54.08,,,,,,,,47,5,4-Seam Fastball,1,0,1,0,0,1,1,0,Standard,Standard,204,0.0,0.0,72.7,8.0,,,0.0,88.0,1,1,0.768,0.768,25,33,25,33,3,2,5,2,5,1,0.76,0.48,0.48,56.7,18.005293934048066,-15.7632952679148,23.798429431950957,29.995107522313734,30.41915196654578
FS,2026-07-23,93.9,-1.1,6.17,"Bradley, Taj",656555,671737,,ball,,,,,13,,R,R,R,CLE,MIN,B,,,1,2,2026,-1.11,0.41,-1.5313485940202192,0.8237742026760537,,,,1,7,Bot,,,,,,,1.4094935249134373,-136.66989360038554,-8.82734479911283,-14.28450421805719,28.070098609060516,-25.37942440812132,3.334096129,1.682627953,,,,94.4,1582,6.4,824406,680777,668904,665019,686797,668952,668885,621439,807712,54.07,,,,,,,,47,4,Split-Finger,1,0,1,0,0,1,1,0,Standard,Standard,215,0.003,0.052,,,,,-0.052,,1,1,0.765,0.765,25,33,25,33,3,2,5,2,5,1,2.16,1.11,1.11,54.4,,,,,
CU,2026-07-23,84.0,-0.96,6.21,"Bradley, Taj",656555,671737,,ball,,,,,14,,R,R,R,CLE,MIN,B,,,0,2,2026,0.21,-0.89,0.5247060617625019,-1.2413382462242266,,,,1,7,Bot,,,,,,,2.9820660729397703,-122.04955374059,-8.689298657982485,1.4423316252132503,25.383319910639877,-39.46826634033397,3.334096129,1.682627953,,,,84.0,2515,6.5,824406,680777,668904,665019,686797,668952,668885,621439,807712,53.99,,,,,,,,47,3,Curveball,1,0,1,0,0,1,1,0,Infield shade,Standard,24,0.001,0.019,,,,,-0.019,,1,1,0.764,0.764,25,33,25,33,3,2,5,2,5,1,4.15,-0.21,-0.21,58.2,,,,,
FF,2026-07-23,98.5,-0.89,6.16,"Bradley, Taj",656555,671737,,called_strike,,,,,14,,R,R,R,CLE,MIN,S,,,0,1,2026,-0.09,1.76,0.8818588760784439,1.915906015881783,,,,1,7,Bot,,,,,,,4.9700532715041525,-143.08903312685527,-9.964915833568734,-2.430863548426608,35.350594196692825,-5.851468792191641,3.334096129,1.682627953,,,,98.5,2281,6.5,824406,680777,668904,665019,686797,668952,668885,621439,807712,53.96,,,,,,,,47,2,4-Seam Fastball,1,0,1,0,0,1,1,0,Standard,Standard,199,-0.004,-0.058,,,,,0.058,,1,1,0.768,0.768,25,33,25,33,3,2,5,2,5,1,0.61,0.09,0.09,57.2,,,,,
FC,2026-07-23,90.6,-1.07,6.15,"Bradley, Taj",656555,671737,,foul,,,,,2,,R,R,R,CLE,MIN,S,,,0,0,2026,0.52,0.35,0.0306088288142153,2.9504846984045465,,,,1,7,Bot,,,,,,,1.5809828734571705,-131.95056425656557,-2.5933837618177735,5.679539655686995,29.61179848428772,-27.74457670624669,3.334096129,1.682627953,346,99.0,43,90.6,2200,6.4,824406,680777,668904,665019,686797,668952,668885,621439,807712,54.14,,,,,,,,47,1,Cutter,1,0,1,0,0,1,1,0,Infield shade,Standard,171,-0.002,-0.041,84.2,8.7,,,0.041,99.0,1,1,0.77,0.77,25,33,25,33,3,2,5,2,5,1,2.43,-0.52,-0.52,56.7,24.52644132514449,-23.98718889922457,32.39592763141297,35.82649372356312,43.58877993871559
FF,2026-07-23,97.0,-1.07,6.1,"Bradley, Taj",683953,671737,field_out,hit_into_play,,,,,8,"Travis Bazzana grounds out sharply, shortstop Ryan Kreidler to first baseman Royce Lewis.",R,L,R,CLE,MIN,X,6,ground_ball,0,1,2026,-0.38,1.43,-0.2146736940806813,1.6756528264915422,,,,0,7,Bot,107.7,152.85,,,,,3.1609821361945243,-141.13451679173474,-9.427578659326349,-5.768523450612634,28.685362276605353,-11.224265369500165,3.178756562,1.604232283,11,104.6,-8,97.7,2266,6.5,824406,680777,668904,665019,686797,668952,668885,621439,807712,54.02,0.354,0.319,0.0,1,0,0,2,46,2,4-Seam Fastball,1,0,1,0,0,1,1,0,Standard,Standard,199,-0.016,-0.218,70.9,6.7,,0.375,0.218,104.6,1,1,0.786,0.786,25,23,25,24,3,2,5,1,5,1,0.98,0.38,-0.38,57.5,-1.6463833240818764,13.786023452416522,38.14334988270692,37.965305469754014,22.94676497106862
FC,2026-07-23,89.6,-1.29,6.05,"Bradley, Taj",683953,671737,,called_strike,,,,,1,,R,L,R,CLE,MIN,S,,,0,0,2026,0.6,0.46,-0.3911000386793236,3.015272741278721,,,,0,7,Bot,,,,,,,0.8979484748551608,-130.5479542075439,-2.3463777623709765,6.708126978697509,26.346216429149816,-26.589913080542413,3.178756562,1.604232283,,,,89.9,2138,6.3,824406,680777,668904,665019,686797,668952,668885,621439,807712,54.21,,,,,,,,46,1,Cutter,1,0,1,0,0,1,1,0,Standard,Standard,175,-0.003,-0.042,,,,,0.042,,1,1,0.789,0.789,25,23,25,24,3,2,5,1,5,1,2.36,-0.6,0.6,52.3,,,,,
FF,2026-07-23,97.5,-2.69,5.65,"Williams, Gavin",665019,668909,field_out,hit_into_play,,,,,6,Kody Clemens grounds out to first baseman Kyle Manzardo.,R,L,R,CLE,MIN,X,3,ground_ball,0,2,2026,-0.85,0.97,0.3957804966177612,2.7037921173308064,,,,2,7,Top,159.13,169.8,,,,,10.315354863019817,-141.64687147899136,-4.5439610935614,-13.6363675829806,29.682876351089547,-18.263520320800637,3.211228675,1.620620079,4,91.1,-33,99.2,2185,7.1,824406,672275,700932,683953,608070,677587,680757,690984,800050,53.38,0.055,0.05,0.0,1,0,0,2,45,3,4-Seam Fastball,1,0,0,1,0,1,0,1,Strategic,Standard,229,0.013,-0.154,68.5,6.8,,0.062,0.154,91.1,1,-1,0.776,0.224,26,30,27,30,3,2,5,1,5,2,1.42,0.85,-0.85,28.3,13.643973877211147,-3.84204699578714,25.609759913457392,30.44913894462656,32.58154992553642
ST,2026-07-23,87.6,-2.8,5.81,"Williams, Gavin",665019,668909,,swinging_strike,,,,,14,,R,L,R,CLE,MIN,S,,,0,1,2026,1.02,-0.44,0.3671300538984507,1.3917490193067907,,,,2,7,Top,,,,,,,5.4608122818527765,-127.478982485463,-3.4332624794961695,10.10507936151802,25.28997569193942,-36.455699575711286,3.211228675,1.620620079,,,,88.6,2324,6.9,824406,672275,700932,683953,608070,677587,680757,690984,800050,53.65,,,,,,,,45,2,Sweeper,1,0,0,1,0,1,0,1,Infield shade,Standard,50,0.005,-0.062,74.7,8.1,2.583398304,,0.062,,1,-1,0.771,0.229,26,30,27,30,3,2,5,1,5,2,3.4,-1.02,1.02,33.3,22.596823454162752,-24.06672494394353,29.037961062392977,32.744521570207326,46.90919115895681
ST,2026-07-23,86.8,-2.87,5.76,"Williams, Gavin",665019,668909,,called_strike,,,,,13,,R,L,R,CLE,MIN,S,,,0,0,2026,1.34,-0.59,-0.2871009617773685,1.4974395065506467,,,,2,7,Top,,,,,,,3.3464364362963934,-126.4032475465862,-2.531291459755616,13.525994677934673,27.589512227003013,-38.10624082890096,3.211228675,1.620620079,,,,87.6,2260,6.9,824406,672275,700932,683953,608070,677587,680757,690984,800050,53.6,,,,,,,,45,1,Sweeper,1,0,0,1,0,1,0,1,Infield shade,Standard,56,0.003,-0.044,,,,,0.044,,1,-1,0.768,0.232,26,30,27,30,3,2,5,1,5,2,3.62,-1.34,1.34,29.2,,,,,
ST,2026-07-23,88.5,-2.64,5.86,"Williams, Gavin",605137,668909,strikeout,swinging_strike_blocked,,,,,14,Josh Bell strikes out swinging.,R,L,R,CLE,MIN,S,2,,0,2,2026,1.21,-0.38,1.5301795738714807,0.6405106962862268,,,,1,7,Top,,,,,,,7.549700504332063,-128.65151239065878,-5.58124250381609,11.756978425212106,28.459974215235658,-35.34228448544785,3.334973753,1.683070866,,,,89.3,2383,7.0,824406,672275,700932,683953,608070,677587,680757,690984,800050,53.5,,0.0,0.0,1,0,0,,44,5,Sweeper,1,0,0,1,0,1,0,1,Infield shade,Standard,44,0.019,-0.163,61.9,9.5,7.464922956,,0.163,,1,-1,0.749,0.251,26,33,27,34,3,2,5,1,5,1,3.31,-1.21,1.21,34.2,26.832518451866072,-55.59954783788899,40.098132239413935,21.906452413284065,51.49661507440279
ST,2026-07-23,87.5,-2.69,5.82,"Williams, Gavin",605137,668909,,foul,,,,,4,,R,L,R,CLE,MIN,S,,,0,2,2026,0.99,-0.47,-0.3216322569459903,2.3128393014261466,,,,1,7,Top,,,,,,,3.584383543789396,-127.40551874002124,-1.0914349550278164,9.968718799950333,27.455224951697534,-37.25940509081472,3.334973753,1.683070866,213,65.8,37,88.3,2292,6.9,824406,672275,700932,683953,608070,677587,680757,690984,800050,53.64,,,,,,,,44,4,Sweeper,1,0,0,1,0,1,0,1,Infield shade,Standard,52,0.0,0.0,61.7,8.4,,,0.0,88.0,1,-1,0.749,0.251,26,33,27,34,3,2,5,1,5,1,3.45,-0.99,0.99,31.3,11.320353799110256,-1.95222401898297,30.469057024735157,41.324679465575954,27.808724170153717
ST,2026-07-23,88.5,-2.65,5.7,"Williams, Gavin",605137,668909,,foul,,,,,5,,R,L,R,CLE,MIN,S,,,0,2,2026,1.21,-0.12,0.095557728382484,2.7384534342689117,,,,1,7,Top,,,,,,,4.099215556967734,-128.87247302499225,-0.699241880293002,12.634345611802416,26.43138784728926,-33.600098047183735,3.334973753,1.683070866,6,75.9,-24,89.5,2336,6.9,824406,672275,700932,683953,608070,677587,680757,690984,800050,53.65,,,,,,,,44,3,Sweeper,1,0,0,1,0,1,0,1,Strategic,Standard,52,0.0,0.0,67.1,8.8,,,0.0,88.0,1,-1,0.749,0.251,26,33,27,34,3,2,5,1,5,1,3.02,-1.21,1.21,26.3,19.046258018292804,-23.821521770812357,24.3735665093055,38.428132122390465,39.18719790943578
ST,2026-07-23,87.1,-2.81,5.77,"Williams, Gavin",605137,668909,,foul,,,,,8,,R,L,R,CLE,MIN,S,,,0,1,2026,1.08,-0.65,-0.1275955923353996,1.8348747615261576,,,,1,7,Top,,,,,,,4.1423583190312225,-126.7512200810988,-1.6324606142447793,10.67564591029749,28.42433342227652,-39.03401085402598,3.334973753,1.683070866,2,74.3,-42,87.8,2376,7.0,824406,672275,700932,683953,608070,677587,680757,690984,800050,53.54,,,,,,,,44,2,Sweeper,1,0,0,1,0,1,0,1,Strategic,Standard,53,0.008,-0.058,71.2,8.7,,,0.058,88.0,1,-1,0.741,0.259,26,33,27,34,3,2,5,1,5,1,3.68,-1.08,1.08,31.5,12.0971800866104,-6.347735758709477,31.503355267270067,39.426401306366074,30.549675535617048
FF,2026-07-23,99.2,-2.5,5.98,"Williams, Gavin",605137,668909,,foul,,,,,1,,R,L,R,CLE,MIN,S,,,0,0,2026,-0.77,1.26,-0.7526173923242416,3.0614080889546957,,,,1,7,Top,,,,,,,6.662902908140209,-144.4446564117962,-5.529010757996855,-12.283840117094677,29.806414917252916,-13.40087018464186,3.334973753,1.683070866,286,82.9,36,101.4,2307,7.2,824406,672275,700932,683953,608070,677587,680757,690984,800050,53.32,,,,,,,,44,1,4-Seam Fastball,1,0,0,1,0,1,0,1,Strategic,Standard,217,0.005,-0.041,67.1,7.3,,,0.041,88.0,1,-1,0.736,0.264,26,33,27,34,3,2,5,1,5,1,1.03,0.77,-0.77,34.4,-4.281863655390032,26.98413811491359,27.486358181622094,45.75585609221755,8.630849548620855
FF,2026-07-23,98.8,-2.47,5.87,"Williams, Gavin",680777,668909,strikeout,called_strike,,,,,9,"Patrick Bailey challenged (pitch result), call on the field was overturned: Ryan Jeffers called out on strikes.",R,R,R,CLE,MIN,S,2,,3,2,2026,-0.87,1.27,0.7964468828920511,1.8060923643228448,,,,0,7,Top,,,,,,,10.988198876390408,-143.26384798713468,-8.51742399117046,-14.388967029572356,30.996874935597095,-12.850603383099696,3.284949147,1.657824803,,,,100.4,2272,7.2,824406,672275,700932,683953,608070,677587,680757,690984,800050,53.28,,0.0,0.0,1,0,0,,43,10,4-Seam Fastball,1,0,0,1,0,1,0,1,Strategic,Strategic,218,0.055,-0.346,,,,,0.346,,1,-1,0.681,0.319,26,29,27,29,3,2,5,2,5,1,1.07,0.87,0.87,35.4,,,,,
ST,2026-07-23,87.6,-2.63,5.78,"Williams, Gavin",680777,668909,,foul,,,,,9,,R,R,R,CLE,MIN,S,,,3,2,2026,1.13,-0.8,0.4074868787768878,2.011436413998977,,,,0,7,Top,,,,,,,4.92436020761354,-127.54436426109704,-1.0553591005712442,11.259911047765566,27.31550146215648,-40.838687436682584,3.284949147,1.657824803,2,78.8,-52,88.5,2423,6.9,824406,672275,700932,683953,608070,677587,680757,690984,800050,53.56,,,,,,,,43,9,Sweeper,1,0,0,1,0,1,0,1,Strategic,Strategic,52,0.0,0.0,67.7,7.2,,,0.0,88.0,1,-1,0.681,0.319,26,29,27,29,3,2,5,2,5,1,3.77,-1.13,-1.13,32.2,15.897465378177635,-8.030848220422842,23.844427092502347,37.45013989137352,30.643529095702608
CU,2026-07-23,83.7,-2.47,6.07,"Williams, Gavin",680777,668909,,ball,,,,,14,,R,R,R,CLE,MIN,B,,,2,2,2026,0.9,-1.25,0.7284195467892031,0.9551551476037226,,,,0,7,Top,,,,,,,5.545095400688503,-121.82045412295447,-2.5966003057060725,7.792429670098941,24.894424226022977,-44.245072460011485,3.284949147,1.657824803,,,,84.7,2496,7.0,824406,672275,700932,683953,608070,677587,680757,690984,800050,53.45,,,,,,,,43,8,Curveball,1,0,0,1,0,1,0,1,Strategic,Strategic,35,-0.018,0.113,,,,,-0.113,,1,-1,0.699,0.301,26,29,27,29,3,2,5,2,5,1,4.51,-0.9,-0.9,38.1,,,,,
FF,2026-07-23,98.6,-2.63,5.87,"Williams, Gavin",680777,668909,,ball,,,,,12,,R,R,R,CLE,MIN,B,,,1,2,2026,-0.9,1.06,0.6397892780837986,3.766160831959199,,,,0,7,Top,,,,,,,11.031306253885642,-143.29856150293574,-2.663713893093078,-14.90783043888634,31.42349694294988,-17.044890810951316,3.284949147,1.657824803,,,,99.8,2333,6.9,824406,672275,700932,683953,608070,677587,680757,690984,800050,53.6,,,,,,,,43,7,4-Seam Fastball,1,0,0,1,0,1,0,1,Strategic,Strategic,224,-0.006,0.046,,,,,-0.046,,1,-1,0.705,0.295,26,29,27,29,3,2,5,2,5,1,1.28,0.9,0.9,35.7,,,,,
ST,2026-07-23,86.2,-2.63,5.86,"Williams, Gavin",680777,668909,,foul,,,,,14,,R,R,R,CLE,MIN,S,,,1,2,2026,1.23,0.0,0.8580624537107158,2.004418870110679,,,,0,7,Top,,,,,,,5.694558309100871,-125.38825473004324,-2.6688824216246125,11.64369246118143,27.119602379448533,-31.781019679788525,3.284949147,1.657824803,,,,86.9,2302,6.9,824406,672275,700932,683953,608070,677587,680757,690984,800050,53.57,,,,,,,,43,6,Sweeper,1,0,0,1,0,1,0,1,Strategic,Strategic,47,0.0,0.0,68.1,7.6,,,0.0,,1,-1,0.705,0.295,26,29,27,29,3,2,5,2,5,1,3.08,-1.23,-1.23,36.0,13.576916690792222,-10.393438448191974,28.064088874291915,42.843498163666354,34.49978514380041
FF,2026-07-23,98.0,-2.5,5.85,"Williams, Gavin",680777,668909,,foul,,,,,6,,R,R,R,CLE,MIN,S,,,1,2,2026,-0.88,1.28,0.73657064632946,2.2925232461844076,,,,0,7,Top,,,,,,,10.818010031665926,-142.2626107926092,-6.990466636774128,-14.416717640193202,32.55800482124576,-13.2956355814651,3.284949147,1.657824803,261,83.2,38,99.1,2360,7.0,824406,672275,700932,683953,608070,677587,680757,690984,800050,53.47,,,,,,,,43,5,4-Seam Fastball,1,0,0,1,0,1,0,1,Strategic,Strategic,221,0.0,0.0,69.8,6.7,,,0.0,88.0,1,-1,0.705,0.295,26,29,27,29,3,2,5,2,5,1,1.1,0.88,0.88,30.1,-6.414562310601026,16.803578343552555,30.68639323414171,43.03693075561671,12.413554112793962
FF,2026-07-23,98.6,-2.61,5.99,"Williams, Gavin",680777,668909,,foul,,,,,6,,R,R,R,CLE,MIN,S,,,1,2,2026,-0.63,1.35,0.6346008772058195,2.354314055838012,,,,0,7,Top,,,,,,,10.311923273066895,-142.90034628078268,-7.357813841116576,-11.29276449752597,37.8123019483819,-12.140881633153084,3.284949147,1.657824803,225,76.3,38,99.0,2282,7.1,824406,672275,700932,683953,608070,677587,680757,690984,800050,53.43,,,,,,,,43,4,4-Seam Fastball,1,0,0,1,0,1,0,1,Strategic,Strategic,223,0.0,0.0,62.6,6.0,,,0.0,88.0,1,-1,0.705,0.295,26,29,27,29,3,2,5,2,5,1,1.05,0.63,0.63,35.1,-18.521876201002524,20.323429531764113,32.39940343635724,42.869665016621354,12.240297829315804
ST,2026-07-23,86.4,-2.57,5.92,"Williams, Gavin",680777,668909,,ball,,,,,14,,R,R,R,CLE,MIN,B,,,0,2,2026,0.95,-0.64,2.4983328033909245,-0.1095603276278467,,,,0,7,Top,,,,,,,10.01912073491978,-125.38806612928164,-6.469155816031472,7.764313935359335,27.92752763548317,-37.60795124989348,3.284949147,1.657824803,,,,86.8,2354,6.9,824406,672275,700932,683953,608070,677587,680757,690984,800050,53.6,,,,,,,,43,3,Sweeper,1,0,0,1,0,1,0,1,Strategic,Strategic,41,-0.005,0.022,,,,,-0.022,,1,-1,0.71,0.29,26,29,27,29,3,2,5,2,5,1,3.74,-0.95,-0.95,33.0,,,,,
ST,2026-07-23,85.0,-2.63,5.87,"Williams, Gavin",680777,668909,,foul,,,,,5,,R,R,R,CLE,MIN,S,,,0,1,2026,1.11,-0.31,-0.1471819871413248,2.632068762946572,,,,0,7,Top,,,,,,,3.5191078534286984,-123.79327397444354,-0.4069770963857633,10.670838594879772,24.89665766742032,-35.53836704840966,3.284949147,1.657824803,189,71.0,23,86.1,2289,7.0,824406,672275,700932,683953,608070,677587,680757,690984,800050,53.53,,,,,,,,43,2,Sweeper,1,0,0,1,0,1,0,1,Strategic,Standard,54,0.011,-0.053,77.4,7.6,,,0.053,88.0,1,-1,0.699,0.301,26,29,27,29,3,2,5,2,5,1,3.47,-1.11,-1.11,34.5,14.24159757404013,-18.037069272296907,27.449141502847112,31.892874266820144,40.15832549653618
ST,2026-07-23,85.6,-2.71,5.98,"Williams, Gavin",680777,668909,,called_strike,,,,,9,,R,R,R,CLE,MIN,S,,,0,0,2026,1.18,-0.22,0.7776781532589317,1.8464350245206769,,,,0,7,Top,,,,,,,5.75954840858883,-124.49911804128516,-2.7562531767162675,10.968524070251048,26.624406013957756,-34.07641902279766,3.284949147,1.657824803,,,,86.3,2198,6.9,824406,672275,700932,683953,608070,677587,680757,690984,800050,53.58,,,,,,,,43,1,Sweeper,1,0,0,1,0,1,0,1,Strategic,Standard,42,0.007,-0.042,,,,,0.042,,1,-1,0.692,0.308,26,29,27,29,3,2,5,2,5,1,3.35,-1.18,-1.18,34.2,,,,,
FF,2026-07-23,97.6,-0.95,6.12,"Bradley, Taj",677587,671737,field_out,hit_into_play,,,,,7,"Brayan Rocchio grounds out, second baseman Kody Clemens to first baseman Royce Lewis.",R,L,R,CLE,MIN,X,4,ground_ball,0,0,2026,-0.5,1.41,-0.7673169499874677,1.9847880465241716,,,,2,6,Bot,154.29,144.38,,,,,1.650660191288116,-141.721758805478,-8.563361012219387,-7.0531229745857456,38.46075838536386,-11.390726460026173,3.068175853,1.548425197,9,82.9,-13,96.9,2304,6.5,824406,680777,668904,665019,686797,668952,668885,621439,807712,54.04,0.077,0.069,0.0,1,0,0,2,42,1,4-Seam Fastball,1,0,1,0,0,1,1,0,Standard,Standard,205,-0.011,-0.26,72.9,7.4,,0.09,0.26,88.0,1,1,0.703,0.703,25,25,25,25,3,2,5,1,5,1,1.03,0.5,-0.5,59.8,7.773614916604997,7.94872867508023,26.32153491456721,39.80289557666889,31.80975966737513
FC,2026-07-23,91.5,-1.4,6.08,"Bradley, Taj",800050,671737,grounded_into_double_play,hit_into_play,,,,,4,"Chase DeLauter grounds into a double play, third baseman Brooks Lee to shortstop Ryan Kreidler to first baseman Royce Lewis. José Ramírez out at 2nd. Chase DeLauter out at 1st.",R,L,R,CLE,MIN,X,5,ground_ball,2,2,2026,0.48,0.56,-0.3221878407159396,2.5692189454995806,,,608070,0,6,Bot,109.51,164.96,,,,,1.6331430126988733,-133.33526490643052,-4.062017311000293,5.449849457475209,25.86708054048186,-24.85022681317952,3.339361877,1.685285433,24,74.6,-4,91.9,2168,6.3,824406,680777,668904,665019,686797,668952,668885,621439,807712,54.25,0.098,0.091,0.0,1,0,0,2,41,5,Cutter,1,0,1,0,0,1,1,0,Infield shade,Standard,174,-0.064,-0.318,71.2,6.4,,0.111,0.318,88.0,1,1,0.767,0.767,25,24,25,25,3,2,5,1,5,1,2.13,-0.48,0.48,54.0,-10.651935962970043,29.291153035647543,30.694163617270135,38.9441850362722,14.735839155761925
FF,2026-07-23,96.2,-1.34,6.11,"Bradley, Taj",800050,671737,,foul,,,,,12,,R,L,R,CLE,MIN,S,,,2,1,2026,-0.02,1.56,0.4913290399124074,3.65621992232725,,,608070,0,6,Bot,,,,,,,4.857030508263162,-140.05327434090677,-4.3338045370350455,-1.4526642789595494,32.83969412480074,-10.87618197443663,3.339361877,1.685285433,153,78.9,12,96.4,2234,6.5,824406,680777,668904,665019,686797,668952,668885,621439,807712,54.02,,,,,,,,41,4,4-Seam Fastball,1,0,1,0,0,1,1,0,Infield shade,Standard,204,-0.01,-0.069,65.8,5.5,,,0.069,88.0,1,1,0.777,0.777,25,24,25,25,3,2,5,1,5,1,0.91,0.02,-0.02,53.7,-4.990681912027339,27.057983467898787,24.30843397407175,30.258800480435433,15.651050600188366
FF,2026-07-23,95.5,-1.31,6.0,"Bradley, Taj",800050,671737,,ball,,,,,11,,R,L,R,CLE,MIN,B,,,1,1,2026,-0.72,1.53,-1.131647728393993,2.7739162701016897,,,608070,0,6,Bot,,,,,,,2.115846004591086,-138.9761277682843,-6.173500795366607,-9.747647494831147,32.85225121731245,-11.14584077103297,3.339361877,1.685285433,,,,95.8,2192,6.6,824406,680777,668904,665019,686797,668952,668885,621439,807712,53.94,,,,,,,,41,3,4-Seam Fastball,1,0,1,0,0,1,1,0,Infield shade,Standard,200,0.007,0.056,,,,,-0.056,,1,1,0.77,0.77,25,24,25,25,3,2,5,1,5,1,0.98,0.72,-0.72,52.5,,,,,
FS,2026-07-23,89.4,-1.39,5.98,"Bradley, Taj",800050,671737,,called_strike,,,,,2,,R,L,R,CLE,MIN,S,,,1,0,2026,-1.0,0.55,0.154190004155967,3.130870366275022,,,608070,0,6,Bot,,,,,,,5.941012371717501,-130.19558636891216,-2.0487890315370154,-12.606867344232253,25.56043569550059,-25.64021623374559,3.339361877,1.685285433,,,,90.3,1538,6.6,824406,680777,668904,665019,686797,668952,668885,621439,807712,53.87,,,,,,,,41,2,Split-Finger,1,0,1,0,0,1,1,0,Infield shade,Standard,217,-0.007,-0.053,,,,,0.053,,1,1,0.777,0.777,25,24,25,25,3,2,5,1,5,1,2.28,1.0,-1.0,54.3,,,,,
FF,2026-07-23,96.8,-1.29,6.08,"Bradley, Taj",800050,671737,,ball,,,,,11,,R,L,R,CLE,MIN,B,,,0,0,2026,-0.24,1.42,-0.8688958635239117,3.678678010435877,,,608070,0,6,Bot,,,,,,,1.6889683689224737,-141.07451790840383,-4.028432473819482,-3.635370605275238,30.925823903060813,-12.480004904047524,3.339361877,1.685285433,,,,97.5,2190,6.5,824406,680777,668904,665019,686797,668952,668885,621439,807712,53.97,,,,,,,,41,1,4-Seam Fastball,1,0,1,0,0,1,1,0,Standard,Standard,202,0.005,0.037,,,,,-0.037,,1,1,0.772,0.772,25,24,25,25,3,2,5,1,5,1,1.0,0.24,-0.24,52.2,,,,,
FF,2026-07-23,98.0,-0.93,6.14,"Bradley, Taj",608070,671737,walk,ball,,,,,12,José Ramírez walks.,R,L,R,CLE,MIN,B,,,3,2,2026,-0.34,1.38,1.1248546161062278,3.5060915988320076,,,,0,6,Bot,,,,,,,6.293794298943082,-142.63122095826978,-4.7379107105562275,-6.072794347199983,30.44034864265288,-12.416942723652625,3.034826116,1.531594488,,,,98.6,2290,6.5,824406,680777,668904,665019,686797,668952,668885,621439,807712,54.05,,0.698492,0.7,1,0,0,,40,9,4-Seam Fastball,1,0,1,0,0,1,1,0,Strategic,Standard,201,0.027,0.362,,,,,-0.362,,1,1,0.745,0.745,25,33,25,34,3,2,5,1,5,2,0.98,0.34,-0.34,59.3,,,,,
FF,2026-07-23,98.8,-0.98,6.14,"Bradley, Taj",608070,671737,,foul,,,,,2,,R,L,R,CLE,MIN,S,,,3,2,2026,-0.24,1.49,-0.01546882364333,3.117494726662668,,,,0,6,Bot,,,,,,,3.171848819595275,-143.69731063303664,-6.078998259525381,-4.157307107691887,36.569462187052785,-10.411455825081635,3.034826116,1.531594488,175,79.9,72,98.6,2316,6.4,824406,680777,668904,665019,686797,668952,668885,621439,807712,54.09,,,,,,,,40,8,4-Seam Fastball,1,0,1,0,0,1,1,0,Strategic,Standard,201,0.0,0.0,71.6,6.9,,,0.0,88.0,1,1,0.745,0.745,25,33,25,34,3,2,5,1,5,2,0.87,0.24,-0.24,55.0,15.985027562624149,-6.264570626435903,29.02448743577496,32.15524029775403,32.00509037332954
FC,2026-07-23,88.4,-1.03,6.08,"Bradley, Taj",608070,671737,,foul,,,,,2,,R,L,R,CLE,MIN,S,,,3,2,2026,0.26,-0.17,-0.2755951376056201,2.9139008184005952,,,,0,6,Bot,,,,,,,1.272098123678964,-128.88145774441634,-1.1164220385899033,2.684587363711285,25.221572576189008,-34.080407747938246,3.034826116,1.531594488,191,84.4,61,89.0,2321,6.4,824406,680777,668904,665019,686797,668952,668885,621439,807712,54.1,,,,,,,,40,7,Cutter,1,0,1,0,0,1,1,0,Infield shade,Standard,81,0.0,0.0,65.9,6.4,,,0.0,88.0,1,1,0.745,0.745,25,33,25,34,3,2,5,1,5,2,3.06,-0.26,0.26,55.3,9.398176861174823,6.134967799634442,27.642594406011565,34.54932963344197,27.525201750382312
FF,2026-07-23,98.9,-0.88,6.23,"Bradley, Taj",608070,671737,,foul,,,,,14,,R,L,R,CLE,MIN,S,,,3,2,2026,-0.6,1.57,0.5221485183045282,1.3563378622564406,,,,0,6,Bot,,,,,,,5.213223038386065,-143.52713486120862,-11.261492196060596,-9.546596576291662,33.79523418818117,-8.058934203463838,3.034826116,1.531594488,134,63.1,65,98.8,2489,6.4,824406,680777,668904,665019,686797,668952,668885,621439,807712,54.08,,,,,,,,40,6,4-Seam Fastball,1,0,1,0,0,1,1,0,Infield shade,Standard,200,0.0,0.0,68.5,7.4,,,0.0,88.0,1,1,0.745,0.745,25,33,25,34,3,2,5,1,5,2,0.78,0.6,-0.6,57.8,2.684292541211029,-9.046355950982202,46.22965160722623,24.425758838770133,26.18276520452249
FS,2026-07-23,93.1,-1.13,6.15,"Bradley, Taj",608070,671737,,ball,,,,,11,,R,L,R,CLE,MIN,B,,,2,2,2026,-0.93,0.1,-2.205394941095221,2.5894684429229806,,,,0,6,Bot,,,,,,,-0.6550265906176997,-135.5515204262529,-3.374059467728712,-11.29929358678664,30.4290092512204,-30.36135146770287,3.034826116,1.531594488,,,,93.1,1518,6.3,824406,680777,668904,665019,686797,668952,668885,621439,807712,54.18,,,,,,,,40,5,Split-Finger,1,0,1,0,0,1,1,0,Infield shade,Standard,216,0.008,0.113,,,,,-0.113,,1,1,0.737,0.737,25,33,25,34,3,2,5,1,5,2,2.53,0.93,-0.93,54.4,,,,,
FC,2026-07-23,90.4,-1.15,6.18,"Bradley, Taj",608070,671737,,called_strike,,,,,1,,R,L,R,CLE,MIN,S,,,2,1,2026,0.77,0.38,-0.4616452621216722,3.131802701942371,,,,0,6,Bot,,,,,,,0.0234716531138239,-131.6141119459693,-2.2342439285181546,8.916872266841493,29.19387152844762,-27.552863194314163,3.034826116,1.531594488,,,,90.2,2246,6.2,824406,680777,668904,665019,686797,668952,668885,621439,807712,54.29,,,,,,,,40,4,Cutter,1,0,1,0,0,1,1,0,Infield shade,Standard,160,-0.006,-0.078,,,,,0.078,,1,1,0.743,0.743,25,33,25,34,3,2,5,1,5,2,2.42,-0.77,0.77,59.5,,,,,
FF,2026-07-23,97.5,-1.16,6.16,"Bradley, Taj",608070,671737,,ball,,,,,13,,R,L,R,CLE,MIN,B,,,1,1,2026,-0.7,1.5,-2.0917339442093392,2.166380192200811,,,,0,6,Bot,,,,,,,-0.8228885758423506,-141.68718269877175,-8.458745265617935,-9.237773958995454,34.75158237044725,-10.244500956719166,3.034826116,1.531594488,,,,97.4,2410,6.5,824406,680777,668904,665019,686797,668952,668885,621439,807712,54.02,,,,,,,,40,3,4-Seam Fastball,1,0,1,0,0,1,1,0,Infield shade,Standard,206,0.004,0.063,,,,,-0.063,,1,1,0.739,0.739,25,33,25,34,3,2,5,1,5,2,0.92,0.7,-0.7,58.3,,,,,
FF,2026-07-23,96.3,-1.04,6.19,"Bradley, Taj",608070,671737,,ball,,,,,13,,R,L,R,CLE,MIN,B,,,0,1,2026,-0.51,1.45,-0.5293068866691277,1.178345681633764,,,,0,6,Bot,,,,,,,2.519707796803841,-139.90335029919964,-10.819164388148206,-7.276164409107887,30.11141515274322,-10.907797032631096,3.034826116,1.531594488,,,,96.5,2373,6.4,824406,680777,668904,665019,686797,668952,668885,621439,807712,54.13,,,,,,,,40,2,4-Seam Fastball,1,0,1,0,0,1,1,0,Infield shade,Standard,199,0.002,0.03,,,,,-0.03,,1,1,0.737,0.737,25,33,25,34,3,2,5,1,5,2,1.01,0.51,-0.51,61.4,,,,,
FC,2026-07-23,89.6,-1.11,6.19,"Bradley, Taj",608070,671737,,called_strike,,,,,8,,R,L,R,CLE,MIN,S,,,0,0,2026,0.57,0.41,-0.0422714011783563,1.7116453062930388,,,,0,6,Bot,,,,,,,1.3816469236820808,-130.4671058790004,-5.756678549309518,6.303981285533865,24.7417507316505,-26.54264155103103,3.034826116,1.531594488,,,,90.0,2228,6.3,824406,680777,668904,665019,686797,668952,668885,621439,807712,54.21,,,,,,,,40,1,Cutter,1,0,1,0,0,1,1,0,Infield shade,Standard,166,-0.003,-0.042,,,,,0.042,,1,1,0.74,0.74,25,33,25,34,3,2,5,1,5,2,2.4,-0.57,0.57,56.0,,,,,
SI,2026-07-23,98.0,-2.71,5.77,"Williams, Gavin",621439,668909,field_out,hit_into_play,,,,,4,"Byron Buxton grounds out, second baseman Travis Bazzana to first baseman Kyle Manzardo.",R,R,R,CLE,MIN,X,4,ground_ball,1,1,2026,-1.11,0.67,-0.8287913650158718,2.287179595631903,,,,2,6,Top,124.91,150.39,,,,,7.753841037380584,-142.69045437381874,-5.473739104061413,-16.864521865065885,26.60953838415536,-21.939265906798283,3.257742782,1.644094488,79,64.9,8,100.4,1955,7.2,824406,672275,700932,683953,608070,677587,680757,690984,800050,53.35,0.269,0.25,0.0,1,0,0,2,39,3,Sinker,1,0,0,1,0,1,0,1,Standard,Standard,229,0.016,-0.246,65.9,7.1,,0.305,0.246,88.0,1,-1,0.724,0.276,26,32,27,33,3,2,5,2,5,1,1.66,1.11,1.11,29.9,-2.973840478815086,8.858276786822435,40.51534285806519,25.471021001882512,14.65625124175306
ST,2026-07-23,88.9,-2.71,5.79,"Williams, Gavin",621439,668909,,foul,,,,,8,,R,R,R,CLE,MIN,S,,,1,0,2026,0.9,-0.57,-0.1875998610424114,2.1370157479374217,,,,2,6,Top,,,,,,,4.222824607190944,-129.43678699871606,-1.473186338839927,9.205510291368284,26.772579914369075,-38.52555874906748,3.257742782,1.644094488,3,84.0,-36,89.8,2256,6.8,824406,672275,700932,683953,608070,677587,680757,690984,800050,53.71,,,,,,,,39,2,Sweeper,1,0,0,1,0,1,0,1,Infield shade,Standard,51,0.003,-0.056,76.3,8.4,,,0.056,88.0,1,-1,0.721,0.279,26,32,27,33,3,2,5,2,5,1,3.45,-0.9,-0.9,32.1,20.153018740829705,-19.726130595428593,35.87483024269829,32.0278475067046,32.15781836717584
ST,2026-07-23,87.2,-2.75,5.8,"Williams, Gavin",621439,668909,,ball,,,,,13,,R,R,R,CLE,MIN,B,,,0,0,2026,1.15,-0.56,-0.0058084915567767,1.1207547490522225,,,,2,6,Top,,,,,,,4.141835366965573,-126.8885106159033,-3.6313853967566407,11.409148402419603,28.28956565618376,-37.61936368832577,3.257742782,1.644094488,,,,87.9,2245,6.9,824406,672275,700932,683953,608070,677587,680757,690984,800050,53.57,,,,,,,,39,1,Sweeper,1,0,0,1,0,1,0,1,Standard,Standard,49,-0.002,0.041,,,,,-0.041,,1,-1,0.723,0.277,26,32,27,33,3,2,5,2,5,1,3.58,-1.15,-1.15,34.1,,,,,
ST,2026-07-23,88.9,-2.7,5.82,"Williams, Gavin",686797,668909,field_out,hit_into_play,,,,,8,Brooks Lee grounds out to first baseman Kyle Manzardo.,R,L,R,CLE,MIN,X,3,ground_ball,3,2,2026,0.97,0.01,-0.2299532458326391,2.0628496247706254,,,,1,6,Top,156.71,167.38,,,,,3.954114972471616,-129.528543246486,-3.0058831116734934,10.119239367371373,27.070858857083497,-31.652539863825034,3.208595801,1.619291339,7,88.2,-17,90.0,2134,6.9,824406,672275,700932,683953,608070,677587,680757,690984,800050,53.61,0.06,0.06,0.0,1,0,0,2,38,6,Sweeper,1,0,0,1,0,1,0,1,Strategic,Standard,60,0.033,-0.345,67.8,7.3,,0.071,0.345,88.2,1,-1,0.69,0.31,26,25,27,25,3,2,5,1,5,1,2.87,-0.97,0.97,30.8,10.724881338765584,-7.187745027667159,30.279322145761604,40.96538974553833,30.151717344961657
CU,2026-07-23,83.1,-2.7,5.88,"Williams, Gavin",686797,668909,,ball,,,,,11,,R,L,R,CLE,MIN,B,,,2,2,2026,0.7,-1.31,-1.863800811297407,2.7308511812252236,,,,1,6,Top,,,,,,,0.5111469597814613,-121.02698003184597,2.041841329763434,6.786539622858296,22.119781211343128,-45.64010697102336,3.208595801,1.619291339,,,,84.2,2482,6.8,824406,672275,700932,683953,608070,677587,680757,690984,800050,53.67,,,,,,,,38,5,Curveball,1,0,0,1,0,1,0,1,Strategic,Standard,31,-0.01,0.111,,,,,-0.111,,1,-1,0.7,0.3,26,25,27,25,3,2,5,1,5,1,4.58,-0.7,0.7,38.5,,,,,
CU,2026-07-23,84.1,-2.66,5.97,"Williams, Gavin",686797,668909,,ball,,,,,11,,R,L,R,CLE,MIN,B,,,1,2,2026,0.7,-1.27,-1.5036008833438037,2.6372216137991984,,,,1,6,Top,,,,,,,1.2515412564134778,-122.47537303223434,1.4716119681160815,6.746502970599632,24.809503141636796,-45.43206870288254,3.208595801,1.619291339,,,,84.8,2453,6.8,824406,672275,700932,683953,608070,677587,680757,690984,800050,53.71,,,,,,,,38,4,Curveball,1,0,0,1,0,1,0,1,Strategic,Standard,37,-0.004,0.052,,,,,-0.052,,1,-1,0.704,0.296,26,25,27,25,3,2,5,1,5,1,4.49,-0.7,0.7,36.2,,,,,
ST,2026-07-23,89.8,-2.73,5.84,"Williams, Gavin",686797,668909,,foul,,,,,8,,R,L,R,CLE,MIN,S,,,1,1,2026,0.69,-0.22,0.1042168650351244,1.9890169720619069,,,,1,6,Top,,,,,,,5.482960695696641,-130.7930419496459,-2.896817578764537,6.8419529996006325,26.916742363098297,-34.26537189721709,3.208595801,1.619291339,4,86.2,-30,90.9,2125,6.8,824406,672275,700932,683953,608070,677587,680757,690984,800050,53.66,,,,,,,,38,3,Sweeper,1,0,0,1,0,1,0,1,Standard,Standard,47,0.007,-0.071,69.7,7.1,,,0.071,88.0,1,-1,0.697,0.303,26,25,27,25,3,2,5,1,5,1,3.03,-0.69,0.69,33.2,10.287905072499576,-7.067516339769636,30.85004174877364,37.07488508331484,31.85885027443273
FF,2026-07-23,100.2,-2.53,6.04,"Williams, Gavin",686797,668909,,ball,,,,,12,,R,L,R,CLE,MIN,B,,,0,1,2026,-0.82,1.23,0.1164124659500145,4.062705928204237,,,,1,6,Top,,,,,,,9.29455365324137,-145.66013646266975,-2.9187452161248717,-13.830220563160609,33.27264756319532,-14.167057196735698,3.208595801,1.619291339,,,,101.5,2328,7.0,824406,672275,700932,683953,608070,677587,680757,690984,800050,53.52,,,,,,,,38,2,4-Seam Fastball,1,0,0,1,0,1,0,1,Strategic,Standard,216,-0.003,0.033,,,,,-0.033,,1,-1,0.7,0.3,26,25,27,25,3,2,5,1,5,1,1.04,0.82,-0.82,34.9,,,,,
ST,2026-07-23,88.1,-2.68,5.78,"Williams, Gavin",686797,668909,,called_strike,,,,,9,,R,L,R,CLE,MIN,S,,,0,0,2026,0.9,-0.29,0.5793756185950563,1.8206741635906665,,,,1,6,Top,,,,,,,5.9879875696258384,-128.34012115442425,-2.748507880514592,8.902887933376633,24.537061229636727,-35.08827898773109,3.208595801,1.619291339,,,,89.6,2152,7.0,824406,672275,700932,683953,608070,677587,680757,690984,800050,53.53,,,,,,,,38,1,Sweeper,1,0,0,1,0,1,0,1,Standard,Standard,46,0.004,-0.041,,,,,0.041,,1,-1,0.696,0.304,26,25,27,25,3,2,5,1,5,1,3.2,-0.9,0.9,30.5,,,,,
CU,2026-07-23,84.9,-2.31,6.18,"Williams, Gavin",668952,668909,strikeout,swinging_strike_blocked,,,,,14,Ryan Kreidler strikes out swinging.,R,R,R,CLE,MIN,S,2,,1,2,2026,0.61,-0.91,1.5200089662603775,0.6625169467719081,,,,0,6,Top,,,,,,,7.684073175929311,-123.42929142702218,-4.463595138612326,4.669038942546335,24.785411615493334,-40.78097693519682,3.340239501,1.685728347,,,,85.7,2443,6.8,824406,672275,700932,683953,608070,677587,680757,690984,800050,53.65,,0.0,0.0,1,0,0,,37,4,Curveball,1,0,0,1,0,1,0,1,Standard,Standard,27,0.025,-0.186,31.2,7.6,9.79568376,,0.186,,1,-1,0.671,0.329,26,28,27,29,2,1,5,1,5,1,4.08,-0.61,-0.61,43.4,6.4559044184102135,3.5564829088892544,29.761988665057032,53.92836577655475,31.44856107193671
ST,2026-07-23,87.8,-2.61,5.76,"Williams, Gavin",668952,668909,,ball,,,,,14,,R,R,R,CLE,MIN,B,,,0,2,2026,1.11,-0.66,2.0970851322682456,1.592599820622956,,,,0,6,Top,,,,,,,9.013516034124663,-127.5647160605016,-2.3124004997885574,10.174190015066538,27.218473303491667,-39.10581191433144,3.340239501,1.685728347,,,,88.8,2378,7.1,824406,672275,700932,683953,608070,677587,680757,690984,800050,53.45,,,,,,,,37,3,Sweeper,1,0,0,1,0,1,0,1,Standard,Standard,45,-0.003,0.022,,,,,-0.022,,1,-1,0.674,0.326,26,28,27,29,2,1,5,1,5,1,3.64,-1.11,-1.11,34.5,,,,,
ST,2026-07-23,88.2,-2.67,5.74,"Williams, Gavin",668952,668909,,swinging_strike,,,,,14,,R,R,R,CLE,MIN,S,,,0,1,2026,1.21,-0.56,1.2681215175847886,1.411261850321024,,,,0,6,Top,,,,,,,6.957458052383304,-128.18938816473602,-2.9352087130482207,11.62772972315174,29.357405188310324,-37.81971213917578,3.340239501,1.685728347,,,,88.6,2305,6.9,824406,672275,700932,683953,608070,677587,680757,690984,800050,53.63,,,,,,,,37,2,Sweeper,1,0,0,1,0,1,0,1,Standard,Standard,47,0.009,-0.053,75.3,8.4,3.273457692,,0.053,,1,-1,0.665,0.335,26,28,27,29,2,1,5,1,5,1,3.52,-1.21,-1.21,33.9,10.799406675988331,-4.652384120404808,33.38573111891624,51.39311725203321,34.03878184162951
SI,2026-07-23,97.3,-2.74,5.7,"Williams, Gavin",668952,668909,,called_strike,,,,,14,,R,R,R,CLE,MIN,S,,,0,0,2026,-1.22,0.81,0.9589808614739233,2.4050876451201235,,,,0,6,Top,,,,,,,12.77692728448551,-141.13751424713533,-5.012967678996944,-19.203850292192502,31.96406171136331,-20.346673094696374,3.340239501,1.685728347,,,,98.3,2064,7.0,824406,672275,700932,683953,608070,677587,680757,690984,800050,53.47,,,,,,,,37,1,Sinker,1,0,0,1,0,1,0,1,Standard,Standard,233,0.005,-0.042,,,,,0.042,,1,-1,0.66,0.34,26,28,27,29,2,1,5,1,5,1,1.61,1.22,1.22,31.7,,,,,
FF,2026-07-23,99.0,-1.01,6.15,"Bradley, Taj",680757,671737,strikeout,called_strike,,,,,9,Steven Kwan called out on strikes.,R,L,R,CLE,MIN,S,2,,2,2,2026,-0.32,1.44,0.6542368286795475,1.7150569845603671,,,,2,5,Bot,,,,,,,5.267856117555725,-143.86870021813206,-9.868063915215153,-5.72313144724792,33.147611059195434,-10.038547243311324,3.02253937,1.525393701,,,,99.2,2424,6.5,824406,680777,668904,665019,686797,668952,668885,621439,807712,54.03,,0.0,0.0,1,0,0,,36,5,4-Seam Fastball,1,0,1,0,0,1,1,0,Standard,Standard,203,-0.009,-0.222,,,,,0.222,,1,1,0.669,0.669,25,28,25,29,3,2,5,1,5,2,0.89,0.32,-0.32,53.9,,,,,
FS,2026-07-23,92.6,-1.16,6.08,"Bradley, Taj",680757,671737,,ball,,,,,11,,R,L,R,CLE,MIN,B,,,1,2,2026,-0.91,0.48,-1.4332702068216563,2.3526433351045446,,,,2,5,Bot,,,,,,,1.333626250562221,-134.92023584319867,-4.596512585343213,-11.422422145395304,27.476241858518904,-25.58674646362106,3.02253937,1.525393701,,,,93.1,1465,6.4,824406,680777,668904,665019,686797,668952,668885,621439,807712,54.11,,,,,,,,36,4,Split-Finger,1,0,1,0,0,1,1,0,Standard,Standard,221,0.001,0.042,,,,,-0.042,,1,1,0.668,0.668,25,28,25,29,3,2,5,1,5,2,2.16,0.91,-0.91,49.5,,,,,
CU,2026-07-23,84.3,-1.15,6.16,"Bradley, Taj",680757,671737,,ball,,,,,13,,R,L,R,CLE,MIN,B,,,0,2,2026,0.52,-0.97,-0.4556427636641185,0.2124069836673343,,,,2,5,Bot,,,,,,,0.528330001724752,-122.72460398185116,-5.110181624272555,5.117065257829541,27.26973028637741,-40.951091319629086,3.02253937,1.525393701,,,,83.7,2329,6.1,824406,680777,668904,665019,686797,668952,668885,621439,807712,54.36,,,,,,,,36,3,Curveball,1,0,1,0,0,1,1,0,Standard,Standard,30,0.001,0.026,,,,,-0.026,,1,1,0.667,0.667,25,28,25,29,3,2,5,1,5,2,4.2,-0.52,0.52,55.0,,,,,
FS,2026-07-23,91.2,-1.07,6.13,"Bradley, Taj",680757,671737,,called_strike,,,,,6,,R,L,R,CLE,MIN,S,,,0,1,2026,-0.93,0.28,0.6005514026747524,2.1759979064939334,,,,2,5,Bot,,,,,,,6.200295710102339,-132.70125021333794,-4.4454778670808,-12.312366327405156,28.29886756464648,-28.14637174021473,3.02253937,1.525393701,,,,91.5,1767,6.5,824406,680777,668904,665019,686797,668952,668885,621439,807712,54.04,,,,,,,,36,2,Split-Finger,1,0,1,0,0,1,1,0,Standard,Standard,213,-0.002,-0.062,,,,,0.062,,1,1,0.669,0.669,25,28,25,29,3,2,5,1,5,2,2.46,0.93,-0.93,52.4,,,,,
FS,2026-07-23,91.6,-1.15,6.07,"Bradley, Taj",680757,671737,,called_strike,,,,,13,,R,L,R,CLE,MIN,S,,,0,0,2026,-0.76,0.28,-0.91663574940903,1.7506283676771337,,,,2,5,Bot,,,,,,,2.263015751274549,-133.47069309902182,-5.478759715274029,-9.604086332847611,27.159369198646925,-27.856810739322135,3.02253937,1.525393701,,,,92.2,1624,6.5,824406,680777,668904,665019,686797,668952,668885,621439,807712,54.05,,,,,,,,36,1,Split-Finger,1,0,1,0,0,1,1,0,Standard,Standard,218,-0.002,-0.044,,,,,0.044,,1,1,0.671,0.671,25,28,25,29,3,2,5,1,5,2,2.41,0.76,-0.76,58.2,,,,,
FS,2026-07-23,92.1,-1.3,5.94,"Bradley, Taj",690984,671737,field_out,hit_into_play,,,,,13,"Petey Halpin grounds out, first baseman Royce Lewis to pitcher Taj Bradley.",R,L,R,CLE,MIN,X,3,ground_ball,0,1,2026,-0.63,0.4,-0.0728285371117457,0.8357981069959948,,,,1,5,Bot,159.13,164.96,,,,,4.486588220121588,-134.04267940142455,-7.82505135925901,-8.590824239402261,26.598157774525305,-25.97578893722251,3.18402231,1.606889764,2,104.8,-25,92.9,1684,6.6,824406,680777,668904,665019,686797,668952,668885,621439,807712,53.95,0.167,0.157,0.0,1,0,0,2,35,2,Split-Finger,1,0,1,0,0,1,1,0,Standard,Standard,215,-0.014,-0.221,,,,0.179,0.221,104.8,1,1,0.685,0.685,25,24,25,24,2,1,5,1,5,1,2.27,0.63,-0.63,52.6,,,,,
FF,2026-07-23,97.2,-1.08,6.16,"Bradley, Taj",690984,671737,,foul,,,,,5,,R,L,R,CLE,MIN,S,,,0,0,2026,-0.38,1.53,0.0586145359346951,2.279424678967726,,,,1,5,Bot,,,,,,,3.908480137689267,-141.38633461610027,-8.253155896090272,-5.985470459992092,30.107520945646417,-9.953687016134085,3.18402231,1.606889764,205,72.2,37,97.8,2223,6.5,824406,680777,668904,665019,686797,668952,668885,621439,807712,54.01,,,,,,,,35,1,4-Seam Fastball,1,0,1,0,0,1,1,0,Standard,Standard,198,-0.002,-0.041,68.3,6.2,,,0.041,88.0,1,1,0.687,0.687,25,24,25,24,2,1,5,1,5,1,0.87,0.38,-0.38,58.9,-12.338825279174156,16.274724655923936,42.020449745680175,30.59513817913323,19.31987283012985
FF,2026-07-23,95.1,-1.04,6.16,"Bradley, Taj",672275,671737,home_run,hit_into_play,,,,,2,Patrick Bailey homers (5) on a fly ball to right field.,R,L,R,CLE,MIN,X,,fly_ball,2,0,2026,-0.36,1.65,0.0785997662139113,2.923356075667389,,,,1,5,Bot,241.46,72.66,,,,,3.741993020643468,-138.41018921441005,-6.39463497742969,-5.5027085470718875,31.84203711794,-9.745040658103102,3.22351542,1.626820866,420,109.2,32,95.3,2253,6.5,824406,680777,668904,665019,686797,668952,668885,621439,807712,54.05,0.937,1.899,2.0,1,0,3,6,34,3,4-Seam Fastball,0,0,0,0,0,1,1,0,Standard,Standard,200,0.14,1.465,74.1,8.0,,3.72,-1.465,109.2,0,0,0.547,0.547,25,27,25,27,2,1,5,1,5,2,0.88,0.36,-0.36,57.7,19.01627761943487,-19.82503112988249,28.48976232436339,34.82165797396346,38.17892978252408
FC,2026-07-23,90.7,-1.06,6.07,"Bradley, Taj",672275,671737,,ball,,,,,14,,R,L,R,CLE,MIN,B,,,1,0,2026,0.48,0.6,0.1942229217445549,0.0571749126532459,,,,1,5,Bot,,,,,,,2.050498669224153,-131.73757627303925,-10.002007578616585,5.026931534907794,31.868740097465572,-23.02477537315167,3.22351542,1.626820866,,,,90.1,2104,6.4,824406,680777,668904,665019,686797,668952,668885,621439,807712,54.15,,,,,,,,34,2,Cutter,0,0,0,0,0,0,0,0,Standard,Standard,185,0.007,0.076,,,,,-0.076,,0,0,0.54,0.54,25,27,25,27,2,1,5,1,5,2,2.21,-0.48,0.48,52.3,,,,,
FS,2026-07-23,89.9,-1.13,6.12,"Bradley, Taj",672275,671737,,ball,,,,,11,,R,L,R,CLE,MIN,B,,,0,0,2026,-0.57,0.54,-0.9926414451419708,5.2356481939828505,,,,1,5,Bot,,,,,,,1.573582421943645,-130.89925473058625,2.768327929934978,-6.889313820622054,28.132744679211317,-26.805499822049573,3.22351542,1.626820866,,,,90.0,1824,6.4,824406,680777,668904,665019,686797,668952,668885,621439,807712,54.13,,,,,,,,34,1,Split-Finger,0,0,0,0,0,0,0,0,Strategic,Standard,211,0.003,0.041,,,,,-0.041,,0,0,0.537,0.537,25,27,25,27,2,1,5,1,5,2,2.28,0.57,-0.57,58.6,,,,,
FC,2026-07-23,90.4,-1.14,6.19,"Bradley, Taj",700932,671737,field_out,hit_into_play,,,,,2,Kyle Manzardo flies out to center fielder Byron Buxton.,R,L,R,CLE,MIN,X,8,fly_ball,1,1,2026,0.06,0.48,0.2576397718770851,2.920067705301956,,,,0,5,Bot,120.81,107.49,,,,,3.3330306494914175,-131.87776559721834,-3.1740239296411192,0.1004705644597971,22.86049437583645,-26.07541902138974,3.187532808,1.608661417,231,93.6,50,91.3,2165,6.3,824406,680777,668904,665019,686797,668952,668885,621439,807712,54.2,0.006,0.006,0.0,1,0,0,3,33,3,Cutter,0,0,0,0,0,0,0,0,Standard,Standard,166,-0.029,-0.248,71.8,7.2,,0.009,0.248,93.6,0,0,0.566,0.566,25,25,25,26,2,1,5,1,5,2,2.25,-0.06,0.06,56.8,20.429025568047344,2.024791789541403,34.35615191156058,37.74694376000966,34.02125692089492
FS,2026-07-23,91.2,-0.99,6.12,"Bradley, Taj",700932,671737,,ball,,,,,13,,R,L,R,CLE,MIN,B,,,0,1,2026,-1.17,0.41,-0.3376584824715051,0.998357459145472,,,,0,5,Bot,,,,,,,4.189219569286429,-132.6844425543071,-7.6900700389189405,-14.6853976032578,25.46400738392604,-25.934677999670654,3.187532808,1.608661417,,,,91.9,1865,6.5,824406,680777,668904,665019,686797,668952,668885,621439,807712,54.03,,,,,,,,33,2,Split-Finger,0,0,0,0,0,0,0,0,Standard,Standard,222,0.004,0.03,,,,,-0.03,,0,0,0.562,0.562,25,25,25,26,2,1,5,1,5,2,2.3,1.17,-1.17,55.2,,,,,
FC,2026-07-23,89.3,-1.13,6.11,"Bradley, Taj",700932,671737,,foul,,,,,5,,R,L,R,CLE,MIN,S,,,0,0,2026,0.25,0.5,-0.0435908444980591,2.420516137609983,,,,0,5,Bot,,,,,,,2.113472642034531,-130.02595073030764,-3.8756002990831218,2.339362698223601,29.669675589997667,-25.927821146365453,3.187532808,1.608661417,5,88.7,-27,89.1,2058,6.3,824406,680777,668904,665019,686797,668952,668885,621439,807712,54.17,,,,,,,,33,1,Cutter,0,0,0,0,0,0,0,0,Standard,Standard,172,-0.005,-0.042,72.5,7.9,,,0.042,88.7,0,0,0.567,0.567,25,25,25,26,2,1,5,1,5,2,2.38,-0.25,0.25,55.8,24.364335527988523,-8.22270559511033,36.13980969830895,40.77973247618409,38.97753523131779
ST,2026-07-23,89.2,-2.68,6.02,"Williams, Gavin",807712,668909,field_out,hit_into_play,,,,,8,"Luke Keaschall grounds out, shortstop Brayan Rocchio to first baseman Kyle Manzardo.",R,R,R,CLE,MIN,X,6,ground_ball,0,0,2026,0.92,-0.61,-0.0050521168299818,2.0503976090582423,,665019,,2,5,Top,104.0,150.0,,,,,4.561947024502288,-129.76868001669055,-2.123319845753939,9.128703600541362,31.304888922020123,-38.6861321896671,3.213861549,1.621948819,30,97.3,-2,89.6,2275,6.9,824406,672275,700932,683953,608070,677587,680757,690984,800050,53.63,0.459,0.413,0.0,1,0,0,2,32,1,Sweeper,0,0,0,0,0,0,0,0,Standard,Standard,49,0.046,-0.281,75.1,6.3,,0.496,0.281,97.3,0,0,0.521,0.479,26,23,27,24,2,1,5,1,5,1,3.51,-0.92,-0.92,36.3,2.1587535998424032,1.057320233287938,39.632038242915904,32.62844008424241,32.08848421707798
ST,2026-07-23,90.6,-2.71,5.94,"Williams, Gavin",668885,668909,strikeout,swinging_strike,,,,,14,Austin Martin strikes out swinging.,R,R,R,CLE,MIN,S,2,,2,2,2026,1.09,-0.04,1.3772364372660513,1.9610827492338163,,665019,,1,5,Top,,,,,,,7.76366582923416,-131.6256301218631,-3.5926900751600783,10.654580065500166,32.471381179875095,-31.98532180049978,3.12960958,1.579429134,,,,91.0,2301,7.0,824406,672275,700932,683953,608070,677587,680757,690984,800050,53.5,,0.0,0.0,1,0,0,,31,6,Sweeper,0,0,0,0,0,0,0,0,Standard,Standard,45,0.041,-0.229,64.9,7.7,8.897613456,,0.229,,0,0,0.48,0.52,26,27,27,27,2,1,5,2,5,1,2.86,-1.09,-1.09,32.1,28.02493219701082,-24.912568066797977,33.64194356498496,47.86299107272968,48.68253103548171
FF,2026-07-23,98.6,-2.59,6.07,"Williams, Gavin",668885,668909,,foul,,,,,11,,R,R,R,CLE,MIN,S,,,2,2,2026,-0.73,1.06,-0.8526767010936561,3.792225786650519,,665019,,1,5,Top,,,,,,,6.500012563064443,-143.52825447764627,-3.135489354353181,-11.61635608246281,31.18214840282267,-16.995286979416313,3.12960958,1.579429134,,,,100.3,2273,7.1,824406,672275,700932,683953,608070,677587,680757,690984,800050,53.41,,,,,,,,31,5,4-Seam Fastball,0,0,0,0,0,0,0,0,Standard,Standard,220,0.0,0.0,37.8,3.9,,,0.0,,0,0,0.48,0.52,26,27,27,27,2,1,5,2,5,1,1.27,0.73,0.73,32.2,-24.28209400029644,44.14527039689048,39.22813681543737,23.81390165804506,13.423834068490532
FF,2026-07-23,99.5,-2.54,6.04,"Williams, Gavin",668885,668909,,ball,,,,,12,,R,R,R,CLE,MIN,B,,,1,2,2026,-0.87,1.11,1.0486798928334984,3.018337819840487,,665019,,1,5,Top,,,,,,,11.957997998311429,-144.53040745955272,-5.482898183825757,-14.704800796079322,27.874522643554716,-15.452442440931298,3.12960958,1.579429134,,,,101.6,2294,7.2,824406,672275,700932,683953,608070,677587,680757,690984,800050,53.33,,,,,,,,31,4,4-Seam Fastball,0,0,0,0,0,0,0,0,Standard,Standard,222,-0.007,0.027,,,,,-0.027,,0,0,0.487,0.513,26,27,27,27,2,1,5,2,5,1,1.17,0.87,0.87,32.4,,,,,
CU,2026-07-23,84.2,-2.62,6.04,"Williams, Gavin",668885,668909,,foul,,,,,4,,R,R,R,CLE,MIN,S,,,1,1,2026,0.81,-1.35,-0.3399035411315697,2.38752596081513,,665019,,1,5,Top,,,,,,,3.6371272522874794,-122.58776720542508,0.9368556557865932,7.26302649159017,26.8721005837499,-46.08200827281691,3.12960958,1.579429134,2,41.3,-48,84.8,2398,6.9,824406,672275,700932,683953,608070,677587,680757,690984,800050,53.58,,,,,,,,31,3,Curveball,0,0,0,0,0,0,0,0,Standard,Standard,29,0.012,-0.07,65.2,7.0,,,0.07,88.0,0,0,0.475,0.525,26,27,27,27,2,1,5,2,5,1,4.59,-0.81,-0.81,38.3,28.545691250081894,-21.600066669762818,32.02170551591639,29.344837325930285,41.1998429566414
FF,2026-07-23,100.1,-2.52,5.93,"Williams, Gavin",668885,668909,,ball,,,,,12,,R,R,R,CLE,MIN,B,,,0,1,2026,-0.79,1.1,0.974623681156194,2.6954489559250443,,665019,,1,5,Top,,,,,,,11.599165455308404,-145.4100556520961,-6.120172604527841,-13.707497395215556,30.167529211012777,-15.26728404270257,3.12960958,1.579429134,,,,102.2,2298,7.2,824406,672275,700932,683953,608070,677587,680757,690984,800050,53.27,,,,,,,,31,2,4-Seam Fastball,0,0,0,0,0,0,0,0,Standard,Standard,217,-0.005,0.032,,,,,-0.032,,0,0,0.48,0.52,26,27,27,27,2,1,5,2,5,1,1.16,0.79,0.79,35.1,,,,,
FF,2026-07-23,99.0,-2.58,5.95,"Williams, Gavin",668885,668909,,foul,,,,,6,,R,R,R,CLE,MIN,S,,,0,0,2026,-0.71,1.15,0.550028255910493,2.4231049475900983,,665019,,1,5,Top,,,,,,,10.264710944652771,-143.82440164769923,-6.8505144165345895,-12.076642903237335,29.011292998014785,-14.762937171275796,3.12960958,1.579429134,244,79.2,44,100.8,2297,7.1,824406,672275,700932,683953,608070,677587,680757,690984,800050,53.45,,,,,,,,31,1,4-Seam Fastball,0,0,0,0,0,0,0,0,Standard,Standard,223,0.007,-0.045,73.7,6.3,,,0.045,88.0,0,0,0.473,0.527,26,27,27,27,2,1,5,2,5,1,1.16,0.71,0.71,33.6,1.2209506343411118,5.868527707922186,37.037031410845906,40.97399829199297,23.72338305993712
CU,2026-07-23,84.5,-2.5,5.96,"Williams, Gavin",668904,668909,field_out,hit_into_play,,,,,8,Royce Lewis pops out to shortstop Brayan Rocchio.,R,R,R,CLE,MIN,X,6,popup,3,2,2026,0.8,-1.28,-0.2340027979657254,1.5157325456070976,,665019,,0,5,Top,105.88,131.07,,,,,3.624312069808529,-122.94094506980429,-1.0763927714378303,7.239304264185206,27.107823578953155,-45.03910622140975,3.205085302,1.617519685,178,87.5,59,85.2,2455,7.0,824406,672275,700932,683953,608070,677587,680757,690984,800050,53.46,0.026,0.034,0.0,1,0,0,3,30,6,Curveball,0,0,0,0,0,0,0,0,Standard,Standard,31,0.059,-0.357,71.8,8.3,,0.049,0.357,88.0,0,0,0.414,0.586,26,27,27,27,2,1,5,1,5,1,4.5,-0.8,-0.8,41.6,14.868685498328048,-17.531600885141142,26.758422754217836,32.57943056975729,39.167580501243954
CU,2026-07-23,84.9,-2.46,6.13,"Williams, Gavin",668904,668909,,blocked_ball,,,,,14,,R,R,R,CLE,MIN,B,,,2,2,2026,0.9,-1.4,1.516588419851418,0.0960277142496064,,,665019,0,5,Top,,,,,,,7.414113282461422,-123.275252648629,-4.50460509988816,7.263909785968589,29.62987842148346,-45.4042502805874,3.205085302,1.617519685,,,,85.1,2577,7.0,824406,672275,700932,683953,608070,677587,680757,690984,800050,53.48,,,,,,,,30,5,Curveball,0,0,0,0,0,0,0,0,Infield shade,Standard,33,-0.045,0.093,,,,,-0.093,,0,0,0.459,0.541,26,27,27,27,2,1,5,1,5,1,4.63,-0.9,-0.9,39.9,,,,,
FF,2026-07-23,98.4,-2.58,5.73,"Williams, Gavin",668904,668909,,ball,,,,,14,,R,R,R,CLE,MIN,B,,,1,2,2026,-0.81,1.06,2.0426627114652964,2.187042409839999,,,665019,0,5,Top,,,,,,,14.451181973231444,-142.42327284142584,-6.47335977772375,-14.313687700781909,32.163128991226955,-16.340251083175666,3.205085302,1.617519685,,,,99.6,2372,7.2,824406,672275,700932,683953,608070,677587,680757,690984,800050,53.31,,,,,,,,30,4,4-Seam Fastball,0,0,0,0,0,0,0,0,Standard,Standard,228,-0.007,0.042,,,,,-0.042,,0,0,0.466,0.534,26,27,27,27,2,1,5,1,5,1,1.32,0.81,0.81,29.2,,,,,
CU,2026-07-23,82.8,-2.6,6.05,"Williams, Gavin",668904,668909,,swinging_strike,,,,,8,,R,R,R,CLE,MIN,S,,,1,1,2026,1.32,-1.22,-0.1522649533683922,1.6641562774050058,,,665019,0,5,Top,,,,,,,2.905643722890078,-120.54158033488773,-0.7598986833446033,12.123208178010843,26.576037847346875,-44.069961470556706,3.205085302,1.617519685,,,,83.1,2525,6.8,824406,672275,700932,683953,608070,677587,680757,690984,800050,53.74,,,,,,,,30,3,Curveball,0,0,0,0,0,0,0,0,Standard,Standard,33,0.012,-0.055,80.0,8.9,6.223589256,,0.055,,0,0,0.454,0.546,26,27,27,27,2,1,5,1,5,1,4.58,-1.32,-1.32,36.3,24.2744714904665,-43.94399906187369,24.177344614369495,33.464271246439026,58.267744019961185
SI,2026-07-23,98.0,-2.78,5.8,"Williams, Gavin",668904,668909,,called_strike,,,,,9,,R,R,R,CLE,MIN,S,,,1,0,2026,-1.27,0.87,0.4474350984767687,1.9173043549094704,,,665019,0,5,Top,,,,,,,11.6846893202973,-142.02877804588263,-6.828864872739857,-19.892419090450723,33.68628549702371,-18.871189967088668,3.205085302,1.617519685,,,,98.7,2193,7.0,824406,672275,700932,683953,608070,677587,680757,690984,800050,53.53,,,,,,,,30,2,Sinker,0,0,0,0,0,0,0,0,Standard,Standard,236,0.009,-0.053,,,,,0.053,,0,0,0.445,0.555,26,27,27,27,2,1,5,1,5,1,1.53,1.27,1.27,28.6,,,,,
FF,2026-07-23,98.3,-2.62,6.0,"Williams, Gavin",668904,668909,,ball,,,,,12,,R,R,R,CLE,MIN,B,,,0,0,2026,-0.77,1.21,1.1360637176184372,2.67705339113959,,,665019,0,5,Top,,,,,,,11.99210327912041,-142.62600818163074,-6.26111637556264,-13.057316852062703,29.97426017861266,-14.380708999474573,3.205085302,1.617519685,,,,99.8,2298,7.1,824406,672275,700932,683953,608070,677587,680757,690984,800050,53.43,,,,,,,,30,1,4-Seam Fastball,0,0,0,0,0,0,0,0,Standard,Standard,217,-0.007,0.037,,,,,-0.037,,0,0,0.452,0.548,26,27,27,27,2,1,5,1,5,1,1.15,0.77,0.77,33.3,,,,,
SI,2026-07-23,96.9,-2.7,6.01,"Williams, Gavin",665019,668909,single,hit_into_play,,,,,5,Kody Clemens singles on a line drive to right fielder Chase DeLauter.,R,L,R,CLE,MIN,X,9,line_drive,0,1,2026,-1.04,0.84,0.2159654832740511,2.2692341608538324,,,,0,5,Top,162.85,120.66,,,,,10.23227794501921,-140.84598348525162,-6.311551222448758,-16.037668175615025,28.26476321114522,-19.703490462696955,3.211228675,1.620620079,218,95.3,15,98.5,2061,7.0,824406,672275,700932,683953,608070,677587,680757,690984,800050,53.49,0.874,0.838,0.9,1,1,0,4,29,2,Sinker,0,0,0,0,0,0,0,0,Standard,Standard,230,-0.052,0.488,72.1,7.3,,1.072,-0.488,95.3,0,0,0.504,0.496,26,30,27,30,2,1,5,1,5,2,1.57,1.04,-1.04,31.9,12.29952582434699,-2.8387285057932843,30.97489986588588,33.486973712899086,32.92236659131832
ST,2026-07-23,87.4,-2.84,5.92,"Williams, Gavin",665019,668909,,called_strike,,,,,8,,R,L,R,CLE,MIN,S,,,0,0,2026,0.71,-0.3,0.2466202068131883,2.092409969673607,,,,0,5,Top,,,,,,,5.9112691252183005,-127.19891289349302,-2.268585313470019,6.576997809786703,24.459679189098107,-35.256114921207235,3.211228675,1.620620079,,,,88.3,2344,6.7,824406,672275,700932,683953,608070,677587,680757,690984,800050,53.8,,,,,,,,29,1,Sweeper,0,0,0,0,0,0,0,0,Standard,Standard,52,0.004,-0.042,,,,,0.042,,0,0,0.5,0.5,26,30,27,30,2,1,5,1,5,2,3.27,-0.71,0.71,31.9,,,,,
FF,2026-07-23,99.7,-1.3,6.16,"Bradley, Taj",656555,671737,strikeout,swinging_strike,,,,,11,Rhys Hoskins strikes out swinging.,R,R,R,CLE,MIN,S,2,,0,2,2026,-0.33,1.52,-0.2184388266428314,3.648316268477589,800050,,,2,4,Bot,,,,,,,3.739282208068889,-145.20761156408642,-5.011814526490055,-5.584996628252606,33.57341765938291,-9.682119990728271,3.334096129,1.682627953,,,,100.2,2355,6.5,824406,680777,668904,665019,686797,668952,668885,621439,807712,54.02,,0.0,0.0,1,0,0,,28,3,4-Seam Fastball,0,0,0,0,0,0,0,0,Standard,Standard,201,-0.029,-0.205,71.2,7.3,0.258925056,,0.205,,0,0,0.529,0.529,25,33,25,33,2,1,5,2,5,1,0.77,0.33,0.33,61.9,14.13325913985933,2.7500683682073523,24.467650900178135,33.17168262716109,24.72959237914938
FS,2026-07-23,92.7,-1.33,6.02,"Bradley, Taj",656555,671737,,called_strike,,,,,6,,R,R,R,CLE,MIN,S,,,0,1,2026,-0.56,0.17,0.3197134214290624,2.74023390889783,800050,,,2,4,Bot,,,,,,,5.438190623714814,-134.98374265398508,-2.82439441444505,-8.005503270323281,26.747248601763857,-29.73944892611584,3.334096129,1.682627953,,,,93.3,1755,6.4,824406,680777,668904,665019,686797,668952,668885,621439,807712,54.08,,,,,,,,28,2,Split-Finger,0,0,0,0,0,0,0,0,Standard,Standard,217,-0.012,-0.058,,,,,0.058,,0,0,0.541,0.541,25,33,25,33,2,1,5,2,5,1,2.46,0.56,0.56,51.2,,,,,
FC,2026-07-23,89.9,-1.25,6.05,"Bradley, Taj",656555,671737,,called_strike,,,,,2,,R,R,R,CLE,MIN,S,,,0,0,2026,0.61,0.08,-0.2029831774992015,3.0450808038492516,800050,,,2,4,Bot,,,,,,,1.2453799342001812,-131.03288534829016,-1.5168352934670404,6.815010013191321,26.017449369367103,-31.098856754702773,3.334096129,1.682627953,,,,90.3,2114,6.3,824406,680777,668904,665019,686797,668952,668885,621439,807712,54.19,,,,,,,,28,1,Cutter,0,0,0,0,0,0,0,0,Standard,Standard,160,-0.007,-0.037,,,,,0.037,,0,0,0.548,0.548,25,33,25,33,2,1,5,2,5,1,2.71,-0.61,-0.61,58.8,,,,,
FC,2026-07-23,90.8,-1.18,6.09,"Bradley, Taj",683953,671737,field_out,hit_into_play,,,,,9,Travis Bazzana pops out to shortstop Ryan Kreidler.,R,L,R,CLE,MIN,X,6,popup,3,2,2026,0.34,0.47,0.4377602465000835,1.8370075921902664,800050,,,1,4,Bot,112.54,160.72,,,,,3.257930520404393,-132.17618317413596,-5.489828971162613,3.170247763584547,30.009540425026817,-25.63062337403095,3.178756562,1.604232283,126,86.0,64,90.7,2045,6.3,824406,680777,668904,665019,686797,668952,668885,621439,807712,54.17,0.009,0.009,0.0,1,0,0,3,27,6,Cutter,0,0,0,0,0,0,0,0,Strategic,Standard,179,-0.077,-0.089,66.8,7.5,,0.012,0.089,88.0,0,0,0.625,0.625,25,23,25,24,2,1,5,1,5,1,2.3,-0.34,0.34,54.5,17.663857516465864,-15.92825293498174,36.22592593182426,31.345662124088616,42.416206535262006
CU,2026-07-23,85.0,-1.13,6.04,"Bradley, Taj",683953,671737,,ball,,,,,14,,R,L,R,CLE,MIN,B,,,2,2,2026,-0.2,-0.82,0.0006807965398829,-1.448981828518113,,800050,,1,4,Bot,,,,,,,3.019075016047955,-123.53129088612944,-9.171407198930297,-2.66237804388557,26.01015480850393,-38.81226427480127,3.178756562,1.604232283,,,,85.0,2547,6.5,824406,680777,668904,665019,686797,668952,668885,621439,807712,54.04,,,,,,,,27,5,Curveball,0,0,0,0,0,0,0,0,Standard,Standard,23,0.046,0.079,,,,,-0.079,,0,0,0.579,0.579,25,23,25,24,2,1,5,1,5,1,4.0,0.2,-0.2,59.9,,,,,
FF,2026-07-23,98.4,-1.17,6.08,"Bradley, Taj",683953,671737,,foul,,,,,5,,R,L,R,CLE,MIN,S,,,2,1,2026,-0.56,1.51,-0.2697219917789475,2.413333371778198,,800050,,1,4,Bot,,,,,,,3.7356198715081153,-143.15160011856884,-7.844070429073684,-8.507146913133825,32.04084824012953,-9.846325820308714,3.178756562,1.604232283,199,81.5,18,98.8,2322,6.5,824406,680777,668904,665019,686797,668952,668885,621439,807712,54.02,,,,,,,,27,4,4-Seam Fastball,0,0,0,0,0,0,0,0,Standard,Standard,201,-0.008,-0.078,68.4,6.8,,,0.078,88.0,0,0,0.587,0.587,25,23,25,24,2,1,5,1,5,1,0.84,0.56,-0.56,56.7,5.823943876714136,8.432786775592486,32.47729670216703,38.71275936374121,29.531211974687565
FC,2026-07-23,90.2,-1.42,6.04,"Bradley, Taj",683953,671737,,blocked_ball,,,,,13,,R,L,R,CLE,MIN,B,,,1,1,2026,0.46,0.2,-0.8510826687015314,0.7000086312441498,,800050,,1,4,Bot,,,,,,,0.4102612308499015,-131.2854194699593,-7.51129791417194,5.244611554960079,26.877484067494382,-28.50606626945366,3.178756562,1.604232283,,,,90.4,2115,6.3,824406,680777,668904,665019,686797,668952,668885,621439,807712,54.16,,,,,,,,27,3,Cutter,0,0,0,0,0,0,0,0,Standard,Standard,168,0.004,0.036,,,,,-0.036,,0,0,0.583,0.583,25,23,25,24,2,1,5,1,5,1,2.59,-0.46,0.46,55.0,,,,,
FS,2026-07-23,90.1,-1.34,5.95,"Bradley, Taj",683953,671737,,foul,,,,,9,,R,L,R,CLE,MIN,S,,,1,0,2026,-0.43,0.43,0.7503610653146875,1.7192094982318689,,800050,,1,4,Bot,,,,,,,6.087525090565329,-131.16961116839695,-5.314410165753197,-6.198899821634993,25.814989747328276,-26.28470882747313,3.178756562,1.604232283,3,74.8,-28,90.8,1768,6.5,824406,680777,668904,665019,686797,668952,668885,621439,807712,53.95,,,,,,,,27,2,Split-Finger,0,0,0,0,0,0,0,0,Standard,Standard,216,-0.004,-0.051,70.6,7.9,,,0.051,88.0,0,0,0.587,0.587,25,23,25,24,2,1,5,1,5,1,2.36,0.43,-0.43,53.1,30.30426953078546,-17.729706280806504,40.62504978708485,28.419655481469785,48.14093182273091
FS,2026-07-23,91.3,-1.19,6.14,"Bradley, Taj",683953,671737,,ball,,,,,11,,R,L,R,CLE,MIN,B,,,0,0,2026,-0.57,0.48,-0.0924605836673874,4.695239176238529,,800050,,1,4,Bot,,,,,,,3.9679897941337727,-132.96734332203448,1.3252442354173115,-7.55735703334935,27.52748320918245,-26.966931620378645,3.178756562,1.604232283,,,,91.5,1888,6.3,824406,680777,668904,665019,686797,668952,668885,621439,807712,54.21,,,,,,,,27,1,Split-Finger,0,0,0,0,0,0,0,0,Standard,Standard,215,0.002,0.038,,,,,-0.038,,0,0,0.585,0.585,25,23,25,24,2,1,5,1,5,1,2.24,0.57,-0.57,59.1,,,,,
FF,2026-07-23,97.8,-1.21,6.13,"Bradley, Taj",677587,671737,strikeout,swinging_strike,,,,,1,Brayan Rocchio strikes out swinging.,R,L,R,CLE,MIN,S,2,,3,2,2026,-0.5,1.54,-0.7036268959250562,2.7730523444012425,,800050,,0,4,Bot,,,,,,,2.5142994180068694,-142.27542484517068,-6.992279711011824,-7.341444278115968,32.31284935084656,-9.829475501055862,3.068175853,1.548425197,,,,98.2,2318,6.5,824406,680777,668904,665019,686797,668952,668885,621439,807712,53.99,,0.0,0.0,1,0,0,,26,7,4-Seam Fastball,0,0,0,0,0,0,0,0,Standard,Standard,199,-0.054,-0.404,71.4,6.6,0.856414752,,0.404,,0,0,0.639,0.639,25,25,25,25,2,1,5,1,5,1,0.84,0.5,-0.5,54.2,-4.408526893162021,19.37422206080655,20.824354082338782,38.89520782347127,18.77444129345485
FS,2026-07-23,91.9,-1.24,5.94,"Bradley, Taj",677587,671737,,foul,,,,,13,,R,L,R,CLE,MIN,S,,,3,2,2026,-0.96,0.2,-0.1403539848600877,1.210602040569392,,800050,,0,4,Bot,,,,,,,4.900250123562613,-133.6472865163173,-6.298495685827656,-12.614480027509623,29.86992750376961,-28.62426092489461,3.068175853,1.548425197,2,80.3,-30,92.1,1500,6.5,824406,680777,668904,665019,686797,668952,668885,621439,807712,53.96,,,,,,,,26,6,Split-Finger,0,0,0,0,0,0,0,0,Standard,Standard,222,0.0,0.0,66.6,7.8,,,0.0,88.0,0,0,0.639,0.639,25,25,25,25,2,1,5,1,5,1,2.51,0.96,-0.96,50.9,12.153046018683812,-13.575977349521851,31.650166921226894,32.62258015728271,38.30918752913844
FF,2026-07-23,96.5,-1.18,6.06,"Bradley, Taj",677587,671737,,foul,,,,,7,,R,L,R,CLE,MIN,S,,,3,1,2026,-0.37,1.57,-0.3096489219650482,2.014477980810852,,800050,,0,4,Bot,,,,,,,3.1603896607802135,-140.2091455015453,-8.518769200475933,-5.678377653702959,36.48947522908546,-9.76855763848982,3.068175853,1.548425197,,,,96.2,2234,6.6,824406,680777,668904,665019,686797,668952,668885,621439,807712,53.93,,,,,,,,26,5,4-Seam Fastball,0,0,0,0,0,0,0,0,Standard,Standard,206,-0.007,-0.052,74.1,7.7,,,0.052,,0,0,0.646,0.646,25,25,25,25,2,1,5,1,5,1,0.92,0.37,-0.37,55.6,5.953484204553631,-4.577640202411449,27.140013903122757,34.17505654541567,32.49502788170161
FF,2026-07-23,96.9,-1.25,6.09,"Bradley, Taj",677587,671737,,ball,,,,,11,,R,L,R,CLE,MIN,B,,,2,1,2026,-0.71,1.51,-1.082050227925302,3.555213413979357,,,800050,0,4,Bot,,,,,,,2.112766867725751,-140.87025362443902,-4.440998330577289,-9.90883673887578,37.60617112138683,-11.439291738100358,3.068175853,1.548425197,,,,96.2,2299,6.4,824406,680777,668904,665019,686797,668952,668885,621439,807712,54.13,,,,,,,,26,4,4-Seam Fastball,0,0,0,0,0,0,0,0,Standard,Standard,201,0.037,0.122,,,,,-0.122,,0,0,0.609,0.609,25,25,25,25,2,1,5,1,5,1,0.96,0.71,-0.71,54.6,,,,,
FF,2026-07-23,98.5,-1.26,6.09,"Bradley, Taj",677587,671737,,ball,,,,,11,,R,L,R,CLE,MIN,B,,,1,1,2026,-0.82,1.42,-2.062788116597046,3.8902089429642257,,,800050,0,4,Bot,,,,,,,-0.2066111900061239,-143.33754236464216,-3.6598183196772767,-11.14416915136502,36.304480984270874,-12.112645084467122,3.068175853,1.548425197,,,,98.4,2215,6.5,824406,680777,668904,665019,686797,668952,668885,621439,807712,54.05,,,,,,,,26,3,4-Seam Fastball,0,0,0,0,0,0,0,0,Standard,Standard,204,0.008,0.056,,,,,-0.056,,0,0,0.601,0.601,25,25,25,25,2,1,5,1,5,1,0.95,0.82,-0.82,53.6,,,,,
FS,2026-07-23,90.8,-1.31,6.05,"Bradley, Taj",677587,671737,,ball,,,,,11,,R,L,R,CLE,MIN,B,,,0,1,2026,-0.8,0.26,-0.5606108383918551,4.494150772889938,,,800050,0,4,Bot,,,,,,,3.617357624886933,-132.31781009346773,1.5838566077226508,-10.21993094334008,26.97077070692655,-29.674140759129184,3.068175853,1.548425197,,,,91.2,1824,6.4,824406,680777,668904,665019,686797,668952,668885,621439,807712,54.13,,,,,,,,26,2,Split-Finger,0,0,0,0,0,0,0,0,Standard,Standard,214,0.004,0.024,,,,,-0.024,,0,0,0.597,0.597,25,25,25,25,2,1,5,1,5,1,2.49,0.8,-0.8,51.1,,,,,
CU,2026-07-23,83.3,-1.18,6.17,"Bradley, Taj",677587,671737,,called_strike,,,,,1,,R,L,R,CLE,MIN,S,,,0,0,2026,0.32,-0.79,-0.3090212950869963,2.756044637392067,,,800050,0,4,Bot,,,,,,,1.3202363544507154,-121.31782230649075,0.3908171569729843,2.928243984696526,23.937053776345007,-40.26115928367478,3.068175853,1.548425197,,,,83.3,2334,6.2,824406,680777,668904,665019,686797,668952,668885,621439,807712,54.27,,,,,,,,26,1,Curveball,0,0,0,0,0,0,0,0,Standard,Standard,26,-0.006,-0.04,,,,,0.04,,0,0,0.603,0.603,25,25,25,25,2,1,5,1,5,1,4.07,-0.32,0.32,59.4,,,,,
FS,2026-07-23,93.3,-0.83,6.1,"Bradley, Taj",800050,671737,walk,ball,,,,,14,Chase DeLauter walks.,R,L,R,CLE,MIN,B,,,3,2,2026,-0.65,0.46,1.201954080522882,0.220653709390725,,,,0,4,Bot,,,,,,,6.633056586686367,-135.488426973822,-10.139369070572284,-9.428526322215015,27.645370689190297,-24.595107798223463,3.339361877,1.685285433,,,,93.8,1668,6.5,824406,680777,668904,665019,686797,668952,668885,621439,807712,53.97,,0.698492,0.7,1,0,0,,25,6,Split-Finger,0,0,0,0,0,0,0,0,Infield shade,Standard,220,0.037,0.362,,,,,-0.362,,0,0,0.566,0.566,25,24,25,25,2,1,5,1,5,1,2.16,0.65,-0.65,54.8,,,,,
FC,2026-07-23,90.7,-1.08,6.08,"Bradley, Taj",800050,671737,,ball,,,,,14,,R,L,R,CLE,MIN,B,,,2,2,2026,0.18,0.41,0.0337926819161454,0.3814363803584324,,,,0,4,Bot,,,,,,,2.3613592501016476,-131.90066890001546,-8.90113598379716,1.6170100886728227,28.82163501504455,-25.676750817453712,3.339361877,1.685285433,,,,90.6,2168,6.3,824406,680777,668904,665019,686797,668952,668885,621439,807712,54.18,,,,,,,,25,5,Cutter,0,0,0,0,0,0,0,0,Infield shade,Standard,177,0.01,0.113,,,,,-0.113,,0,0,0.556,0.556,25,24,25,25,2,1,5,1,5,1,2.37,-0.18,0.18,53.6,,,,,
CU,2026-07-23,84.1,-0.98,6.24,"Bradley, Taj",800050,671737,,foul,,,,,14,,R,L,R,CLE,MIN,S,,,2,1,2026,0.25,-0.76,0.1879508064416869,1.1891042705629538,,,,0,4,Bot,,,,,,,2.15660839124727,-122.59600266981268,-3.630081988253024,2.191046232742375,22.02173061558807,-39.386931829516705,3.339361877,1.685285433,,,,84.6,2512,6.3,824406,680777,668904,665019,686797,668952,668885,621439,807712,54.16,,,,,,,,25,4,Curveball,0,0,0,0,0,0,0,0,Infield shade,Standard,20,-0.008,-0.078,73.2,7.8,,,0.078,,0,0,0.564,0.564,25,24,25,25,2,1,5,1,5,1,3.94,-0.25,0.25,56.8,5.010826911142055,-3.419584898089241,39.906308072409345,35.276500457841,32.01630966673126
FS,2026-07-23,89.1,-1.06,6.12,"Bradley, Taj",800050,671737,,called_strike,,,,,4,,R,L,R,CLE,MIN,S,,,2,0,2026,-1.25,0.58,-0.6250162088206824,2.652726880326351,,,,0,4,Bot,,,,,,,3.758972122859363,-129.68772431359938,-3.5372649106327523,-14.862494649262404,27.492439925636003,-25.084259986651695,3.339361877,1.685285433,,,,89.6,1758,6.6,824406,680777,668904,665019,686797,668952,668885,621439,807712,53.86,,,,,,,,25,3,Split-Finger,0,0,0,0,0,0,0,0,Infield shade,Standard,213,-0.009,-0.075,,,,,0.075,,0,0,0.573,0.573,25,24,25,25,2,1,5,1,5,1,2.29,1.25,-1.25,58.1,,,,,
FF,2026-07-23,96.1,-1.14,6.09,"Bradley, Taj",800050,671737,,ball,,,,,13,,R,L,R,CLE,MIN,B,,,1,0,2026,-0.51,1.39,-1.0649613017832529,1.5718778115003156,,,,0,4,Bot,,,,,,,1.3679894554780092,-139.70658093253022,-9.325610663956288,-6.962542347945331,32.84986964998479,-12.059797672754229,3.339361877,1.685285433,,,,96.3,2244,6.6,824406,680777,668904,665019,686797,668952,668885,621439,807712,53.94,,,,,,,,25,2,4-Seam Fastball,0,0,0,0,0,0,0,0,Infield shade,Standard,201,0.009,0.082,,,,,-0.082,,0,0,0.564,0.564,25,24,25,25,2,1,5,1,5,1,1.09,0.51,-0.51,57.4,,,,,
CU,2026-07-23,81.3,-0.87,6.2,"Bradley, Taj",800050,671737,,ball,,,,,14,,R,L,R,CLE,MIN,B,,,0,0,2026,0.74,-0.84,0.7386973546216747,1.2056355345692218,,,,0,4,Bot,,,,,,,2.1120237564415767,-118.38579664459228,-2.610558097755765,6.464664086577458,25.64759158279558,-39.64410335831437,3.339361877,1.685285433,,,,81.1,2309,6.4,824406,680777,668904,665019,686797,668952,668885,621439,807712,54.09,,,,,,,,25,1,Curveball,0,0,0,0,0,0,0,0,Infield shade,Standard,25,0.004,0.043,,,,,-0.043,,0,0,0.56,0.56,25,24,25,25,2,1,5,1,5,1,4.32,-0.74,0.74,59.6,,,,,
SI,2026-07-23,99.2,-2.72,5.71,"Williams, Gavin",605137,668909,strikeout,swinging_strike,,,,,11,Josh Bell strikes out swinging.,R,L,R,CLE,MIN,S,2,,0,2,2026,-1.3,0.84,-1.1727626602630323,2.8182118409894215,,,,2,4,Top,,,,,,,7.375120803030248,-144.25105531046373,-4.304769387601095,-19.91760096388149,35.36576612824348,-19.646685693231827,3.334973753,1.683070866,,,,100.1,1904,7.0,824406,672275,700932,683953,608070,677587,680757,690984,800050,53.54,,0.0,0.0,1,0,0,,24,3,Sinker,0,0,0,0,0,0,0,0,Strategic,Standard,235,0.008,-0.154,61.0,7.3,0.238905756,,0.154,,0,0,0.552,0.448,26,33,27,34,2,1,5,1,5,1,1.49,1.3,-1.3,32.2,-4.958592566236158,41.528663117143104,25.523101594539796,51.29344888384159,-8.861366463174264
FF,2026-07-23,99.2,-2.5,6.1,"Williams, Gavin",605137,668909,,foul,,,,,12,,R,L,R,CLE,MIN,S,,,0,1,2026,-0.85,1.3,0.9339000484789636,2.945439401493855,,,,2,4,Top,,,,,,,11.40830952310616,-144.00885286004262,-6.144449823183489,-14.413852117530285,33.07056109956299,-12.769636026184944,3.334973753,1.683070866,64,60.7,5,100.3,2332,7.0,824406,672275,700932,683953,608070,677587,680757,690984,800050,53.49,,,,,,,,24,2,4-Seam Fastball,0,0,0,0,0,0,0,0,Infield shade,Standard,216,0.003,-0.062,44.8,5.9,,,0.062,88.0,0,0,0.549,0.451,26,33,27,34,2,1,5,1,5,1,1.03,0.85,-0.85,37.9,-11.237300726259589,28.20837702177918,34.740091926458064,24.5171640952821,8.487706602942488
CU,2026-07-23,82.7,-2.47,6.28,"Williams, Gavin",605137,668909,,called_strike,,,,,7,,R,L,R,CLE,MIN,S,,,0,0,2026,1.0,-1.41,-0.7205890803783003,1.9460753435908469,,,,2,4,Top,,,,,,,1.9440279332684465,-120.16097502897271,-0.0514483591576615,8.933639489711956,31.74378066217333,-45.758509828866984,3.334973753,1.683070866,,,,81.7,2428,6.6,824406,672275,700932,683953,608070,677587,680757,690984,800050,53.93,,,,,,,,24,1,Curveball,0,0,0,0,0,0,0,0,Infield shade,Standard,29,0.002,-0.044,,,,,0.044,,0,0,0.547,0.453,26,33,27,34,2,1,5,1,5,1,4.86,-1.0,1.0,46.6,,,,,
ST,2026-07-23,88.9,-2.55,6.13,"Williams, Gavin",680777,668909,strikeout,swinging_strike,,,,,14,Ryan Jeffers strikes out swinging.,R,R,R,CLE,MIN,S,2,,0,2,2026,1.17,-0.14,0.8869250555502686,0.9089562015474186,,,,1,4,Top,,,,,,,5.8460991245832705,-129.11566922710028,-6.077983144759788,11.463168260357284,31.323922993784333,-32.458301314089454,3.284949147,1.657824803,,,,88.8,2214,6.7,824406,672275,700932,683953,608070,677587,680757,690984,800050,53.81,,0.0,0.0,1,0,0,,23,3,Sweeper,0,0,0,0,0,0,0,0,Strategic,Strategic,42,0.012,-0.163,57.6,8.3,8.639427468,,0.163,,0,0,0.535,0.465,26,29,27,29,2,1,5,2,5,1,3.07,-1.17,-1.17,40.8,29.38641563635298,-34.02253050393388,35.86067622862159,41.49419877180677,46.829916034956625
ST,2026-07-23,87.9,-2.69,5.98,"Williams, Gavin",680777,668909,,swinging_strike,,,,,14,,R,R,R,CLE,MIN,S,,,0,1,2026,1.42,-0.5,1.7267377117959657,0.4150328685944742,,,,1,4,Top,,,,,,,7.636467701234437,-127.64358039714767,-5.98193152799555,13.554731409100118,29.611143390972735,-36.36041913489522,3.284949147,1.657824803,,,,88.2,2363,6.9,824406,672275,700932,683953,608070,677587,680757,690984,800050,53.64,,,,,,,,23,2,Sweeper,0,0,0,0,0,0,0,0,Strategic,Standard,45,0.005,-0.058,47.0,8.0,11.232284136,,0.058,,0,0,0.53,0.47,26,29,27,29,2,1,5,2,5,1,3.49,-1.42,-1.42,32.5,8.954517166451252,-4.670761021070035,30.5039454119398,53.21946954943768,36.293116128990505
ST,2026-07-23,88.6,-2.62,5.94,"Williams, Gavin",680777,668909,,swinging_strike,,,,,14,,R,R,R,CLE,MIN,S,,,0,0,2026,1.27,-0.27,1.3403694714472765,1.597230344811972,,,,1,4,Top,,,,,,,6.911640933076084,-128.8251231600521,-3.731290376252937,12.612872434780794,27.773688416328852,-34.55371708086081,3.284949147,1.657824803,,,,89.5,2356,6.9,824406,672275,700932,683953,608070,677587,680757,690984,800050,53.55,,,,,,,,23,1,Sweeper,0,0,0,0,0,0,0,0,Strategic,Standard,42,0.003,-0.041,73.3,8.7,10.496146716,,0.041,,0,0,0.527,0.473,26,29,27,29,2,1,5,2,5,1,3.19,-1.27,-1.27,33.8,31.419217005941995,-31.26224362926661,25.541624707048708,47.29961446634937,51.49139508926723
FF,2026-07-23,98.8,-2.54,5.86,"Williams, Gavin",621439,668909,strikeout,foul_tip,,,,,12,Byron Buxton strikes out on a foul tip.,R,R,R,CLE,MIN,S,2,,0,2,2026,-1.01,1.29,0.7902730697354889,4.036016002295234,,,,0,4,Top,,,,,,,11.47800260864138,-143.57260254221163,-2.4864292417843763,-16.430749288651196,30.039057582734344,-13.812965824515782,3.257742782,1.644094488,,,,100.5,2356,7.1,824406,672275,700932,683953,608070,677587,680757,690984,800050,53.42,,0.0,0.0,1,0,0,,22,3,4-Seam Fastball,0,0,0,0,0,0,0,0,Standard,Standard,220,0.016,-0.165,68.1,6.7,,,0.165,,0,0,0.511,0.489,26,32,27,33,2,1,5,2,5,1,1.03,1.01,1.01,32.4,2.0097006490458726,32.85513856263845,18.65797410209647,45.472752655250034,4.883454554255275
ST,2026-07-23,87.3,-2.64,6.07,"Williams, Gavin",621439,668909,,foul,,,,,12,,R,R,R,CLE,MIN,S,,,0,1,2026,1.08,-0.02,0.309779337287944,3.611524145622474,,,,0,4,Top,,,,,,,4.783787402490253,-126.88600255463322,0.6225792193718764,10.236443789603689,31.589234036751865,-32.79301664274495,3.257742782,1.644094488,,,,87.3,2252,6.8,824406,672275,700932,683953,608070,677587,680757,690984,800050,53.68,,,,,,,,22,2,Sweeper,0,0,0,0,0,0,0,0,Standard,Standard,54,0.007,-0.053,65.7,6.6,,,0.053,,0,0,0.504,0.496,26,32,27,33,2,1,5,2,5,1,3.07,-1.08,-1.08,32.9,6.387351168748155,13.55052467805231,22.582800883869133,39.1768958242999,17.798433786636988
SI,2026-07-23,96.0,-2.93,5.73,"Williams, Gavin",621439,668909,,called_strike,,,,,8,,R,R,R,CLE,MIN,S,,,0,0,2026,-1.36,0.64,-0.0321380973882001,2.0356981880180305,,,,0,4,Top,,,,,,,10.843088869563202,-139.40961603213083,-5.4818227624261056,-20.112653581629733,30.16985465815969,-22.771900040086155,3.257742782,1.644094488,,,,97.3,2136,7.1,824406,672275,700932,683953,608070,677587,680757,690984,800050,53.43,,,,,,,,22,1,Sinker,0,0,0,0,0,0,0,0,Standard,Standard,233,0.004,-0.042,,,,,0.042,,0,0,0.5,0.5,26,32,27,33,2,1,5,2,5,1,1.84,1.36,1.36,29.1,,,,,
CU,2026-07-23,85.5,-1.26,6.11,"Bradley, Taj",608070,671737,field_out,hit_into_play,,,,,13,José Ramírez grounds out to first baseman Royce Lewis.,R,L,R,CLE,MIN,X,3,ground_ball,0,2,2026,0.12,-1.04,-0.3356326195255443,1.372809324968994,,,680757,2,3,Bot,150.66,174.64,,,,,1.9023624874051857,-124.47583739123375,-2.4624380557995336,0.8940094908967098,25.686130885551027,-42.71558504803554,3.034826116,1.531594488,27,81.1,-1,85.5,2636,6.3,824406,680777,668904,665019,686797,668952,668885,621439,807712,54.2,0.133,0.123,0.0,1,0,0,2,21,3,Curveball,0,0,0,0,0,0,0,0,Standard,Standard,27,-0.016,-0.175,63.6,7.6,,0.146,0.175,88.0,0,0,0.516,0.516,25,33,25,34,2,1,5,1,5,2,4.17,-0.12,0.12,56.8,16.78044757141937,-14.05289122263762,33.21569079036355,34.891994398209434,38.11126338213744
FS,2026-07-23,92.0,-1.32,6.09,"Bradley, Taj",608070,671737,,foul,,,,,5,,R,L,R,CLE,MIN,S,,,0,1,2026,-0.51,0.35,-0.2462411192289144,2.1214378638375115,,,680757,2,3,Bot,,,,,,,3.820098149991219,-133.8998199007441,-4.764559716613132,-6.975653240887228,29.09768801075538,-27.171197512264005,3.034826116,1.531594488,222,76.6,22,92.2,1815,6.4,824406,680777,668904,665019,686797,668952,668885,621439,807712,54.08,,,,,,,,21,2,Split-Finger,0,0,0,0,0,0,0,0,Standard,Standard,210,-0.006,-0.06,65.4,6.8,,,0.06,88.0,0,0,0.522,0.522,25,33,25,34,2,1,5,1,5,2,2.35,0.51,-0.51,54.3,-3.3543368807763163,15.05169430827205,35.29321618039735,36.03005256120701,18.336406279149625
FC,2026-07-23,91.4,-1.3,6.09,"Bradley, Taj",608070,671737,,foul,,,,,6,,R,L,R,CLE,MIN,S,,,0,0,2026,0.23,0.65,0.4697475907587503,2.4880426584138595,,,680757,2,3,Bot,,,,,,,3.879419651140229,-133.07501356238308,-4.41816558649216,1.9810659749340689,27.622130214668463,-23.701171877220258,3.034826116,1.531594488,10,89.8,-14,91.6,2084,6.3,824406,680777,668904,665019,686797,668952,668885,621439,807712,54.22,,,,,,,,21,1,Cutter,0,0,0,0,0,0,0,0,Standard,Standard,175,-0.004,-0.04,70.9,7.5,,,0.04,89.8,0,0,0.526,0.526,25,33,25,34,2,1,5,1,5,2,2.07,-0.23,0.23,59.0,13.936712509819971,-27.177725098306777,29.771605738074864,27.55478680436034,40.12459526580088
FF,2026-07-23,96.7,-0.98,6.07,"Bradley, Taj",680757,671737,single,hit_into_play,,,,,2,Steven Kwan singles on a line drive to left fielder Austin Martin.,R,L,R,CLE,MIN,X,7,line_drive,1,1,2026,-0.49,1.38,-0.1230344636594665,2.836835907535341,,,,2,3,Bot,80.82,102.08,,,,,3.3869501031727367,-140.82441245074378,-6.151746167683621,-7.195352773259714,28.065721209518276,-12.62334991421134,3.02253937,1.525393701,174,87.5,12,97.7,2332,6.5,824406,680777,668904,665019,686797,668952,668885,621439,807712,53.98,0.726,0.698,0.9,1,1,0,4,20,3,4-Seam Fastball,0,0,0,0,0,0,0,0,Standard,Standard,206,0.015,0.347,61.8,5.5,,0.82,-0.347,88.0,0,0,0.511,0.511,25,28,25,29,2,1,5,1,5,2,1.03,0.49,-0.49,56.4,-5.178829014613806,11.039417047830453,33.72635500560109,31.904929186166967,22.89844058411915
FS,2026-07-23,92.0,-1.18,6.04,"Bradley, Taj",680757,671737,,swinging_strike,,,,,13,,R,L,R,CLE,MIN,S,,,1,0,2026,-1.12,0.51,-0.7697696481510632,0.92136830560611,,,,2,3,Bot,,,,,,,3.524210984146059,-133.79153803336678,-8.064352651105153,-14.28652641737425,26.68771692887439,-24.551906954832617,3.02253937,1.525393701,,,,92.6,1843,6.5,824406,680777,668904,665019,686797,668952,668885,621439,807712,53.99,,,,,,,,20,2,Split-Finger,0,0,0,0,0,0,0,0,Standard,Standard,223,-0.002,-0.056,68.9,6.7,0.973448796,,0.056,,0,0,0.513,0.513,25,28,25,29,2,1,5,1,5,2,2.17,1.12,-1.12,54.8,-1.071977233330018,5.6811837894462265,41.927285823746615,40.053540649733876,28.35330973447067
CU,2026-07-23,84.9,-0.96,6.21,"Bradley, Taj",680757,671737,,ball,,,,,14,,R,L,R,CLE,MIN,B,,,0,0,2026,0.08,-0.76,0.3383631543876499,-0.1676287585406752,,,,2,3,Bot,,,,,,,2.827215064691348,-123.6221305370043,-6.779613865652612,0.2971536541327854,24.215055247602866,-38.81381885970534,3.02253937,1.525393701,,,,85.1,2428,6.4,824406,680777,668904,665019,686797,668952,668885,621439,807712,54.15,,,,,,,,20,1,Curveball,0,0,0,0,0,0,0,0,Standard,Standard,25,0.001,0.041,,,,,-0.041,,0,0,0.512,0.512,25,28,25,29,2,1,5,1,5,2,3.91,-0.08,0.08,60.2,,,,,
FF,2026-07-23,95.8,-1.05,6.09,"Bradley, Taj",690984,671737,field_out,hit_into_play,,,,,5,Petey Halpin pops out to third baseman Brooks Lee in foul territory.,R,L,R,CLE,MIN,X,5,popup,3,1,2026,-0.6,1.37,0.2251999126641097,2.2815920529798843,,,,1,3,Bot,85.31,175.85,,,,,4.733667777614725,-139.33212503630207,-7.373875281789318,-8.960574360604571,32.5078156553087,-12.80740325115041,3.18402231,1.606889764,150,87.0,67,96.1,2193,6.6,824406,680777,668904,665019,686797,668952,668885,621439,807712,53.92,0.003,0.003,0.0,1,0,0,3,19,5,4-Seam Fastball,0,0,0,0,0,0,0,0,Standard,Standard,205,-0.029,-0.439,73.3,7.4,,0.003,0.439,88.0,0,0,0.541,0.541,25,24,25,24,1,0,5,1,5,1,1.12,0.6,-0.6,57.0,12.785380400992038,-14.462010415944455,34.977606871895915,29.08741383577055,35.894586572550224
FF,2026-07-23,97.8,-0.9,6.23,"Bradley, Taj",690984,671737,,ball,,,,,11,,R,L,R,CLE,MIN,B,,,2,1,2026,-0.63,1.5,-0.9643671617003488,3.6236093510194034,,,,1,3,Bot,,,,,,,1.302830204009522,-142.39078230832638,-4.86642721823202,-8.796131689838534,34.617699120875905,-10.9091714275102,3.18402231,1.606889764,,,,97.9,2242,6.4,824406,680777,668904,665019,686797,668952,668885,621439,807712,54.05,,,,,,,,19,4,4-Seam Fastball,0,0,0,0,0,0,0,0,Standard,Standard,200,0.008,0.128,,,,,-0.128,,0,0,0.533,0.533,25,24,25,24,1,0,5,1,5,1,0.89,0.63,-0.63,57.3,,,,,
FF,2026-07-23,96.0,-0.97,6.11,"Bradley, Taj",690984,671737,,swinging_strike,,,,,4,,R,L,R,CLE,MIN,S,,,2,0,2026,-0.86,1.2,-0.6985048466240231,2.4665838714267396,,,,1,3,Bot,,,,,,,2.6956165570403483,-139.62523184972696,-6.526771646275836,-11.868029374819589,34.97780974132087,-15.238069975221276,3.18402231,1.606889764,,,,95.7,2239,6.4,824406,680777,668904,665019,686797,668952,668885,621439,807712,54.08,,,,,,,,19,3,4-Seam Fastball,0,0,0,0,0,0,0,0,Standard,Standard,204,-0.005,-0.069,74.2,6.6,0.93029976,,0.069,,0,0,0.538,0.538,25,24,25,24,1,0,5,1,5,1,1.3,0.86,-0.86,59.2,-4.036504116678059,17.21104868927502,32.74426396157176,39.59131775950872,18.941332808409403
FF,2026-07-23,95.5,-1.04,6.17,"Bradley, Taj",690984,671737,,ball,,,,,11,,R,L,R,CLE,MIN,B,,,1,0,2026,-0.53,1.47,-1.827731768285273,2.6982678102029505,,,,1,3,Bot,,,,,,,-0.8341661794054244,-138.85019985239293,-6.616593094905942,-6.58885858905567,34.14574038634459,-11.907743117123506,3.18402231,1.606889764,,,,95.2,2231,6.4,824406,680777,668904,665019,686797,668952,668885,621439,807712,54.11,,,,,,,,19,2,4-Seam Fastball,0,0,0,0,0,0,0,0,Standard,Standard,201,0.005,0.076,,,,,-0.076,,0,0,0.533,0.533,25,24,25,24,1,0,5,1,5,1,1.05,0.53,-0.53,56.4,,,,,
FF,2026-07-23,96.9,-0.93,6.25,"Bradley, Taj",690984,671737,,ball,,,,,11,,R,L,R,CLE,MIN,B,,,0,0,2026,-0.24,1.54,-1.6083505345682287,4.3366738970539105,,,,1,3,Bot,,,,,,,-1.2204138376202474,-141.1892038678941,-2.9952931722136436,-2.951617175894281,33.05030272448577,-11.089108413453468,3.18402231,1.606889764,,,,97.0,2204,6.4,824406,680777,668904,665019,686797,668952,668885,621439,807712,54.14,,,,,,,,19,1,4-Seam Fastball,0,0,0,0,0,0,0,0,Standard,Standard,199,0.003,0.041,,,,,-0.041,,0,0,0.53,0.53,25,24,25,24,1,0,5,1,5,1,0.88,0.24,-0.24,55.1,,,,,
CU,2026-07-23,81.7,-0.99,6.25,"Bradley, Taj",672275,671737,field_out,hit_into_play,,,,,4,Patrick Bailey pops out to shortstop Ryan Kreidler.,R,L,R,CLE,MIN,X,6,popup,1,1,2026,0.04,-0.4,-0.7113431380576002,2.6586719507182988,,,,0,3,Bot,125.47,108.41,,,,,0.535747786689659,-119.07962877467988,-0.5768005522184784,0.3082067218041997,21.1990129244712,-36.103429513193646,3.22351542,1.626820866,228,69.2,33,81.9,2269,6.1,824406,680777,668904,665019,686797,668952,668885,621439,807712,54.36,0.846,0.771,0.0,1,0,0,4,18,3,Curveball,0,0,0,0,0,0,0,0,Standard,Standard,19,-0.024,-0.248,69.5,8.0,,0.899,0.248,88.0,0,0,0.554,0.554,25,27,25,27,1,0,5,1,5,2,3.78,-0.04,0.04,57.3,15.937944905201332,-21.305557208619124,24.75851886391199,43.56397149292641,42.9266950510783
CU,2026-07-23,82.7,-1.27,6.22,"Bradley, Taj",672275,671737,,ball,,,,,11,,R,L,R,CLE,MIN,B,,,0,1,2026,0.29,-0.73,-1.3572811782599234,4.188935254718217,,,,0,3,Bot,,,,,,,-0.7634219785841995,-120.35489399604106,3.4394586778505714,2.9657217978734756,22.58905030634733,-40.15076484622006,3.22351542,1.626820866,,,,82.5,2357,6.1,824406,680777,668904,665019,686797,668952,668885,621439,807712,54.43,,,,,,,,18,2,Curveball,0,0,0,0,0,0,0,0,Standard,Standard,30,0.003,0.03,,,,,-0.03,,0,0,0.551,0.551,25,27,25,27,1,0,5,1,5,2,4.05,-0.29,0.29,56.8,,,,,
FS,2026-07-23,91.2,-1.04,6.14,"Bradley, Taj",672275,671737,,foul,,,,,11,,R,L,R,CLE,MIN,S,,,0,0,2026,-1.06,0.55,-0.9789289237339844,2.965136755347939,,,,0,3,Bot,,,,,,,2.4943664865971926,-132.96091452205332,-3.169803101658953,-13.197463404732892,26.069165059260133,-25.225265828862945,3.22351542,1.626820866,161,63.9,63,91.9,1717,6.4,824406,680777,668904,665019,686797,668952,668885,621439,807712,54.09,,,,,,,,18,1,Split-Finger,0,0,0,0,0,0,0,0,Standard,Standard,214,-0.004,-0.042,65.6,7.5,,,0.042,88.0,0,0,0.555,0.555,25,27,25,27,1,0,5,1,5,2,2.16,1.06,-1.06,53.7,12.251010024038129,-3.656254072148521,23.833384864487495,45.38234924165718,34.38661179507504
FF,2026-07-23,99.9,-2.65,5.8,"Williams, Gavin",686797,668909,field_out,hit_into_play,,,,,12,Brooks Lee pops out softly to catcher Patrick Bailey.,R,L,R,CLE,MIN,X,2,popup,3,2,2026,-0.93,1.32,1.4113243283942367,2.6105933481993464,,,,2,3,Top,125.66,203.0,,,,,13.38951532661066,-144.69189223478975,-6.368983598118877,-16.310854593863574,34.900223746002226,-12.206042457775665,3.208595801,1.619291339,3,50.0,86,100.5,2366,7.0,824406,672275,700932,683953,608070,677587,680757,690984,800050,53.53,0.006,0.005,0.0,1,0,0,1,17,6,4-Seam Fastball,0,0,0,0,0,0,0,0,Strategic,Standard,219,0.014,-0.304,64.0,5.9,,0.006,0.304,88.0,0,0,0.541,0.459,26,25,27,25,2,1,5,1,5,1,0.99,0.93,-0.93,31.6,6.017663427707,0.8978135370780385,36.74916594493256,21.839530594621912,23.065839214131213
CU,2026-07-23,83.8,-2.42,6.22,"Williams, Gavin",686797,668909,,swinging_strike,,,,,14,,R,L,R,CLE,MIN,S,,,3,1,2026,0.58,-1.36,0.3234288676965841,1.010653078705544,,,,2,3,Top,,,,,,,5.126030200434436,-121.9121626089054,-2.5092874362998216,4.558920110251867,28.17614840811976,-45.20397459502682,3.208595801,1.619291339,,,,83.8,2453,6.7,824406,672275,700932,683953,608070,677587,680757,690984,800050,53.77,,,,,,,,17,5,Curveball,0,0,0,0,0,0,0,0,Strategic,Standard,28,0.003,-0.098,68.5,8.5,9.672263784,,0.098,,0,0,0.538,0.462,26,25,27,25,2,1,5,1,5,1,4.65,-0.58,0.58,42.9,28.388270576420233,-45.924054588383754,32.22523601186755,35.86173837670992,57.34141624560222
SI,2026-07-23,99.5,-2.75,5.72,"Williams, Gavin",686797,668909,,ball,,,,,14,,R,L,R,CLE,MIN,B,,,2,1,2026,-1.44,0.82,0.8262888377577879,1.1180797812032512,,,,2,3,Top,,,,,,,13.259269239065162,-144.02384412374053,-8.973920297725577,-23.10011222555517,33.596624159500756,-18.6805550759226,3.208595801,1.619291339,,,,100.5,2150,7.2,824406,672275,700932,683953,608070,677587,680757,690984,800050,53.35,,,,,,,,17,4,Sinker,0,0,0,0,0,0,0,0,Strategic,Standard,231,-0.004,0.099,,,,,-0.099,,0,0,0.542,0.458,26,25,27,25,2,1,5,1,5,1,1.51,1.44,-1.44,28.5,,,,,
SI,2026-07-23,98.5,-2.74,5.7,"Williams, Gavin",686797,668909,,ball,,,,,14,,R,L,R,CLE,MIN,B,,,1,1,2026,-1.37,0.87,1.0324795049314774,0.5130291532463152,,,,2,3,Top,,,,,,,13.435053620678875,-142.48762162544844,-10.452981570963711,-21.70296050866348,32.5483843487167,-17.875922117278883,3.208595801,1.619291339,,,,99.2,2200,7.0,824406,672275,700932,683953,608070,677587,680757,690984,800050,53.53,,,,,,,,17,3,Sinker,0,0,0,0,0,0,0,0,Strategic,Standard,232,-0.002,0.056,,,,,-0.056,,0,0,0.544,0.456,26,25,27,25,2,1,5,1,5,1,1.5,1.37,-1.37,28.7,,,,,
FF,2026-07-23,100.0,-2.43,5.86,"Williams, Gavin",686797,668909,,ball,,,,,14,,R,L,R,CLE,MIN,B,,,0,1,2026,-0.94,1.21,1.3035425771244638,2.252823973127451,,,,2,3,Top,,,,,,,12.531412210637615,-144.86465254164133,-7.247247433735865,-16.235788153872765,35.18059014948106,-13.560534176917391,3.208595801,1.619291339,,,,100.7,2292,7.0,824406,672275,700932,683953,608070,677587,680757,690984,800050,53.48,,,,,,,,17,2,4-Seam Fastball,0,0,0,0,0,0,0,0,Strategic,Standard,221,-0.001,0.029,,,,,-0.029,,0,0,0.545,0.455,26,25,27,25,2,1,5,1,5,1,1.1,0.94,-0.94,33.4,,,,,
CU,2026-07-23,83.0,-2.33,6.23,"Williams, Gavin",686797,668909,,foul,,,,,5,,R,L,R,CLE,MIN,S,,,0,0,2026,0.76,-1.12,0.229883928146846,2.366671374134133,,,,2,3,Top,,,,,,,4.303148099485017,-120.67648024225538,0.2523902583037469,6.3019495327098,27.67803485478511,-43.31535882433556,3.208595801,1.619291339,180,92.2,14,83.1,2341,6.8,824406,672275,700932,683953,608070,677587,680757,690984,800050,53.72,,,,,,,,17,1,Curveball,0,0,0,0,0,0,0,0,Standard,Standard,27,0.002,-0.044,69.2,7.6,,,0.044,92.2,0,0,0.543,0.457,26,25,27,25,2,1,5,1,5,1,4.49,-0.76,0.76,41.7,21.50951697125858,-25.54296460605604,26.41346475910201,35.73848425941134,42.29447880142659
ST,2026-07-23,88.3,-2.76,5.71,"Williams, Gavin",668952,668909,field_out,hit_into_play,,,,,9,Ryan Kreidler lines out to left fielder Steven Kwan.,R,R,R,CLE,MIN,X,7,line_drive,1,2,2026,1.08,-0.41,0.5525831372584881,2.0863861066516867,,,,1,3,Top,96.99,100.23,,,,,5.727619093440828,-128.49068689229546,-1.63602853938699,10.77596364814778,27.076908520805286,-36.61371752396632,3.340239501,1.685728347,257,76.3,26,89.5,2181,7.1,824406,672275,700932,683953,608070,677587,680757,690984,800050,53.45,0.634,0.609,0.0,1,0,0,4,16,4,Sweeper,0,0,0,0,0,0,0,0,Standard,Strategic,55,0.013,-0.183,73.9,8.0,,0.743,0.183,88.0,0,0,0.53,0.47,26,28,27,29,1,0,5,1,5,1,3.34,-1.08,-1.08,28.6,13.016544863763311,-10.459502987873234,31.713960718942587,42.27033565633769,40.30016611913959
CU,2026-07-23,83.5,-2.37,6.21,"Williams, Gavin",668952,668909,,foul_tip,,,,,4,,R,R,R,CLE,MIN,S,,,1,1,2026,0.74,-1.42,-0.5068650727312253,2.6092986660248663,,,,1,3,Top,,,,,,,2.77170661225277,-121.51016582031666,1.337698920607948,6.610117994217146,27.471007500996972,-46.61674475825641,3.340239501,1.685728347,,,,83.7,2384,6.8,824406,672275,700932,683953,608070,677587,680757,690984,800050,53.73,,,,,,,,16,3,Curveball,0,0,0,0,0,0,0,0,Standard,Standard,24,0.004,-0.071,72.4,7.8,,,0.071,,0,0,0.526,0.474,26,28,27,29,1,0,5,1,5,1,4.73,-0.74,-0.74,41.1,16.823739614104895,-18.60994789994865,29.636022679527745,30.540953597069052,38.87871026972611
CU,2026-07-23,83.2,-2.49,6.11,"Williams, Gavin",668952,668909,,swinging_strike,,,,,5,,R,R,R,CLE,MIN,S,,,1,0,2026,0.78,-1.5,-0.0809422454081328,2.4279382170992383,,,,1,3,Top,,,,,,,3.936924415421992,-121.0154564380257,1.428878083687085,6.577707527788857,28.776400838599443,-47.30568633839331,3.340239501,1.685728347,,,,83.1,2310,6.8,824406,672275,700932,683953,608070,677587,680757,690984,800050,53.74,,,,,,,,16,2,Curveball,0,0,0,0,0,0,0,0,Standard,Standard,30,0.004,-0.049,74.5,8.0,1.224419388,,0.049,,0,0,0.522,0.478,26,28,27,29,1,0,5,1,5,1,4.86,-0.78,-0.78,38.2,21.514435788184624,-21.934458840143304,28.27830923781879,34.62484601969109,46.020836838249394
ST,2026-07-23,86.9,-2.87,5.87,"Williams, Gavin",668952,668909,,ball,,,,,11,,R,R,R,CLE,MIN,B,,,0,0,2026,1.3,-0.56,-1.26156237362149,3.96537933087022,,,,1,3,Top,,,,,,,1.0825184580213127,-126.39060563229086,3.1018630568339884,13.509294182322211,29.797513814161853,-39.050034327987085,3.340239501,1.685728347,,,,87.1,2259,6.8,824406,672275,700932,683953,608070,677587,680757,690984,800050,53.68,,,,,,,,16,1,Sweeper,0,0,0,0,0,0,0,0,Standard,Standard,56,-0.003,0.041,,,,,-0.041,,0,0,0.525,0.475,26,28,27,29,1,0,5,1,5,1,3.62,-1.3,-1.3,31.1,,,,,
FF,2026-07-23,99.5,-2.63,5.85,"Williams, Gavin",807712,668909,field_out,hit_into_play,,,,,12,Luke Keaschall flies out to right fielder Chase DeLauter.,R,R,R,CLE,MIN,X,9,fly_ball,1,2,2026,-0.79,0.99,0.6469078456121288,3.518016361160733,,,,0,3,Top,176.29,85.99,,,,,10.88215494484594,-144.58385721020497,-3.215427174252012,-13.529203484814932,32.36015531855307,-17.73503576105353,3.213861549,1.621948819,307,92.7,37,100.9,2314,7.0,824406,672275,700932,683953,608070,677587,680757,690984,800050,53.45,0.049,0.079,0.0,1,0,0,3,15,7,4-Seam Fastball,0,0,0,0,0,0,0,0,Strategic,Standard,222,0.018,-0.186,71.2,6.0,,0.141,0.186,92.7,0,0,0.507,0.493,26,23,27,24,1,0,5,1,5,1,1.31,0.79,0.79,33.2,6.960055829483141,5.55814139984416,24.982073095291017,40.49487390993351,27.89149059357625
ST,2026-07-23,89.2,-2.68,5.9,"Williams, Gavin",807712,668909,,foul,,,,,6,,R,R,R,CLE,MIN,S,,,1,2,2026,1.37,-0.33,0.5767640240013499,2.6135527291510843,,,,0,3,Top,,,,,,,5.025644601128515,-129.87035737728127,-1.0957215737392616,14.292480378494906,29.25330484138886,-35.88117079921369,3.213861549,1.621948819,187,69.5,40,90.1,2387,7.0,824406,672275,700932,683953,608070,677587,680757,690984,800050,53.5,,,,,,,,15,6,Sweeper,0,0,0,0,0,0,0,0,Strategic,Standard,52,0.0,0.0,62.7,5.9,,,0.0,88.0,0,0,0.507,0.493,26,23,27,24,1,0,5,1,5,1,3.21,-1.37,-1.37,32.2,-9.000259296472517,2.3994507847541,30.461277719183236,39.284115917639866,27.14571769988205
ST,2026-07-23,89.6,-2.65,5.86,"Williams, Gavin",807712,668909,,foul,,,,,14,,R,R,R,CLE,MIN,S,,,1,2,2026,1.36,-0.02,1.6600559988503485,2.1332020270736445,,,,0,3,Top,,,,,,,7.658683491596522,-130.16322499908063,-2.8259154749286166,13.357331200458802,32.529177828560975,-31.901140124189585,3.213861549,1.621948819,10,61.9,-12,89.9,2314,7.0,824406,672275,700932,683953,608070,677587,680757,690984,800050,53.49,,,,,,,,15,5,Sweeper,0,0,0,0,0,0,0,0,Strategic,Standard,50,0.0,0.0,63.3,7.4,,,0.0,88.0,0,0,0.507,0.493,26,23,27,24,1,0,5,1,5,1,2.91,-1.36,-1.36,32.7,16.630315573775334,-16.865926828435768,33.43657787432515,50.987390713498776,39.72927810403692
FF,2026-07-23,99.7,-2.54,5.99,"Williams, Gavin",807712,668909,,foul,,,,,12,,R,R,R,CLE,MIN,S,,,1,2,2026,-0.56,1.31,0.8206273119301996,3.649584511331846,,,,0,3,Top,,,,,,,10.545747174237777,-144.64768636077724,-3.9565315789310898,-10.539790313732675,37.25468376113942,-13.0463453667107,3.213861549,1.621948819,262,81.0,31,100.1,2357,6.9,824406,672275,700932,683953,608070,677587,680757,690984,800050,53.6,,,,,,,,15,4,4-Seam Fastball,0,0,0,0,0,0,0,0,Strategic,Standard,228,0.0,0.0,59.5,5.6,,,0.0,88.0,0,0,0.507,0.493,26,23,27,24,1,0,5,1,5,1,1.01,0.56,0.56,34.2,1.8688370748388263,18.3482619990009,28.309605715748553,43.162080867087894,19.617761788553537
ST,2026-07-23,88.1,-2.57,6.03,"Williams, Gavin",807712,668909,,called_strike,,,,,3,,R,R,R,CLE,MIN,S,,,1,1,2026,1.24,-0.28,0.8029006622750529,2.9420500786530104,,,,0,3,Top,,,,,,,5.51625954737665,-128.07069363823672,-0.5065569709811536,12.218510335088816,30.096732069712928,-35.30203614105709,3.213861549,1.621948819,,,,88.4,2372,6.9,824406,672275,700932,683953,608070,677587,680757,690984,800050,53.62,,,,,,,,15,3,Sweeper,0,0,0,0,0,0,0,0,Standard,Standard,45,0.006,-0.061,,,,,0.061,,0,0,0.501,0.499,26,23,27,24,1,0,5,1,5,1,3.25,-1.24,-1.24,32.9,,,,,
CU,2026-07-23,82.5,-2.62,6.04,"Williams, Gavin",807712,668909,,swinging_strike,,,,,13,,R,R,R,CLE,MIN,S,,,1,0,2026,0.85,-1.28,-0.2137815946223349,1.315555896493609,,,,0,3,Top,,,,,,,3.7380024584564815,-120.06553277350903,-1.3446168735738888,7.314873276670471,26.82377055724099,-44.37052822940633,3.213861549,1.621948819,,,,82.8,2383,6.8,824406,672275,700932,683953,608070,677587,680757,690984,800050,53.7,,,,,,,,15,2,Curveball,0,0,0,0,0,0,0,0,Standard,Standard,33,0.005,-0.056,69.1,7.6,2.722965852,,0.056,,0,0,0.496,0.504,26,23,27,24,1,0,5,1,5,1,4.67,-0.85,-0.85,40.7,29.66880103423205,-32.48798811399088,39.9234094809203,30.051610226753223,52.16829447082123
FF,2026-07-23,98.0,-2.57,5.91,"Williams, Gavin",807712,668909,,ball,,,,,12,,R,R,R,CLE,MIN,B,,,0,0,2026,-0.53,1.27,0.9646615594815424,3.145628204088974,,,,0,3,Top,,,,,,,10.794451581740608,-142.26979617530105,-4.836802736292446,-9.570362224480863,31.33112487049384,-13.95920667494596,3.213861549,1.621948819,,,,99.4,2303,7.1,824406,672275,700932,683953,608070,677587,680757,690984,800050,53.39,,,,,,,,15,1,4-Seam Fastball,0,0,0,0,0,0,0,0,Standard,Standard,221,-0.004,0.043,,,,,-0.043,,0,0,0.5,0.5,26,23,27,24,1,0,5,1,5,1,1.11,0.53,0.53,35.9,,,,,
FF,2026-07-23,97.3,-1.11,6.19,"Bradley, Taj",700932,671737,field_out,hit_into_play,,,,,2,Kyle Manzardo flies out sharply to left fielder Austin Martin.,R,L,R,CLE,MIN,X,7,fly_ball,2,0,2026,-0.54,1.47,-0.1889258857321469,2.8595071870508435,,,,2,2,Bot,63.21,65.98,,,,,3.726916992411936,-141.5092482448588,-6.620249162768175,-8.148828870190446,33.52561443796539,-11.114481057112847,3.187532808,1.608661417,363,100.3,27,97.5,2198,6.5,824406,680777,668904,665019,686797,668952,668885,621439,807712,53.98,0.511,0.871,0.0,1,0,0,6,14,3,4-Seam Fastball,0,0,0,0,0,0,0,0,Infield shade,Standard,199,-0.015,-0.366,66.3,6.8,,1.61,0.366,100.3,0,0,0.515,0.515,25,25,25,26,1,0,5,1,5,2,0.95,0.54,-0.54,55.3,23.879587605944728,19.639825155163532,32.73303338689858,42.72494563649745,23.663173331024012
FC,2026-07-23,91.3,-1.18,6.18,"Bradley, Taj",700932,671737,,ball,,,,,11,,R,L,R,CLE,MIN,B,,,1,0,2026,0.14,0.56,-0.923613247814022,2.9532587122561393,,,,2,2,Bot,,,,,,,0.3461049263010803,-133.03571849474042,-3.300627962851326,1.5503898442133834,27.000408196556396,-25.050362920745613,3.187532808,1.608661417,,,,91.5,2157,6.2,824406,680777,668904,665019,686797,668952,668885,621439,807712,54.28,,,,,,,,14,2,Cutter,0,0,0,0,0,0,0,0,Infield shade,Standard,151,0.003,0.065,,,,,-0.065,,0,0,0.512,0.512,25,25,25,26,1,0,5,1,5,2,2.16,-0.14,0.14,56.0,,,,,
CU,2026-07-23,84.6,-1.03,6.13,"Bradley, Taj",700932,671737,,ball,,,,,13,,R,L,R,CLE,MIN,B,,,0,0,2026,0.18,-0.86,-0.1808529154386026,0.3535316596281692,,,,2,2,Bot,,,,,,,1.5945109951750436,-123.26053309881132,-5.106871218826186,1.524092012818373,24.246182761647816,-40.20066244043744,3.187532808,1.608661417,,,,84.8,2422,6.3,824406,680777,668904,665019,686797,668952,668885,621439,807712,54.19,,,,,,,,14,1,Curveball,0,0,0,0,0,0,0,0,Infield shade,Standard,23,0.001,0.041,,,,,-0.041,,0,0,0.511,0.511,25,25,25,26,1,0,5,1,5,2,4.04,-0.18,0.18,58.5,,,,,
FS,2026-07-23,93.3,-1.11,6.24,"Bradley, Taj",656555,671737,field_out,hit_into_play,,,,,4,Rhys Hoskins pops out to second baseman Kody Clemens.,R,R,R,CLE,MIN,X,4,popup,1,2,2026,-1.1,1.02,-0.3226166917658664,2.6926479680927575,,,,1,2,Bot,147.96,135.42,,,,,4.456222830854437,-135.88464993856306,-5.538320226977856,-14.577879762446148,25.363365716781583,-18.471102338111244,3.334096129,1.682627953,173,64.6,45,94.2,1933,6.4,824406,680777,668904,665019,686797,668952,668885,621439,807712,54.08,0.231,0.208,0.0,1,0,0,3,13,6,Split-Finger,0,0,0,0,0,0,0,0,Standard,Standard,213,-0.012,-0.183,,,,0.231,0.183,88.0,0,0,0.523,0.523,25,33,25,33,1,0,5,2,5,1,1.56,1.1,1.1,55.8,,,,,
FF,2026-07-23,98.8,-0.99,6.24,"Bradley, Taj",656555,671737,,foul,,,,,1,,R,R,R,CLE,MIN,S,,,1,2,2026,-0.53,1.54,-0.4415224704118182,2.8312658003222717,,,,1,2,Bot,,,,,,,2.7303871225093483,-143.8540647096156,-7.313873560233396,-7.98056552103328,32.141935273501126,-9.299269221367052,3.334096129,1.682627953,95,67.8,79,99.2,2394,6.4,824406,680777,668904,665019,686797,668952,668885,621439,807712,54.09,,,,,,,,13,5,4-Seam Fastball,0,0,0,0,0,0,0,0,Standard,Standard,200,0.0,0.0,72.4,7.9,,,0.0,88.0,0,0,0.523,0.523,25,33,25,33,1,0,5,2,5,1,0.79,0.53,0.53,59.1,13.04342268788831,-0.0262412476255357,33.79365662899463,30.177206844808143,28.743755260913453
FC,2026-07-23,92.9,-1.0,6.18,"Bradley, Taj",656555,671737,,foul,,,,,9,,R,R,R,CLE,MIN,S,,,1,2,2026,0.27,0.63,0.3027258781219524,1.892411437817958,,,,1,2,Bot,,,,,,,2.701637408609902,-135.27097053386098,-6.463619562784359,2.801018929487884,25.019035632946043,-23.306701935357943,3.334096129,1.682627953,176,72.9,66,93.8,2199,6.4,824406,680777,668904,665019,686797,668952,668885,621439,807712,54.08,,,,,,,,13,4,Cutter,0,0,0,0,0,0,0,0,Standard,Standard,166,0.0,0.0,70.5,8.7,,,0.0,88.0,0,0,0.523,0.523,25,33,25,33,1,0,5,2,5,1,1.97,-0.27,-0.27,62.2,15.68790042404983,-6.628566779917761,33.879022445398604,39.13647154410277,33.33422479298153
FF,2026-07-23,98.4,-1.18,6.22,"Bradley, Taj",656555,671737,,ball,,,,,11,,R,R,R,CLE,MIN,B,,,0,2,2026,-0.45,1.37,-0.8233809245847484,3.959623170981696,,,,1,2,Bot,,,,,,,2.0231058244465436,-143.36377577916437,-3.7412231527278936,-6.718097211579762,33.20912647176025,-12.673110956599428,3.334096129,1.682627953,,,,98.7,2257,6.4,824406,680777,668904,665019,686797,668952,668885,621439,807712,54.08,,,,,,,,13,3,4-Seam Fastball,0,0,0,0,0,0,0,0,Standard,Standard,199,0.002,0.019,,,,,-0.019,,0,0,0.521,0.521,25,33,25,33,1,0,5,2,5,1,0.98,0.45,0.45,57.7,,,,,
FF,2026-07-23,98.8,-1.09,6.19,"Bradley, Taj",656555,671737,,swinging_strike,,,,,5,,R,R,R,CLE,MIN,S,,,0,1,2026,-0.26,1.58,0.002371308499877,2.8095419458762443,,,,1,2,Bot,,,,,,,3.558690185947757,-143.75861910728128,-7.317837746966926,-4.466617628269264,34.44870076978249,-8.773192658172581,3.334096129,1.682627953,,,,99.0,2298,6.5,824406,680777,668904,665019,686797,668952,668885,621439,807712,54.01,,,,,,,,13,2,4-Seam Fastball,0,0,0,0,0,0,0,0,Standard,Standard,200,-0.004,-0.058,73.3,7.7,0.223498356,,0.058,,0,0,0.525,0.525,25,33,25,33,1,0,5,2,5,1,0.76,0.26,0.26,64.4,11.496331076736295,8.98418550940595,33.472241835556986,35.25755895142098,25.7101854852288
FS,2026-07-23,92.3,-1.1,6.18,"Bradley, Taj",656555,671737,,called_strike,,,,,5,,R,R,R,CLE,MIN,S,,,0,0,2026,-1.05,0.42,-0.1114857574138902,2.6146469324409525,,,,1,2,Bot,,,,,,,4.830727643646795,-134.28856769046024,-3.95446907424867,-13.813289356341665,30.255618756136023,-26.36950759111948,3.334096129,1.682627953,,,,92.5,1801,6.5,824406,680777,668904,665019,686797,668952,668885,621439,807712,54.0,,,,,,,,13,1,Split-Finger,0,0,0,0,0,0,0,0,Standard,Standard,211,-0.003,-0.041,,,,,0.041,,0,0,0.528,0.528,25,33,25,33,1,0,5,2,5,1,2.26,1.05,1.05,61.0,,,,,
FC,2026-07-23,89.6,-1.15,6.16,"Bradley, Taj",683953,671737,field_out,hit_into_play,,,,,8,"Travis Bazzana grounds out softly, catcher Ryan Jeffers to first baseman Royce Lewis.",R,L,R,CLE,MIN,X,2,ground_ball,1,0,2026,0.06,0.8,0.2425592200248281,1.6804292742941829,,,,0,2,Bot,125.14,202.03,,,,,3.26499126551848,-130.31721216858747,-6.518793506054258,-0.0034274799530627,28.594122953534757,-21.870261282559603,3.178756562,1.604232283,0,28.0,-77,89.5,2105,6.4,824406,680777,668904,665019,686797,668952,668885,621439,807712,54.15,0.189,0.17,0.0,1,0,0,1,12,2,Cutter,0,0,0,0,0,0,0,0,Standard,Standard,183,-0.027,-0.304,25.7,5.5,,0.193,0.304,88.0,0,0,0.555,0.555,25,23,25,24,1,0,5,1,5,1,2.05,-0.06,0.06,56.2,-13.846386060536558,31.29399216481148,34.13517558570726,31.86694298798793,13.552774521486088
FF,2026-07-23,96.6,-1.07,6.17,"Bradley, Taj",683953,671737,,ball,,,,,11,,R,L,R,CLE,MIN,B,,,0,0,2026,-0.43,1.66,-0.3506256287426787,3.6179404006081,,,,0,2,Bot,,,,,,,2.8965974411153947,-140.5116404342982,-4.818555602547681,-6.323762220067953,36.20258627846271,-9.430364655233776,3.178756562,1.604232283,,,,96.4,2313,6.5,824406,680777,668904,665019,686797,668952,668885,621439,807712,54.01,,,,,,,,12,1,4-Seam Fastball,0,0,0,0,0,0,0,0,Standard,Standard,195,0.004,0.043,,,,,-0.043,,0,0,0.551,0.551,25,23,25,24,1,0,5,1,5,1,0.81,0.43,-0.43,57.6,,,,,
CU,2026-07-23,84.1,-2.65,6.12,"Williams, Gavin",668885,668909,strikeout,called_strike,,,,,4,Austin Martin called out on strikes.,R,R,R,CLE,MIN,S,2,,1,2,2026,0.9,-1.31,-0.4326201050332263,2.387423859044167,,,,2,2,Top,,,,,,,3.289057224806278,-122.44263184980844,0.6585262657040265,8.26156074226242,26.0954547020008,-45.62611029254779,3.12960958,1.579429134,,,,84.3,2488,6.6,824406,672275,700932,683953,608070,677587,680757,690984,800050,53.92,,0.0,0.0,1,0,0,,11,4,Curveball,0,0,0,0,0,0,0,0,Standard,Standard,32,0.008,-0.18,,,,,0.18,,0,0,0.543,0.457,26,27,27,27,1,0,5,2,5,1,4.55,-0.9,-0.9,36.8,,,,,
FF,2026-07-23,99.3,-2.48,6.02,"Williams, Gavin",668885,668909,,foul,,,,,11,,R,R,R,CLE,MIN,S,,,1,1,2026,-0.76,1.3,-0.0202688143625429,3.322307664299234,,,,2,2,Top,,,,,,,8.564095081560096,-144.25461899659877,-4.894295350333851,-12.66044416377363,34.519334689813455,-13.04228690256796,3.12960958,1.579429134,224,72.9,43,100.2,2353,6.9,824406,672275,700932,683953,608070,677587,680757,690984,800050,53.55,,,,,,,,11,3,4-Seam Fastball,0,0,0,0,0,0,0,0,Standard,Standard,217,0.002,-0.065,54.0,5.1,,,0.065,88.0,0,0,0.541,0.459,26,27,27,27,1,0,5,2,5,1,1.02,0.76,0.76,35.7,-8.233521358006719,20.114186086388212,34.52967647165659,33.494436332255454,14.77005658482892
SI,2026-07-23,98.4,-2.71,5.87,"Williams, Gavin",668885,668909,,called_strike,,,,,9,,R,R,R,CLE,MIN,S,,,1,0,2026,-1.33,0.85,0.3400228314038209,1.6182677954831557,,,,2,2,Top,,,,,,,11.410922283624789,-142.67614741973338,-7.872860116300151,-20.82828266559073,33.908355402851576,-18.79658195192027,3.12960958,1.579429134,,,,99.1,2079,6.9,824406,672275,700932,683953,608070,677587,680757,690984,800050,53.55,,,,,,,,11,2,Sinker,0,0,0,0,0,0,0,0,Standard,Standard,230,0.002,-0.056,,,,,0.056,,0,0,0.539,0.461,26,27,27,27,1,0,5,2,5,1,1.53,1.33,1.33,31.2,,,,,
FF,2026-07-23,99.0,-2.53,6.1,"Williams, Gavin",668885,668909,,ball,,,,,12,,R,R,R,CLE,MIN,B,,,0,0,2026,-0.76,1.33,0.1990534240813126,3.391488684592411,,,,2,2,Top,,,,,,,9.25306267224291,-143.7274683406345,-4.913910915866835,-12.784663584002354,36.60971549645074,-12.822102582457571,3.12960958,1.579429134,,,,99.6,2309,7.0,824406,672275,700932,683953,608070,677587,680757,690984,800050,53.51,,,,,,,,11,1,4-Seam Fastball,0,0,0,0,0,0,0,0,Standard,Standard,218,-0.001,0.041,,,,,-0.041,,0,0,0.54,0.46,26,27,27,27,1,0,5,2,5,1,1.03,0.76,0.76,36.8,,,,,
ST,2026-07-23,87.5,-2.69,6.12,"Williams, Gavin",668904,668909,field_out,hit_into_play,,,,,2,Royce Lewis flies out to center fielder Petey Halpin.,R,R,R,CLE,MIN,X,8,fly_ball,0,0,2026,1.03,-0.45,0.1964533331106716,2.8448159198878127,,,,1,2,Top,137.47,78.16,,,,,4.734402296868117,-127.21372525378804,-0.4901275127558322,9.912742801088717,30.467413873804784,-37.13247891531354,3.205085302,1.617519685,302,98.5,43,87.5,2271,6.7,824406,672275,700932,683953,608070,677587,680757,690984,800050,53.81,0.054,0.094,0.0,1,0,0,3,10,1,Sweeper,0,0,0,0,0,0,0,0,Strategic,Standard,54,0.017,-0.262,79.3,7.9,,0.181,0.262,98.5,0,0,0.523,0.477,26,27,27,27,1,0,5,1,5,1,3.47,-1.03,-1.03,35.8,13.555976087637085,-2.9748825236509373,24.655265143108537,40.48647619552125,31.46815926971808
FF,2026-07-23,99.6,-2.57,6.0,"Williams, Gavin",665019,668909,field_out,hit_into_play,,,,,3,Kody Clemens pops out to first baseman Kyle Manzardo in foul territory.,R,L,R,CLE,MIN,X,3,popup,0,1,2026,-1.0,1.34,0.6974168006971186,3.0702295044721577,,,,0,2,Top,163.64,189.41,,,,,11.348022144543604,-144.4085209610618,-5.628446423649658,-16.74751646207324,36.13433779531152,-12.324898995359607,3.211228675,1.620620079,96,96.2,71,100.2,2393,7.0,824406,672275,700932,683953,608070,677587,680757,690984,800050,53.53,0.001,0.0,0.0,1,0,0,3,9,2,4-Seam Fastball,0,0,0,0,0,0,0,0,Infield shade,Standard,219,0.02,-0.218,68.1,6.8,,0.001,0.218,96.2,0,0,0.503,0.497,26,30,27,30,1,0,5,1,5,2,0.99,1.0,-1.0,34.2,20.034082636996896,-11.789548376896782,27.54652745616758,27.511386109503277,36.285808112080915
FF,2026-07-23,98.6,-2.65,5.94,"Williams, Gavin",665019,668909,,called_strike,,,,,2,,R,L,R,CLE,MIN,S,,,0,0,2026,-0.94,1.31,-0.2725542608114379,3.200714895444743,,,,0,2,Top,,,,,,,8.712644150508101,-143.31508376981495,-4.921980377757106,-15.07303189573624,35.07483282563507,-13.186279372543249,3.211228675,1.620620079,,,,99.4,2420,6.9,824406,672275,700932,683953,608070,677587,680757,690984,800050,53.57,,,,,,,,9,1,4-Seam Fastball,0,0,0,0,0,0,0,0,Standard,Standard,223,0.003,-0.042,,,,,0.042,,0,0,0.5,0.5,26,30,27,30,1,0,5,1,5,2,1.05,0.94,-0.94,32.9,,,,,
FF,2026-07-23,99.6,-1.28,6.12,"Bradley, Taj",677587,671737,strikeout,swinging_strike,,,,,4,Brayan Rocchio strikes out swinging.,R,L,R,CLE,MIN,S,2,,1,2,2026,-0.67,1.44,-0.6889072536999149,2.421797655873738,680757,,,2,1,Bot,,,,,,,3.213276318683385,-144.88564075171516,-7.982607940145748,-10.122429685226304,34.313288834977406,-10.249243382192736,3.068175853,1.548425197,,,,99.9,2265,6.5,824406,680777,668904,665019,686797,668952,668885,621439,807712,53.98,,0.0,0.0,1,0,0,,8,7,4-Seam Fastball,0,0,0,0,0,0,0,0,Infield shade,Standard,204,-0.026,-0.229,62.7,6.5,0.39141774,,0.229,,0,0,0.526,0.526,25,25,25,25,1,0,5,1,5,1,0.86,0.67,-0.67,55.7,-10.21940580431912,27.003989031701316,27.47627414715953,40.10485168054037,10.528803454422787
FS,2026-07-23,92.2,-1.48,5.97,"Bradley, Taj",677587,671737,,foul,,,,,2,,R,L,R,CLE,MIN,S,,,1,2,2026,-0.45,0.33,-0.14650092407466,2.628200508084225,680757,,,2,1,Bot,,,,,,,4.347698233594121,-134.44456741657808,-3.32693697256983,-6.319694011115973,23.323888745178717,-27.69045342623328,3.068175853,1.548425197,215,72.0,47,93.2,1961,6.3,824406,680777,668904,665019,686797,668952,668885,621439,807712,54.16,,,,,,,,8,6,Split-Finger,0,0,0,0,0,0,0,0,Infield shade,Standard,218,0.0,0.0,65.1,6.3,,,0.0,88.0,0,0,0.526,0.526,25,25,25,25,1,0,5,1,5,1,2.3,0.45,-0.45,55.6,-10.120802935761551,18.32532608603875,24.90640505968118,33.824440616497284,20.454380219471673
FF,2026-07-23,100.4,-1.33,6.14,"Bradley, Taj",677587,671737,,ball,,,,,11,,R,L,R,CLE,MIN,B,,,0,2,2026,-0.66,1.47,-1.2165053931926355,3.570732052766921,680757,,,2,1,Bot,,,,,,,1.9044231574383477,-146.2594430294025,-5.168991038509256,-9.899004465392936,30.689197619011555,-10.022234985807316,3.068175853,1.548425197,,,,101.1,2465,6.3,824406,680777,668904,665019,686797,668952,668885,621439,807712,54.16,,,,,,,,8,5,4-Seam Fastball,0,0,0,0,0,0,0,0,Infield shade,Standard,201,0.004,0.023,,,,,-0.023,,0,0,0.522,0.522,25,25,25,25,1,0,5,1,5,1,0.77,0.66,-0.66,55.9,,,,,
CU,2026-07-23,84.6,-1.19,6.16,"Bradley, Taj",677587,671737,,foul,,,,,1,,R,L,R,CLE,MIN,S,,,0,2,2026,0.31,-0.7,-0.8193736306928356,3.106391381583796,680757,,,2,1,Bot,,,,,,,0.2258655582889633,-123.259044802456,0.7961096816457929,3.1620623300662967,22.930594200049907,-39.71019480854369,3.068175853,1.548425197,182,65.9,46,84.8,2476,6.2,824406,680777,668904,665019,686797,668952,668885,621439,807712,54.31,,,,,,,,8,4,Curveball,0,0,0,0,0,0,0,0,Infield shade,Standard,30,0.0,0.0,58.6,6.9,,,0.0,88.0,0,0,0.522,0.522,25,25,25,25,1,0,5,1,5,1,3.86,-0.31,0.31,57.2,1.0058547587366136,7.77502804444667,12.823495357783738,42.16839167536446,25.80378134202708
FS,2026-07-23,92.9,-1.36,6.09,"Bradley, Taj",677587,671737,,foul,,,,,11,,R,L,R,CLE,MIN,S,,,0,2,2026,-0.94,0.38,-0.8867998578372549,2.584782610486303,680757,,,2,1,Bot,,,,,,,3.2910915056677372,-135.36931160420824,-3.9303842555130473,-12.262095658257394,24.72855524729566,-26.961013297234057,3.068175853,1.548425197,161,76.6,14,93.8,1777,6.4,824406,680777,668904,665019,686797,668952,668885,621439,807712,54.12,,,,,,,,8,3,Split-Finger,0,0,0,0,0,0,0,0,Infield shade,Standard,218,0.0,0.0,65.4,6.3,,,0.0,88.0,0,0,0.522,0.522,25,25,25,25,1,0,5,1,5,1,2.22,0.94,-0.94,55.4,-11.445809457630896,24.669717961653543,21.557241998262416,42.87836668361498,13.627517179864864
CU,2026-07-23,85.2,-1.27,6.15,"Bradley, Taj",677587,671737,,called_strike,,,,,5,,R,L,R,CLE,MIN,S,,,0,1,2026,0.16,-1.02,-0.2755251711178702,2.0741015035165087,680757,,,2,1,Bot,,,,,,,1.9669566517444863,-124.234116949453,-1.0465558954664815,1.3394890481849575,22.79084077108713,-42.761064729455974,3.068175853,1.548425197,,,,85.8,2429,6.3,824406,680777,668904,665019,686797,668952,668885,621439,807712,54.16,,,,,,,,8,2,Curveball,0,0,0,0,0,0,0,0,Standard,Standard,17,-0.009,-0.058,,,,,0.058,,0,0,0.531,0.531,25,25,25,25,1,0,5,1,5,1,4.12,-0.16,0.16,60.0,,,,,
FS,2026-07-23,92.0,-1.4,5.94,"Bradley, Taj",677587,671737,,swinging_strike,,,,,14,,R,L,R,CLE,MIN,S,,,0,0,2026,-1.05,0.47,0.0667846577406716,1.3958392189045183,680757,,,2,1,Bot,,,,,,,6.0054002384697815,-133.97987456530404,-6.6240845820223555,-13.824170512671747,23.8795104977548,-25.374228108243944,3.068175853,1.548425197,,,,93.2,1850,6.6,824406,680777,668904,665019,686797,668952,668885,621439,807712,53.91,,,,,,,,8,1,Split-Finger,0,0,0,0,0,0,0,0,Standard,Standard,219,-0.006,-0.037,72.3,7.9,0.498071544,,0.037,,0,0,0.537,0.537,25,25,25,25,1,0,5,1,5,1,2.18,1.05,-1.05,54.8,16.270894358748617,-20.640526745070854,31.485130762689227,29.79852997218817,43.3853962028608
FS,2026-07-23,91.7,-1.34,6.02,"Bradley, Taj",800050,671737,field_out,hit_into_play,,,,,13,"Chase DeLauter grounds out, second baseman Kody Clemens to first baseman Royce Lewis. Steven Kwan to 3rd.",R,L,R,CLE,MIN,X,4,ground_ball,1,1,2026,-1.04,0.46,-0.2419209023236826,1.1998073292359297,,680757,,1,1,Bot,148.85,151.64,,,,,5.053148757417597,-133.4382361780031,-7.1596684191049995,-13.532611116456108,25.902029834000277,-25.402370242582972,3.339361877,1.685285433,2,105.2,-28,92.6,1722,6.6,824406,680777,668904,665019,686797,668952,668885,621439,807712,53.92,0.124,0.112,0.0,1,0,0,2,7,3,Split-Finger,0,0,0,0,0,0,0,0,Standard,Standard,217,-0.028,-0.234,72.9,7.3,,0.137,0.234,105.2,0,0,0.565,0.565,25,24,25,25,1,0,5,1,5,1,2.23,1.04,-1.04,54.0,-3.7853950908934193,4.606022598498936,38.25585913482993,39.03314140241321,21.936625823805652
FS,2026-07-23,92.8,-1.34,6.1,"Bradley, Taj",800050,671737,,blocked_ball,,,,,14,,R,L,R,CLE,MIN,B,,,0,1,2026,-0.91,0.47,0.2093453822995544,-0.2261446241188061,,680757,,1,1,Bot,,,,,,,5.921119645856934,-134.71470165379296,-11.056629533104076,-12.385221973571545,29.10077483873078,-24.20214497688025,3.339361877,1.685285433,,,,92.4,1500,6.2,824406,680777,668904,665019,686797,668952,668885,621439,807712,54.34,,,,,,,,7,2,Split-Finger,0,0,0,0,0,0,0,0,Standard,Standard,220,0.003,0.032,,,,,-0.032,,0,0,0.562,0.562,25,24,25,25,1,0,5,1,5,1,2.19,0.91,-0.91,53.7,,,,,
CU,2026-07-23,84.0,-1.33,6.13,"Bradley, Taj",800050,671737,,called_strike,,,,,2,,R,L,R,CLE,MIN,S,,,0,0,2026,0.39,-0.87,0.2254046888082806,3.3321060871093287,,680757,,1,1,Bot,,,,,,,2.7632413708675068,-122.23895513751631,1.929403487942503,3.300955346920509,26.795054342255444,-41.473121935444155,3.339361877,1.685285433,,,,83.5,2467,6.2,824406,680777,668904,665019,686797,668952,668885,621439,807712,54.28,,,,,,,,7,1,Curveball,0,0,0,0,0,0,0,0,Standard,Standard,26,-0.005,-0.045,,,,,0.045,,0,0,0.567,0.567,25,24,25,25,1,0,5,1,5,1,4.13,-0.39,0.39,56.4,,,,,
FF,2026-07-23,99.0,-1.28,6.17,"Bradley, Taj",608070,671737,field_out,hit_into_play,,,,,4,José Ramírez lines out to center fielder Byron Buxton.,R,L,R,CLE,MIN,X,8,line_drive,2,2,2026,-0.34,1.45,-0.3680333329117441,2.1412597107147664,,680757,,0,1,Bot,105.4,87.03,,,,,3.2511515794298127,-143.8914670187982,-8.734095441014553,-5.48883925026427,35.30423657712381,-10.196837835254088,3.034826116,1.531594488,285,83.2,24,98.8,2242,6.4,824406,680777,668904,665019,686797,668952,668885,621439,807712,54.11,0.3,0.288,0.0,1,0,0,3,6,7,4-Seam Fastball,0,0,0,0,0,0,0,0,Standard,Standard,199,-0.034,-0.236,68.7,7.0,,0.393,0.236,88.0,0,0,0.601,0.601,25,33,25,34,1,0,5,1,5,2,0.89,0.34,-0.34,57.3,-0.9174204893067652,6.787018045083818,32.45357327835401,35.70273960406568,24.2898909713208
FF,2026-07-23,99.4,-1.36,6.1,"Bradley, Taj",608070,671737,,ball,,,,,11,,R,L,R,CLE,MIN,B,,,1,2,2026,-0.46,1.68,-1.1002763135579958,2.7588883352516302,,680757,,0,1,Bot,,,,,,,1.7882025131110366,-144.65771037295585,-7.529975272199281,-6.8096794294902105,34.77104155079946,-7.040511586536037,3.034826116,1.531594488,,,,99.4,2399,6.4,824406,680777,668904,665019,686797,668952,668885,621439,807712,54.14,,,,,,,,6,6,4-Seam Fastball,0,0,0,0,0,0,0,0,Standard,Standard,201,0.006,0.025,,,,,-0.025,,0,0,0.595,0.595,25,33,25,34,1,0,5,1,5,2,0.63,0.46,-0.46,57.4,,,,,
CU,2026-07-23,85.9,-1.16,6.26,"Bradley, Taj",608070,671737,,foul,,,,,13,,R,L,R,CLE,MIN,S,,,1,2,2026,0.0,-0.77,-0.8108242951191633,1.0492893643683407,,680757,,0,1,Bot,,,,,,,0.815380132860616,-125.10316930587044,-4.176986077085688,-0.2121057265492005,27.222414685192117,-39.57231125962616,3.034826116,1.531594488,4,70.9,-21,85.7,2343,6.3,824406,680777,668904,665019,686797,668952,668885,621439,807712,54.22,,,,,,,,6,5,Curveball,0,0,0,0,0,0,0,0,Standard,Standard,13,0.0,0.0,50.7,8.1,,,0.0,88.0,0,0,0.595,0.595,25,33,25,34,1,0,5,1,5,2,3.88,0.0,0.0,59.7,10.436899357257111,-27.405809140398055,29.682354274180607,41.71719120029241,41.452301501139395
FC,2026-07-23,91.0,-1.23,6.14,"Bradley, Taj",608070,671737,,foul,,,,,5,,R,L,R,CLE,MIN,S,,,1,2,2026,0.07,0.41,-0.1873900100401359,2.318316755453578,,680757,,0,1,Bot,,,,,,,2.424205718738962,-132.6116700053282,-4.482401153489968,0.4000719245347824,23.863056165422847,-26.61295297967293,3.034826116,1.531594488,6,82.7,-21,91.9,2161,6.4,824406,680777,668904,665019,686797,668952,668885,621439,807712,54.13,,,,,,,,6,4,Cutter,0,0,0,0,0,0,0,0,Standard,Standard,158,0.0,0.0,66.8,7.9,,,0.0,88.0,0,0,0.595,0.595,25,33,25,34,1,0,5,1,5,2,2.3,-0.07,0.07,57.6,17.375217718419556,-29.42467825286663,27.585320302688196,34.92409410559001,40.540252709746056
FS,2026-07-23,91.2,-1.32,6.05,"Bradley, Taj",608070,671737,,foul,,,,,6,,R,L,R,CLE,MIN,S,,,1,1,2026,-0.88,0.55,0.5309146264367144,2.4366993427245434,,680757,,0,1,Bot,,,,,,,6.541988243984199,-132.7923922243568,-4.270898872442284,-11.782738109171538,25.383150377785192,-24.93326695101397,3.034826116,1.531594488,229,108.5,12,92.0,1868,6.5,824406,680777,668904,665019,686797,668952,668885,621439,807712,54.0,,,,,,,,6,3,Split-Finger,0,0,0,0,0,0,0,0,Standard,Standard,219,-0.01,-0.052,73.8,7.2,,,0.052,108.5,0,0,0.605,0.605,25,33,25,34,1,0,5,1,5,2,2.16,0.88,-0.88,55.1,12.535893435521134,-18.86380524324207,30.037827834909805,26.65046731921476,37.04428615207497
FC,2026-07-23,91.7,-1.45,6.19,"Bradley, Taj",608070,671737,,ball,,,,,11,,R,L,R,CLE,MIN,B,,,0,1,2026,-0.21,0.74,-1.0392336461515022,2.743290761253637,,,680757,0,1,Bot,,,,,,,1.5024493816745097,-133.56523288740723,-4.295734318756541,-2.864768546422865,27.60358767065774,-22.644938987619632,3.034826116,1.531594488,,,,91.9,1996,6.3,824406,680777,668904,665019,686797,668952,668885,621439,807712,54.23,,,,,,,,6,2,Cutter,0,0,0,0,0,0,0,0,Infield shade,Standard,181,0.027,0.024,,,,,-0.024,,0,0,0.578,0.578,25,33,25,34,1,0,5,1,5,2,1.96,0.21,-0.21,54.7,,,,,
FF,2026-07-23,96.0,-1.38,6.08,"Bradley, Taj",608070,671737,,called_strike,,,,,4,,R,L,R,CLE,MIN,S,,,0,0,2026,-0.74,1.49,-0.4671669372110709,2.117038272662023,,,680757,0,1,Bot,,,,,,,4.093481947293666,-139.6324823741599,-8.091958072273998,-10.604025894504648,32.056264226132356,-11.07660530413512,3.034826116,1.531594488,,,,96.2,2246,6.5,824406,680777,668904,665019,686797,668952,668885,621439,807712,54.01,,,,,,,,6,1,4-Seam Fastball,0,0,0,0,0,0,0,0,Infield shade,Standard,205,-0.005,-0.04,,,,,0.04,,0,0,0.583,0.583,25,33,25,34,1,0,5,1,5,2,0.99,0.74,-0.74,51.2,,,,,
FF,2026-07-23,95.7,-0.99,6.23,"Bradley, Taj",680757,671737,walk,ball,,,,,14,Steven Kwan walks.,R,L,R,CLE,MIN,B,,,3,1,2026,-0.61,1.4,0.5167279392260231,1.365240033114117,,,,0,1,Bot,,,,,,,5.333958781463763,-138.9629403219249,-10.106704781083344,-9.197813634676418,33.100913668235435,-11.936660035522593,3.02253937,1.525393701,,,,95.4,2176,6.4,824406,680777,668904,665019,686797,668952,668885,621439,807712,54.1,,0.698492,0.7,1,0,0,,5,5,4-Seam Fastball,0,0,0,0,0,0,0,0,Standard,Standard,202,0.021,0.259,,,,,-0.259,,0,0,0.562,0.562,25,28,25,29,1,0,5,1,5,2,1.12,0.61,-0.61,61.0,,,,,
FF,2026-07-23,95.4,-1.16,6.26,"Bradley, Taj",680757,671737,,ball,,,,,4,,R,L,R,CLE,MIN,B,,,2,1,2026,-0.7,1.36,-0.8125752603784856,2.2411379417739647,,,,0,1,Bot,,,,,,,2.4954360907994664,-138.7336477470749,-7.785439914819694,-9.549914622890311,33.02775793082369,-13.07048721848226,3.02253937,1.525393701,,,,95.4,2151,6.5,824406,680777,668904,665019,686797,668952,668885,621439,807712,54.05,,,,,,,,5,4,4-Seam Fastball,0,0,0,0,0,0,0,0,Standard,Standard,204,0.011,0.138,,,,,-0.138,,0,0,0.551,0.551,25,28,25,29,1,0,5,1,5,2,1.16,0.7,-0.7,61.9,,,,,
FS,2026-07-23,90.0,-1.21,6.22,"Bradley, Taj",680757,671737,,ball,,,,,11,,R,L,R,CLE,MIN,B,,,1,1,2026,-1.01,0.47,-0.4314129957548335,4.427631162545518,,,,0,1,Bot,,,,,,,4.1124779307340535,-130.99265679979104,0.6693854359702612,-12.54533810123788,28.15375717786212,-27.099422240978967,3.02253937,1.525393701,,,,90.1,1853,6.4,824406,680777,668904,665019,686797,668952,668885,621439,807712,54.14,,,,,,,,5,3,Split-Finger,0,0,0,0,0,0,0,0,Standard,Standard,211,0.004,0.063,,,,,-0.063,,0,0,0.547,0.547,25,28,25,29,1,0,5,1,5,2,2.34,1.01,-1.01,56.0,,,,,
FF,2026-07-23,96.2,-1.04,6.21,"Bradley, Taj",680757,671737,,called_strike,,,,,2,,R,L,R,CLE,MIN,S,,,1,0,2026,-0.61,1.4,-0.2342209011735163,2.6215525383997207,,,,0,1,Bot,,,,,,,3.5071418332279447,-139.87663161345912,-6.934339233868403,-8.77196804731674,32.86618886743668,-12.4406561258104,3.02253937,1.525393701,,,,96.3,2156,6.5,824406,680777,668904,665019,686797,668952,668885,621439,807712,54.04,,,,,,,,5,2,4-Seam Fastball,0,0,0,0,0,0,0,0,Standard,Standard,209,-0.004,-0.056,,,,,0.056,,0,0,0.551,0.551,25,28,25,29,1,0,5,1,5,2,1.08,0.61,-0.61,60.5,,,,,
,2026-07-23,,,,"Bradley, Taj",680757,671737,,automatic_ball,,,,,,,R,L,R,CLE,MIN,B,,,0,0,2026,,,,,,,,0,1,Bot,,,,,,,,,,,,,,,,,,,,,824406,680777,668904,665019,686797,668952,668885,621439,807712,,,,,,,,,5,1,,0,0,0,0,0,0,0,0,,,,0.003,,,,,,,,0,0,0.548,0.548,25,28,25,29,1,0,5,1,5,2,,,,,,,,,
ST,2026-07-23,90.6,-2.68,5.79,"Williams, Gavin",605137,668909,strikeout,swinging_strike,,,,,14,Josh Bell strikes out swinging.,R,L,R,CLE,MIN,S,2,,1,2,2026,0.51,0.19,1.8520296926433415,0.8178279977242235,,,621439,2,1,Top,,,,,,,10.171446083183705,-131.5784069474333,-6.727561541418042,4.06337200485485,24.85211151731612,-28.825052607875374,3.334973753,1.683070866,,,,91.9,2403,6.9,824406,672275,700932,683953,608070,677587,680757,690984,800050,53.57,,0.0,0.0,1,0,0,,4,4,Sweeper,0,0,0,0,0,0,0,0,Infield shade,Standard,49,0.015,-0.196,30.7,7.3,19.759130052,,0.196,,0,0,0.533,0.467,26,33,27,34,1,0,5,1,5,1,2.58,-0.51,0.51,31.8,12.13091625989211,7.495408323902144,39.41635717157806,14.65137510571979,20.368651889267795
ST,2026-07-23,89.0,-2.79,5.81,"Williams, Gavin",605137,668909,,foul,,,,,9,,R,L,R,CLE,MIN,S,,,1,1,2026,0.91,-0.08,0.788268187610605,1.7121790482485486,,,621439,2,1,Top,,,,,,,6.778483918610779,-129.4953718486208,-3.674197390981592,9.04737339668457,24.984081444860237,-32.586120959474975,3.334973753,1.683070866,3,84.0,-31,90.3,2322,6.9,824406,672275,700932,683953,608070,677587,680757,690984,800050,53.61,,,,,,,,4,3,Sweeper,0,0,0,0,0,0,0,0,Strategic,Standard,44,0.006,-0.067,76.3,8.4,,,0.067,88.0,0,0,0.527,0.473,26,33,27,34,1,0,5,1,5,1,2.94,-0.91,0.91,31.1,10.502787310255448,-6.786557671864267,37.44308833691643,29.06457339953399,28.238996878720876
FF,2026-07-23,99.6,-2.55,5.95,"Williams, Gavin",605137,668909,,called_strike,,,,,9,,R,L,R,CLE,MIN,S,,,1,0,2026,-0.84,1.26,0.787723485635619,1.9141738934856305,,,621439,2,1,Top,,,,,,,11.18142028485808,-144.58602790637218,-8.615113850478135,-14.181339396026065,29.06919770876953,-12.573014890897548,3.334973753,1.683070866,,,,101.4,2230,7.1,824406,672275,700932,683953,608070,677587,680757,690984,800050,53.43,,,,,,,,4,2,4-Seam Fastball,0,0,0,0,0,0,0,0,Strategic,Standard,227,0.003,-0.048,,,,,0.048,,0,0,0.524,0.476,26,33,27,34,1,0,5,1,5,1,1.02,0.84,-0.84,34.2,,,,,
ST,2026-07-23,88.8,-2.77,5.83,"Williams, Gavin",605137,668909,,blocked_ball,,,,,14,,R,L,R,CLE,MIN,B,,,0,0,2026,0.95,-0.2,1.4927124773823437,0.239516384436603,,,621439,2,1,Top,,,,,,,8.355884404149124,-129.03009706032591,-6.963179786001224,8.779664550883153,27.490287514928173,-33.0585990930186,3.334973753,1.683070866,,,,89.4,2255,6.8,824406,672275,700932,683953,608070,677587,680757,690984,800050,53.68,,,,,,,,4,1,Sweeper,0,0,0,0,0,0,0,0,Strategic,Standard,45,-0.002,0.035,,,,,-0.035,,0,0,0.526,0.474,26,33,27,34,1,0,5,1,5,1,3.1,-0.95,0.95,30.3,,,,,
ST,2026-07-23,89.5,-2.76,5.69,"Williams, Gavin",680777,668909,strikeout,swinging_strike,,,,,14,Ryan Jeffers strikes out swinging.,R,R,R,CLE,MIN,S,2,,1,2,2026,0.9,0.09,1.3846925780728752,1.0268551923883744,,,621439,1,1,Top,,,,,,,8.248080526976153,-130.07546460304232,-5.478442191804467,8.48930318404908,27.4844642040686,-30.16833923785356,3.284949147,1.657824803,,,,90.4,2299,6.9,824406,672275,700932,683953,608070,677587,680757,690984,800050,53.59,,0.0,0.0,1,0,0,,3,4,Sweeper,0,0,0,0,0,0,0,0,Standard,Strategic,48,0.02,-0.177,38.3,7.4,6.52101828,,0.177,,0,0,0.506,0.494,26,29,27,29,1,0,5,2,5,1,2.76,-0.9,-0.9,27.7,14.544669714894903,2.3334940207543946,38.639313030340496,49.29313738580489,30.043939239939572
FF,2026-07-23,97.2,-2.67,5.92,"Williams, Gavin",680777,668909,,called_strike,,,,,3,,R,R,R,CLE,MIN,S,,,1,1,2026,-0.81,1.36,0.5185752085146366,2.8243453304255155,,,621439,1,1,Top,,,,,,,10.490877766183395,-141.15297941967032,-5.7842581032895355,-13.285729695965443,32.432780803611045,-12.864545590275682,3.284949147,1.657824803,,,,98.7,2345,7.2,824406,672275,700932,683953,608070,677587,680757,690984,800050,53.25,,,,,,,,3,3,4-Seam Fastball,0,0,0,0,0,0,0,0,Standard,Standard,219,0.007,-0.069,,,,,0.069,,0,0,0.499,0.501,26,29,27,29,1,0,5,2,5,1,1.07,0.81,0.81,37.9,,,,,
FF,2026-07-23,99.9,-2.47,5.87,"Williams, Gavin",680777,668909,,ball,,,,,14,,R,R,R,CLE,MIN,B,,,0,1,2026,-0.82,1.38,1.9031263200061963,2.171538940778936,,,621439,1,1,Top,,,,,,,13.949449184667158,-144.70268862145227,-7.912544727605109,-14.751281650845202,34.14729789554234,-10.927706879286612,3.284949147,1.657824803,,,,100.6,2192,6.9,824406,672275,700932,683953,608070,677587,680757,690984,800050,53.56,,,,,,,,3,2,4-Seam Fastball,0,0,0,0,0,0,0,0,Standard,Standard,224,-0.003,0.029,,,,,-0.029,,0,0,0.502,0.498,26,29,27,29,1,0,5,2,5,1,0.92,0.82,0.82,33.9,,,,,
CU,2026-07-23,82.7,-2.61,6.06,"Williams, Gavin",680777,668909,,called_strike,,,,,1,,R,R,R,CLE,MIN,S,,,0,0,2026,0.85,-1.09,-0.7480310214389335,3.189769071782572,,,621439,1,1,Top,,,,,,,2.5293299875011552,-120.25129526766833,2.423884961378935,7.610176902285228,25.99389399946486,-43.42153245066941,3.284949147,1.657824803,,,,83.0,2453,6.8,824406,672275,700932,683953,608070,677587,680757,690984,800050,53.73,,,,,,,,3,1,Curveball,0,0,0,0,0,0,0,0,Standard,Standard,35,0.004,-0.039,,,,,0.039,,0,0,0.498,0.502,26,29,27,29,1,0,5,2,5,1,4.46,-0.85,-0.85,38.7,,,,,
ST,2026-07-23,87.7,-2.62,6.07,"Williams, Gavin",621439,668909,single,hit_into_play,,,,,9,Byron Buxton singles on a ground ball to third baseman José Ramírez.,R,R,R,CLE,MIN,X,5,ground_ball,1,2,2026,0.98,-0.55,0.3246229513295134,1.8309718165152993,,,,1,1,Top,97.41,169.19,,,,,5.011622948210299,-127.70481018932692,-2.726055640599111,9.59763042315267,26.99672945701473,-37.869615846785834,3.257742782,1.644094488,12,95.5,-9,88.4,2371,6.7,824406,672275,700932,683953,608070,677587,680757,690984,800050,53.76,0.238,0.23,0.9,1,1,0,2,2,4,Sweeper,0,0,0,0,0,0,0,0,Strategic,Standard,42,-0.029,0.497,78.9,8.4,,0.275,-0.497,95.5,0,0,0.527,0.473,26,32,27,33,1,0,5,2,5,1,3.52,-0.98,-0.98,36.3,13.778794054608792,-20.732147054841892,33.028578049925464,38.092470860621475,35.30974761161791
ST,2026-07-23,89.4,-2.5,6.13,"Williams, Gavin",621439,668909,,ball,,,,,12,,R,R,R,CLE,MIN,B,,,0,2,2026,1.08,-0.1,0.2537489321219028,3.7225364493054505,,,,1,1,Top,,,,,,,4.423407738022389,-130.15983060359346,0.4931454186670487,11.318321919865754,27.969733574101063,-33.60553073904832,3.257742782,1.644094488,,,,90.1,2433,6.7,824406,672275,700932,683953,608070,677587,680757,690984,800050,53.77,,,,,,,,2,3,Sweeper,0,0,0,0,0,0,0,0,Strategic,Standard,48,-0.001,0.019,,,,,-0.019,,0,0,0.528,0.472,26,32,27,33,1,0,5,2,5,1,2.95,-1.08,-1.08,40.1,,,,,
ST,2026-07-23,89.1,-2.77,6.0,"Williams, Gavin",621439,668909,,swinging_strike,,,,,14,,R,R,R,CLE,MIN,S,,,0,1,2026,1.14,-0.21,0.9995123126643446,1.4814218226422309,,,,1,1,Top,,,,,,,6.771744996523098,-129.60365068078815,-4.415747581903786,11.488241637054012,26.313829591211253,-33.84913717180488,3.257742782,1.644094488,,,,90.0,2275,6.8,824406,672275,700932,683953,608070,677587,680757,690984,800050,53.68,,,,,,,,2,2,Sweeper,0,0,0,0,0,0,0,0,Strategic,Standard,46,0.004,-0.058,71.6,9.1,12.164045796,,0.058,,0,0,0.524,0.476,26,32,27,33,1,0,5,2,5,1,3.08,-1.14,-1.14,35.5,30.443699799149854,-41.904162251105475,35.14790352758,44.52541029205093,54.055544818317074
ST,2026-07-23,88.9,-2.79,6.08,"Williams, Gavin",621439,668909,,swinging_strike,,,,,2,,R,R,R,CLE,MIN,S,,,0,0,2026,1.19,-0.12,0.1511239235044611,2.871269057880428,,,,1,1,Top,,,,,,,4.615501390613779,-129.47883132938958,-1.3762044133796618,12.506771757296695,26.625734969459703,-33.50263266439333,3.257742782,1.644094488,,,,89.8,2360,6.8,824406,672275,700932,683953,608070,677587,680757,690984,800050,53.71,,,,,,,,2,1,Sweeper,0,0,0,0,0,0,0,0,Strategic,Standard,53,0.002,-0.041,67.7,6.8,0.226210428,,0.041,,0,0,0.522,0.478,26,32,27,33,1,0,5,2,5,1,3.0,-1.19,-1.19,36.4,-3.662735999785985,21.501509931285295,32.08712067834871,38.19532076150345,9.320124276959042
ST,2026-07-23,89.9,-2.72,5.9,"Williams, Gavin",686797,668909,strikeout,swinging_strike_blocked,,,,,14,Brooks Lee strikes out swinging.,R,L,R,CLE,MIN,S,2,,2,2,2026,0.97,-0.47,1.101480626797037,0.7489360640334239,,,,0,1,Top,,,,,,,7.329109915919346,-130.6425574443961,-5.503203819942729,9.369889415529132,29.614137322405057,-36.43957819052525,3.208595801,1.619291339,,,,90.7,2387,7.0,824406,672275,700932,683953,608070,677587,680757,690984,800050,53.49,,0.0,0.0,1,0,0,,1,6,Sweeper,0,0,0,0,0,0,0,0,Strategic,Standard,46,0.019,-0.233,42.4,7.6,9.65937768,,0.233,,0,0,0.503,0.497,26,25,27,25,1,0,5,1,5,1,3.31,-0.97,0.97,31.1,18.617974969376807,-23.825232626005167,32.0450033779705,26.601019429128897,40.1033410233523
FF,2026-07-23,100.2,-2.57,5.95,"Williams, Gavin",686797,668909,,foul,,,,,5,,R,L,R,CLE,MIN,S,,,2,2,2026,-0.83,1.11,0.1835588332540398,2.5864160650415924,,,,0,1,Top,,,,,,,9.58639903736547,-145.41994917713336,-6.387584279651195,-14.063305703504131,35.95442079299812,-15.102729981808746,3.208595801,1.619291339,227,77.9,44,100.8,2309,6.9,824406,672275,700932,683953,608070,677587,680757,690984,800050,53.62,,,,,,,,1,5,4-Seam Fastball,0,0,0,0,0,0,0,0,Strategic,Standard,219,0.0,0.0,69.9,6.4,,,0.0,88.0,0,0,0.503,0.497,26,25,27,25,1,0,5,1,5,1,1.19,0.83,-0.83,38.5,4.671093861444384,3.139073133015814,34.89179439135725,35.35656805230191,21.92364670500556
FF,2026-07-23,99.8,-2.76,5.97,"Williams, Gavin",686797,668909,,ball,,,,,11,,R,L,R,CLE,MIN,B,,,1,2,2026,-0.79,1.08,-0.8906438280664265,4.033270148929557,,,,0,1,Top,,,,,,,7.049015343564021,-145.2520781108294,-2.42424313778694,-12.833682856120475,33.38305206448422,-16.43320336415001,3.208595801,1.619291339,,,,101.1,2237,6.9,824406,672275,700932,683953,608070,677587,680757,690984,800050,53.58,,,,,,,,1,4,4-Seam Fastball,0,0,0,0,0,0,0,0,Strategic,Standard,224,-0.004,0.046,,,,,-0.046,,0,0,0.507,0.493,26,25,27,25,1,0,5,1,5,1,1.2,0.79,-0.79,34.4,,,,,
ST,2026-07-23,88.2,-2.85,5.89,"Williams, Gavin",686797,668909,,ball,,,,,11,,R,L,R,CLE,MIN,B,,,0,2,2026,0.57,-0.64,-1.2083718884265429,2.572670591235858,,,,0,1,Top,,,,,,,2.756836331648466,-128.43049529205896,-0.400012345676675,5.6765424640646245,27.0930767871452,-39.388458780419214,3.208595801,1.619291339,,,,89.0,2133,6.8,824406,672275,700932,683953,608070,677587,680757,690984,800050,53.73,,,,,,,,1,3,Sweeper,0,0,0,0,0,0,0,0,Strategic,Standard,51,-0.002,0.022,,,,,-0.022,,0,0,0.509,0.491,26,25,27,25,1,0,5,1,5,1,3.57,-0.57,0.57,29.8,,,,,
CU,2026-07-23,83.9,-2.57,6.27,"Williams, Gavin",686797,668909,,foul,,,,,5,,R,L,R,CLE,MIN,S,,,0,1,2026,0.86,-1.28,0.2596268848306401,2.4240586290125954,,,,0,1,Top,,,,,,,4.748852897168904,-122.02513131584996,0.4150849271044541,7.401471598796852,27.19720436254886,-45.16433142536774,3.208595801,1.619291339,12,95.4,-12,83.8,2597,6.5,824406,672275,700932,683953,608070,677587,680757,690984,800050,53.95,,,,,,,,1,2,Curveball,0,0,0,0,0,0,0,0,Standard,Standard,32,0.006,-0.053,72.3,7.2,,,0.053,95.4,0,0,0.503,0.497,26,25,27,25,1,0,5,1,5,1,4.56,-0.86,0.86,40.0,11.864426754335092,-15.349645056503642,25.705161313516204,35.31150830535242,37.73385693258567
FF,2026-07-23,98.9,-2.58,6.06,"Williams, Gavin",686797,668909,,foul,,,,,5,,R,L,R,CLE,MIN,S,,,0,0,2026,-0.85,1.32,0.2702509686625605,2.466217702337734,,,,0,1,Top,,,,,,,9.80386246426613,-143.6554543726973,-7.380082482149054,-13.93336368448961,31.01005691296113,-12.325541637372975,3.208595801,1.619291339,208,79.3,62,100.3,2420,7.0,824406,672275,700932,683953,608070,677587,680757,690984,800050,53.49,,,,,,,,1,1,4-Seam Fastball,0,0,0,0,0,0,0,0,Standard,Standard,219,0.003,-0.042,69.7,6.5,,,0.042,88.0,0,0,0.5,0.5,26,25,27,25,1,0,5,1,5,1,1.01,0.85,-0.85,41.7,5.921358353141299,7.515273652358417,35.6432278302388,33.76297812796662,23.025733790008704
FS,2026-07-23,85.5,-1.89,5.55,"Finnegan, Kyle",521692,640448,grounded_into_double_play,hit_into_play,,,,,4,"Salvador Perez grounds into a double play, first baseman Spencer Torkelson to shortstop Kevin McGonigle to pitcher Kyle Finnegan. Vinnie Pasquantino out at 2nd. Salvador Perez out at 1st.",R,R,R,DET,KC,X,3,ground_ball,1,0,2026,-0.83,0.84,-0.2986393740099753,2.4266254153004327,,657041,686469,1,9,Top,133.34,181.7,,,,,5.443582476536873,-124.44849989364094,-2.6450306429170993,-9.664061241877173,23.84607974978082,-23.145377679368465,3.312155512,1.671555118,13,53.8,-9,86.4,1104,6.8,824247,693307,679529,650402,701678,805808,656716,681546,663837,53.74,0.065,0.058,0.0,1,0,0,1,76,2,Split-Finger,4,3,3,4,3,4,3,4,Standard,Standard,231,0.306,-0.353,72.8,9.0,,0.065,0.353,88.0,1,-1,0.694,0.306,34,36,35,36,1,4,1,1,2,1,2.27,0.83,0.83,54.2,22.110346709114783,-38.84479172916984,38.03026222265253,31.548326428397427,48.03029125357728
FF,2026-07-23,94.1,-1.58,5.69,"Finnegan, Kyle",521692,640448,,ball,,,,,12,,R,R,R,DET,KC,B,,,0,0,2026,-0.83,1.37,1.1245626709346908,2.9694896567126543,,657041,686469,1,9,Top,,,,,,,8.833235285030174,-136.8134137170092,-4.313863993299021,-12.193371203665354,25.985396708447706,-14.168190694261938,3.312155512,1.671555118,,,,95.0,2139,6.6,824247,693307,679529,650402,701678,805808,656716,681546,663837,53.94,,,,,,,,76,1,4-Seam Fastball,4,3,3,4,3,4,3,4,Standard,Standard,208,-0.017,0.04,,,,,-0.04,,1,-1,0.711,0.289,34,36,35,36,1,4,1,1,2,1,1.18,0.83,0.83,53.9,,,,,
SI,2026-07-23,94.8,3.07,4.49,"Sommers, Drew",686469,805427,single,hit_into_play,,,,,12,Vinnie Pasquantino singles on a ground ball to right fielder Matt Vierling. Lane Thomas to 2nd.,R,L,L,DET,KC,X,9,ground_ball,0,0,2026,1.46,0.61,0.9311925261252813,2.7002823039630837,,,657041,1,9,Top,186.77,117.22,,,,,-9.02493939478626,-137.7263858795328,-0.1893384699795813,20.53706960328971,30.805193372101705,-24.60519711339568,3.363057743,1.697244095,56,89.8,1,96.6,2096,7.4,824247,693307,679529,650402,701678,805808,656716,681546,663837,53.05,0.242,0.221,0.9,1,1,0,2,75,1,Sinker,4,3,3,4,3,4,3,4,Infield shade,Standard,124,-0.114,0.41,70.2,7.1,,0.289,-0.41,89.8,1,-1,0.825,0.175,25,28,26,29,1,4,1,1,3,1,1.94,1.46,1.46,7.6,13.367145594032516,-6.374024905437281,27.43305566952674,32.53080639032092,26.996482791495257
SI,2026-07-23,94.7,2.98,4.49,"Sommers, Drew",657041,805427,walk,ball,,,,,12,Lane Thomas walks.,R,R,L,DET,KC,B,,,3,1,2026,1.68,0.28,1.1545266758315569,3.3819898714201133,,,,1,9,Top,,,,,,,-8.693058664187719,-137.6292531587399,2.3524855363481274,23.32031708583933,31.047346515404342,-29.370468562564493,3.146284449,1.587844488,,,,96.4,2182,7.4,824247,693307,679529,650402,701678,805808,656716,681546,663837,53.14,,0.698492,0.7,1,0,0,,74,5,Sinker,4,3,3,4,3,4,3,4,Infield shade,Standard,123,-0.05,0.245,,,,,-0.245,,1,-1,0.875,0.125,25,30,26,31,1,4,1,1,3,1,2.27,1.68,-1.68,7.9,,,,,
SL,2026-07-23,83.4,3.03,4.54,"Sommers, Drew",657041,805427,,ball,,,,,13,,R,R,L,DET,KC,B,,,2,1,2026,-0.97,0.04,-0.9923152653822342,1.027225081557297,,,,1,9,Top,,,,,,,-7.319517928272765,-121.22906380487356,-1.4895402932252837,-8.128833642926235,24.080252938368822,-31.665506097242982,3.146284449,1.587844488,,,,85.0,2304,7.4,824247,693307,679529,650402,701678,805808,656716,681546,663837,53.1,,,,,,,,74,4,Slider,4,3,3,4,3,4,3,4,Infield shade,Standard,300,-0.025,0.128,,,,,-0.128,,1,-1,0.9,0.1,25,30,26,31,1,4,1,1,3,1,3.24,-0.97,0.97,10.6,,,,,
SI,2026-07-23,95.0,2.99,4.43,"Sommers, Drew",657041,805427,,called_strike,,,,,6,,R,R,L,DET,KC,S,,,2,0,2026,1.6,0.22,0.5464138508833543,2.09764133775918,,,,1,9,Top,,,,,,,-10.189680034751772,-137.94838506790018,-0.7256415249999161,22.723398425688295,31.86750325789519,-29.444604802770407,3.146284449,1.587844488,,,,96.7,2100,7.5,824247,693307,679529,650402,701678,805808,656716,681546,663837,53.02,,,,,,,,74,3,Sinker,4,3,3,4,3,4,3,4,Infield shade,Standard,125,0.017,-0.069,,,,,0.069,,1,-1,0.883,0.117,25,30,26,31,1,4,1,1,3,1,2.33,1.6,-1.6,9.5,,,,,
FF,2026-07-23,95.3,3.05,4.58,"Sommers, Drew",657041,805427,,ball,,,,,12,,R,R,L,DET,KC,B,,,1,0,2026,1.41,0.64,2.257078257509803,3.563114662834466,,,,1,9,Top,,,,,,,-5.401559837208535,-138.57312021636884,1.725257008581123,19.411768315518103,32.90759612650327,-24.617399794199105,3.146284449,1.587844488,,,,96.9,2310,7.4,824247,693307,679529,650402,701678,805808,656716,681546,663837,53.13,,,,,,,,74,2,4-Seam Fastball,4,3,3,4,3,4,3,4,Infield shade,Standard,119,-0.017,0.076,,,,,-0.076,,1,-1,0.9,0.1,25,30,26,31,1,4,1,1,3,1,1.89,1.41,-1.41,8.5,,,,,
SI,2026-07-23,94.4,2.88,4.52,"Sommers, Drew",657041,805427,,ball,,,,,12,,R,R,L,DET,KC,B,,,0,0,2026,1.5,0.08,1.0120467310619454,2.8039768954046274,,,,1,9,Top,,,,,,,-8.417178643192683,-137.18938382764406,1.3174896193103678,20.88655094988134,32.38459843848326,-31.732353564639087,3.146284449,1.587844488,,,,96.3,2187,7.6,824247,693307,679529,650402,701678,805808,656716,681546,663837,52.92,,,,,,,,74,1,Sinker,4,3,3,4,3,4,3,4,Infield shade,Standard,123,-0.008,0.041,,,,,-0.041,,1,-1,0.908,0.092,25,30,26,31,1,4,1,1,3,1,2.5,1.5,-1.5,8.0,,,,,
SI,2026-07-23,95.1,2.93,4.54,"Sommers, Drew",695600,805427,strikeout,foul_tip,,,,,5,Carter Jensen strikes out on a foul tip.,R,L,L,DET,KC,S,2,,2,2,2026,1.42,0.08,-0.1074084757537479,2.2608322872403877,,,,0,9,Top,,,,,,,-11.35274267501732,-137.99489149229476,-0.2844121583190498,20.710290379824013,30.76816043188054,-31.302769449877065,3.191043307,1.610433071,,,,97.0,2142,7.5,824247,693307,679529,650402,701678,805808,656716,681546,663837,52.98,,0.0,0.0,1,0,0,,73,5,Sinker,4,3,3,4,3,4,3,4,Standard,Standard,123,0.062,-0.233,66.9,5.3,,,0.233,,1,-1,0.846,0.154,25,22,26,23,1,4,1,1,3,1,2.45,1.42,1.42,10.4,-20.925632640879872,47.464765291864005,30.00855839343902,35.58984581537038,8.16628086500125
FF,2026-07-23,94.9,2.75,4.67,"Sommers, Drew",695600,805427,,ball,,,,,11,,R,L,L,DET,KC,B,,,1,2,2026,1.05,1.03,-0.2621580000910104,3.8741583981634222,,,,0,9,Top,,,,,,,-10.411754415540802,-137.9339567257489,1.3521324824689962,15.616215303811297,27.669311232881505,-19.3647411346964,3.191043307,1.610433071,,,,97.4,2406,7.5,824247,693307,679529,650402,701678,805808,656716,681546,663837,52.98,,,,,,,,73,4,4-Seam Fastball,4,3,3,4,3,4,3,4,Standard,Standard,121,-0.011,0.046,,,,,-0.046,,1,-1,0.857,0.143,25,22,26,23,1,4,1,1,3,1,1.48,1.05,1.05,13.0,,,,,
SL,2026-07-23,83.3,2.68,4.66,"Sommers, Drew",695600,805427,,foul_tip,,,,,13,,R,L,L,DET,KC,S,,,1,1,2026,-1.09,-0.17,-0.2120195456215952,1.4552149180618996,,,,0,9,Top,,,,,,,-4.454668037496702,-121.29258644988536,-0.4025844460501847,-9.984500227857508,22.485325683003182,-33.98049980779648,3.191043307,1.610433071,,,,85.2,2345,7.3,824247,693307,679529,650402,701678,805808,656716,681546,663837,53.16,,,,,,,,73,3,Slider,4,3,3,4,3,4,3,4,Standard,Standard,303,0.018,-0.061,73.9,6.6,,,0.061,,1,-1,0.839,0.161,25,22,26,23,1,4,1,1,3,1,3.44,-1.09,-1.09,11.9,-2.9168327240466754,9.320820030988203,34.35674336485372,36.198153952218405,31.493549659911316
SI,2026-07-23,94.1,2.79,4.68,"Sommers, Drew",695600,805427,,called_strike,,,,,4,,R,L,L,DET,KC,S,,,1,0,2026,1.3,0.5,-0.4014650303513776,2.54544655226277,,,,0,9,Top,,,,,,,-11.331121621160786,-136.68016235408035,-0.8579455502796104,18.64694648611796,25.342130659947937,-25.875765098131804,3.191043307,1.610433071,,,,96.5,2123,7.4,824247,693307,679529,650402,701678,805808,656716,681546,663837,53.09,,,,,,,,73,2,Sinker,4,3,3,4,3,4,3,4,Standard,Standard,123,0.016,-0.056,,,,,0.056,,1,-1,0.823,0.177,25,22,26,23,1,4,1,1,3,1,2.05,1.3,1.3,12.0,,,,,
FF,2026-07-23,93.9,2.71,4.74,"Sommers, Drew",695600,805427,,ball,,,,,11,,R,L,L,DET,KC,B,,,0,0,2026,0.98,1.08,-1.3298820147704111,3.61054066010998,,,,0,9,Top,,,,,,,-12.808246005859283,-136.27554539202285,0.5160083562952457,14.92187786521823,27.455667083817875,-19.002608968382383,3.191043307,1.610433071,,,,96.1,2307,7.5,824247,693307,679529,650402,701678,805808,656716,681546,663837,52.98,,,,,,,,73,1,4-Seam Fastball,4,3,3,4,3,4,3,4,Standard,Standard,128,-0.012,0.043,,,,,-0.043,,1,-1,0.835,0.165,25,22,26,23,1,4,1,1,3,1,1.51,0.98,0.98,13.0,,,,,
FF,2026-07-23,98.8,-3.42,5.23,"Cruz, Steven",679529,674444,field_out,hit_into_play,,,,,1,Spencer Torkelson pops out to shortstop Andrew Velazquez.,R,R,R,DET,KC,X,6,popup,2,1,2026,-1.0,1.2,-0.5519557098503292,2.8134390959493016,693307,,663837,2,8,Bot,131.03,172.46,,,,,10.100835693177835,-143.59173872778024,-3.846049630201101,-16.134656664395465,31.37954667059352,-14.826719210839723,3.232291667,1.63125,83,84.7,71,99.3,2133,6.5,824247,695600,686469,679845,668942,623205,686555,657041,686475,54.01,0.006,0.006,0.0,1,0,0,3,72,4,4-Seam Fastball,4,3,4,3,3,4,4,3,Standard,Standard,229,-0.032,-0.308,77.2,7.2,,0.007,0.308,88.0,1,1,0.867,0.867,27,26,27,27,1,3,1,1,3,1,1.13,1.0,1.0,22.4,17.826315705259894,1.9686365914638209,35.02600311865804,29.349844924624712,27.737035408656197
FF,2026-07-23,97.3,-3.4,5.16,"Cruz, Steven",679529,674444,,swinging_strike,,,,,6,,R,R,R,DET,KC,S,,,2,0,2026,-1.07,1.09,0.3242224371669415,2.4103785773228092,693307,,663837,2,8,Bot,,,,,,,12.426334682609111,-141.27512883841473,-4.2353477601341,-17.067597248729346,29.570044604591693,-16.736109105767724,3.232291667,1.63125,,,,98.1,2115,6.7,824247,695600,686469,679845,668942,623205,686555,657041,686475,53.84,,,,,,,,72,3,4-Seam Fastball,4,3,4,3,3,4,4,3,Standard,Standard,230,-0.002,-0.045,46.1,5.8,3.956140788,,0.045,,1,1,0.869,0.869,27,26,27,27,1,3,1,1,3,1,1.31,1.07,1.07,25.0,-29.549772881119964,45.45146200149404,40.06843840493407,42.02916139339146,-11.661938958075996
FC,2026-07-23,92.5,-3.27,5.3,"Cruz, Steven",679529,674444,,ball,,,,,14,,R,R,R,DET,KC,B,,,1,0,2026,-0.23,0.68,1.2696046976961146,1.7983030686260917,693307,,663837,2,8,Bot,,,,,,,11.994147579709884,-134.32324160937011,-4.484709234466583,-5.1433581734674085,26.205382093091693,-23.13082659080016,3.232291667,1.63125,,,,93.4,1953,6.7,824247,695600,686469,679845,668942,623205,686555,657041,686475,53.78,,,,,,,,72,2,Cutter,4,3,4,3,3,4,4,3,Standard,Standard,227,0.002,0.036,,,,,-0.036,,1,1,0.867,0.867,27,26,27,27,1,3,1,1,3,1,1.97,0.23,0.23,27.7,,,,,
FF,2026-07-23,96.0,-3.26,5.3,"Cruz, Steven",679529,674444,,ball,,,,,11,,R,R,R,DET,KC,B,,,0,0,2026,-0.91,1.08,-0.8457098646698213,3.014898528649972,693307,,663837,2,8,Bot,,,,,,,8.453905187405574,-139.64572003160953,-2.825503288217933,-13.675945838356608,28.53799472238376,-17.553229723053274,3.232291667,1.63125,,,,97.2,2007,6.8,824247,695600,686469,679845,668942,623205,686555,657041,686475,53.74,,,,,,,,72,1,4-Seam Fastball,4,3,4,3,3,4,4,3,Infield shade,Standard,228,0.001,0.019,,,,,-0.019,,1,1,0.866,0.866,27,26,27,27,1,3,1,1,3,1,1.38,0.91,0.91,25.5,,,,,
FC,2026-07-23,94.4,-2.9,5.38,"Cruz, Steven",681481,674444,field_error,hit_into_play,,,,,2,Kerry Carpenter reaches on a fielding error by first baseman Vinnie Pasquantino. Dillon Dingler to 3rd.,R,L,R,DET,KC,X,3,ground_ball,1,2,2026,0.07,0.83,0.2174344176443252,3.0272465420030903,,693307,,2,8,Bot,148.77,174.49,,,,,7.856274999806408,-137.36384231249357,-2.212987305330965,-0.57788896081166,26.568924605337365,-21.313261437030903,3.234046916,1.632135827,6,82.2,-26,95.2,2215,6.5,824247,695600,686469,679845,668942,623205,686555,657041,686475,54.02,0.062,0.056,0.9,1,0,0,2,71,8,Cutter,4,3,4,3,3,4,4,3,Standard,Standard,186,0.015,0.636,71.8,7.2,,0.063,-0.636,88.0,1,1,0.851,0.851,27,28,27,29,1,3,1,1,3,2,1.7,-0.07,0.07,30.0,16.879496410048972,-8.513747475216439,25.64260161583505,38.41464513205641,31.027761124454777
FF,2026-07-23,99.2,-2.95,5.12,"Cruz, Steven",681481,674444,,foul,,,,,4,,R,L,R,DET,KC,S,,,1,2,2026,-1.05,1.08,-0.647291647753514,2.6691681909564573,,693307,,2,8,Bot,,,,,,,8.769446905903633,-144.35654988863735,-3.766606717542964,-16.64481837839479,28.315990973732603,-16.35564150891746,3.234046916,1.632135827,225,83.9,21,100.3,2213,6.5,824247,695600,686469,679845,668942,623205,686555,657041,686475,53.97,,,,,,,,71,7,4-Seam Fastball,4,3,4,3,3,4,4,3,Standard,Standard,228,0.0,0.0,65.8,6.9,,,0.0,88.0,1,1,0.851,0.851,27,28,27,29,1,3,1,1,3,2,1.21,1.05,-1.05,23.5,8.263764197511257,16.31089648852253,28.14662174231564,48.136608688385536,15.09735988621886
SL,2026-07-23,89.3,-3.0,5.32,"Cruz, Steven",681481,674444,,foul,,,,,11,,R,L,R,DET,KC,S,,,1,2,2026,0.7,0.31,-0.7378191870745087,3.414477367825241,,693307,,2,8,Bot,,,,,,,4.007459949415829,-130.18919831252572,0.7435693656095304,7.27885584473172,24.340598167015123,-28.921210494674128,3.234046916,1.632135827,247,80.7,49,90.1,2211,6.5,824247,695600,686469,679845,668942,623205,686555,657041,686475,54.04,,,,,,,,71,6,Slider,4,3,4,3,3,4,4,3,Standard,Standard,136,0.0,0.0,59.8,6.0,,,0.0,88.0,1,1,0.851,0.851,27,28,27,29,1,3,1,1,3,2,2.51,-0.7,0.7,25.6,3.8047946068212495,26.412244922433683,21.1205566868256,49.78754569457488,11.428371727568912
SL,2026-07-23,91.6,-2.94,5.33,"Cruz, Steven",681481,674444,,foul,,,,,14,,R,L,R,DET,KC,S,,,1,2,2026,0.47,0.59,1.2739422762046666,2.22693810285947,,693307,,2,8,Bot,,,,,,,9.46792069404998,-133.13629759359006,-3.0935794702216723,3.8388567789451855,25.695806037823356,-24.70289620330757,3.234046916,1.632135827,5,102.8,-23,92.0,2160,6.4,824247,695600,686469,679845,668942,623205,686555,657041,686475,54.13,,,,,,,,71,5,Slider,4,3,4,3,3,4,4,3,Standard,Standard,174,0.0,0.0,77.3,7.5,,,0.0,102.8,1,1,0.851,0.851,27,28,27,29,1,3,1,1,3,2,2.11,-0.47,0.47,27.6,28.58192329543759,-20.078064374414705,36.62954323630209,27.12662394647412,36.20206548643925
FF,2026-07-23,99.0,-3.12,5.25,"Cruz, Steven",681481,674444,,foul,,,,,12,,R,L,R,DET,KC,S,,,1,2,2026,-0.82,0.93,0.0496034106264572,3.5475292264906826,,693307,,2,8,Bot,,,,,,,10.52728975308378,-143.87493799614802,-1.3262315031248235,-13.635557642230626,29.465637204374257,-18.98403910227452,3.234046916,1.632135827,263,77.3,49,99.8,2110,6.6,824247,695600,686469,679845,668942,623205,686555,657041,686475,53.94,,,,,,,,71,4,4-Seam Fastball,4,3,4,3,3,4,4,3,Standard,Standard,229,0.0,0.0,67.8,6.7,,,0.0,88.0,1,1,0.851,0.851,27,28,27,29,1,3,1,1,3,2,1.37,0.82,-0.82,22.8,10.183803199717868,-2.4621154761049615,26.85585904669838,39.99743952739938,25.423781095983554
FF,2026-07-23,97.5,-2.92,5.14,"Cruz, Steven",681481,674444,,ball,,,,,14,,R,L,R,DET,KC,B,,,0,2,2026,-0.89,1.13,0.6272063378365282,1.1565971023503752,,693307,,2,8,Bot,,,,,,,11.50921934933527,-141.4842440202854,-7.659009379651321,-14.483968277384063,30.02375320807043,-15.327162183735371,3.234046916,1.632135827,,,,98.0,2177,6.6,824247,695600,686469,679845,668942,623205,686555,657041,686475,53.92,,,,,,,,71,3,4-Seam Fastball,4,3,4,3,3,4,4,3,Strategic,Standard,221,0.002,0.008,,,,,-0.008,,1,1,0.849,0.849,27,28,27,29,1,3,1,1,3,2,1.26,0.89,-0.89,22.6,,,,,
FC,2026-07-23,94.4,-2.96,5.32,"Cruz, Steven",681481,674444,,swinging_strike,,,,,5,,R,L,R,DET,KC,S,,,0,1,2026,0.01,0.73,0.0085961465581744,2.64542582209073,,693307,,2,8,Bot,,,,,,,7.658432054320032,-137.4247912964065,-2.8048695934695087,-1.4698032345309942,27.58285514107248,-22.430180107864462,3.234046916,1.632135827,,,,95.2,2183,6.5,824247,695600,686469,679845,668942,623205,686555,657041,686475,53.97,,,,,,,,71,2,Cutter,4,3,4,3,3,4,4,3,Standard,Standard,187,-0.006,-0.059,75.9,7.1,1.174993104,,0.059,,1,1,0.855,0.855,27,28,27,29,1,3,1,1,3,2,1.8,-0.01,0.01,24.7,13.050209211723748,8.362312791395473,33.24596689789706,40.22356683003063,24.164291504670025
FF,2026-07-23,98.8,-2.88,5.28,"Cruz, Steven",681481,674444,,foul,,,,,3,,R,L,R,DET,KC,S,,,0,0,2026,-1.0,0.77,0.6504760821046083,2.9237696242322473,,693307,,2,8,Bot,,,,,,,11.893197001276322,-143.42592338792335,-2.647999503961207,-16.37869162300898,30.07139009251943,-21.12630203584603,3.234046916,1.632135827,193,72.8,60,99.5,2095,6.6,824247,695600,686469,679845,668942,623205,686555,657041,686475,53.88,,,,,,,,71,1,4-Seam Fastball,4,3,4,3,3,4,4,3,Standard,Standard,225,-0.003,-0.039,70.1,6.3,,,0.039,88.0,1,1,0.858,0.858,27,28,27,29,1,3,1,1,3,2,1.56,1.0,-1.0,25.1,7.581290422450387,7.655948691484375,35.02012921475612,31.448192920855675,22.18298116478436
SL,2026-07-23,92.5,-3.53,5.31,"Cruz, Steven",693307,674444,double,hit_into_play,,,,,5,Dillon Dingler doubles (22) on a sharp ground ball to left fielder Isaac Collins. Hao-Yu Lee scores.,R,R,R,DET,KC,X,7,ground_ball,1,2,2026,0.32,0.59,0.2447124444291077,2.5898829045848974,,701678,,2,8,Bot,48.85,120.96,,,,,8.830878536776064,-134.57389038056618,-2.2995936372748007,2.250504685789406,25.67308962076009,-24.72384159522978,3.271784777,1.651181102,208,106.2,12,93.6,2224,6.6,824247,695600,686469,679845,668942,623205,686555,657041,686475,53.85,0.957,0.965,1.25,1,1,1,4,70,4,Slider,3,3,3,3,3,4,4,3,Standard,Standard,171,0.301,0.993,75.6,7.6,,1.282,-0.993,106.2,0,0,0.557,0.557,27,27,27,28,1,3,1,1,3,1,2.05,-0.32,-0.32,27.1,15.671637902066172,-9.388810737060338,33.70988298714676,36.92454896869515,36.47179147527854
FC,2026-07-23,94.8,-3.45,5.33,"Cruz, Steven",693307,674444,,foul,,,,,14,,R,R,R,DET,KC,S,,,1,1,2026,-0.01,0.78,1.3007704839876504,1.9707707976847917,,701678,,2,8,Bot,,,,,,,12.297178322970234,-137.6638931294974,-4.713380057053436,-2.562426822907467,27.45978590118609,-21.35786088484529,3.271784777,1.651181102,192,65.0,41,95.4,2157,6.5,824247,695600,686469,679845,668942,623205,686555,657041,686475,53.96,,,,,,,,70,3,Cutter,3,3,3,3,3,3,3,3,Standard,Standard,205,-0.021,-0.069,68.6,7.6,,,0.069,88.0,0,0,0.578,0.578,27,27,27,28,1,3,1,1,3,1,1.75,0.01,0.01,26.4,6.071153726865154,8.012921234702587,34.79581951973793,50.462634926251056,24.861499044212536
FC,2026-07-23,96.0,-3.42,5.31,"Cruz, Steven",693307,674444,,foul,,,,,14,,R,R,R,DET,KC,S,,,1,0,2026,-0.06,0.69,0.9535556218556684,2.0820625576700813,,701678,,2,8,Bot,,,,,,,11.608930667003746,-139.4472546902854,-4.377190172546615,-3.2754912691858724,29.164908850914887,-22.291694521408484,3.271784777,1.651181102,263,81.3,39,96.6,2190,6.6,824247,695600,686469,679845,668942,623205,686555,657041,686475,53.93,,,,,,,,70,2,Cutter,3,3,3,3,3,3,3,3,Standard,Standard,202,-0.005,-0.046,69.3,7.4,,,0.046,88.0,0,0,0.583,0.583,27,27,27,28,1,3,1,1,3,1,1.77,0.06,0.06,26.7,3.201768412020724,13.97182441104066,35.27467187236576,47.03953868730059,18.36902903080125
SL,2026-07-23,90.5,-3.54,5.4,"Cruz, Steven",693307,674444,,ball,,,,,13,,R,R,R,DET,KC,B,,,0,0,2026,0.37,0.43,-0.0452522858709022,1.1729299574470198,,701678,,2,8,Bot,,,,,,,7.848956717398453,-131.68398728051483,-5.389624109305477,2.8212936172806296,24.832165784735167,-26.23864440016376,3.271784777,1.651181102,,,,91.3,2106,6.5,824247,695600,686469,679845,668942,623205,686555,657041,686475,53.97,,,,,,,,70,1,Slider,3,3,3,3,3,3,3,3,Standard,Standard,179,0.001,0.025,,,,,-0.025,,0,0,0.582,0.582,27,27,27,28,1,3,1,1,3,1,2.33,-0.37,-0.37,27.4,,,,,
FC,2026-07-23,93.8,-2.89,5.39,"Cruz, Steven",682985,674444,field_out,hit_into_play,,,,,3,"Riley Greene grounds out, second baseman Nick Loftin to first baseman Vinnie Pasquantino. Hao-Yu Lee to 2nd.",R,L,R,DET,KC,X,4,ground_ball,0,0,2026,0.12,0.58,0.6549323965414136,2.995363159501736,,,701678,1,8,Bot,151.23,155.23,,,,,8.817096431916791,-136.51054276801946,-1.6362115274295617,-0.2479318539251204,28.15476758745158,-24.742066862427237,3.303379265,1.667125984,19,59.4,-6,94.6,1975,6.6,824247,695600,686469,679845,668942,623205,686555,657041,686475,53.89,0.061,0.055,0.0,1,0,0,1,69,1,Cutter,3,3,3,3,3,3,3,3,Infield shade,Standard,189,-0.026,-0.32,73.7,6.6,,0.066,0.32,88.0,0,0,0.608,0.608,27,25,27,26,1,3,1,1,3,1,2.0,-0.12,0.12,28.2,8.117648667349004,7.807999644989745,43.07765242417694,27.05925549697244,24.68524698171837
FC,2026-07-23,94.3,-3.49,5.32,"Cruz, Steven",701678,674444,single,hit_into_play,,,,,6,Hao-Yu Lee singles on a ground ball to center fielder Lane Thomas.,R,R,R,DET,KC,X,8,ground_ball,3,1,2026,-0.1,0.71,0.435486589906076,2.401067195927151,,,,1,8,Bot,130.53,94.93,,,,,10.333870594862816,-137.0278087369128,-3.2938456231747577,-3.4840472964415152,29.626927519598546,-22.714685662074412,3.087483596,1.558169291,19,99.7,-7,94.7,2074,6.5,824247,695600,686469,679845,668942,623205,686555,657041,686475,53.95,0.284,0.268,0.9,1,1,0,2,68,5,Cutter,3,3,3,3,3,3,3,3,Standard,Standard,200,0.028,0.241,72.1,7.4,,0.305,-0.241,99.7,0,0,0.58,0.58,27,23,27,23,1,1,1,1,3,1,1.86,0.1,0.1,26.0,11.922028862852924,7.345265311361717,20.550062828494585,40.284490319855294,26.958506268384056
FC,2026-07-23,94.1,-3.42,5.38,"Cruz, Steven",701678,674444,,called_strike,,,,,9,,R,R,R,DET,KC,S,,,3,0,2026,-0.07,0.81,0.4343128945173375,1.8289909666486592,,,,1,8,Bot,,,,,,,10.042216635881909,-136.6696590006741,-5.1422000216538235,-2.9574098077754325,28.226261001996104,-21.020885001394525,3.087483596,1.558169291,,,,94.4,2045,6.4,824247,695600,686469,679845,668942,623205,686555,657041,686475,54.06,,,,,,,,68,4,Cutter,3,3,3,3,3,3,3,3,Standard,Standard,201,-0.01,-0.079,,,,,0.079,,0,0,0.59,0.59,27,23,27,23,1,1,1,1,3,1,1.76,0.07,0.07,27.6,,,,,
FC,2026-07-23,94.3,-3.32,5.36,"Cruz, Steven",701678,674444,,ball,,,,,14,,R,R,R,DET,KC,B,,,2,0,2026,0.05,0.83,1.3221335610718743,2.170605243433366,,,,1,8,Bot,,,,,,,11.8152024940936,-136.99385788016355,-4.321692922812868,-1.7369094998732373,27.02388817040388,-20.953475152822485,3.087483596,1.558169291,,,,94.9,2112,6.5,824247,695600,686469,679845,668942,623205,686555,657041,686475,54.01,,,,,,,,68,3,Cutter,3,3,3,3,3,3,3,3,Standard,Standard,207,0.014,0.138,,,,,-0.138,,0,0,0.576,0.576,27,23,27,23,1,1,1,1,3,1,1.72,-0.05,-0.05,27.1,,,,,
FF,2026-07-23,97.7,-3.32,5.36,"Cruz, Steven",701678,674444,,ball,,,,,12,,R,R,R,DET,KC,B,,,1,0,2026,-0.52,1.32,2.5370328954214596,2.5822248405042467,,,,1,8,Bot,,,,,,,16.822358444068186,-141.26579182466406,-4.8536339669084025,-10.77297180960681,32.09481089273086,-13.39201905025888,3.087483596,1.558169291,,,,97.9,2214,6.7,824247,695600,686469,679845,668942,623205,686555,657041,686475,53.78,,,,,,,,68,2,4-Seam Fastball,3,3,3,3,3,3,3,3,Standard,Standard,220,0.009,0.076,,,,,-0.076,,0,0,0.567,0.567,27,23,27,23,1,1,1,1,3,1,1.09,0.52,0.52,27.8,,,,,
FF,2026-07-23,98.5,-3.36,5.45,"Cruz, Steven",701678,674444,,ball,,,,,11,,R,R,R,DET,KC,B,,,0,0,2026,-0.82,1.11,-0.1016378949407329,3.709335490417773,,,,1,8,Bot,,,,,,,10.673976401866003,-143.10724937069742,-1.7323634427203525,-13.679621044309394,32.837000886128926,-16.669651861701663,3.087483596,1.558169291,,,,98.7,2181,6.5,824247,695600,686469,679845,668942,623205,686555,657041,686475,54.01,,,,,,,,68,1,4-Seam Fastball,3,3,3,3,3,3,3,3,Standard,Standard,221,0.005,0.041,,,,,-0.041,,0,0,0.562,0.562,27,23,27,23,1,1,1,1,3,1,1.24,0.82,0.82,26.8,,,,,
FC,2026-07-23,94.9,-3.25,5.36,"Cruz, Steven",650402,674444,strikeout,swinging_strike,,,,,12,Gleyber Torres strikes out swinging.,R,R,R,DET,KC,S,2,,1,2,2026,0.3,0.81,1.178040401741382,2.521164046100889,,,,0,8,Bot,,,,,,,10.77735435604136,-137.9804618665052,-3.458441225754075,1.7383573104339958,27.86534921969861,-21.24791546842663,3.12960958,1.579429134,,,,95.7,2112,6.6,824247,695600,686469,679845,668942,623205,686555,657041,686475,53.92,,0.0,0.0,1,0,0,,67,7,Cutter,3,3,3,3,3,3,3,3,Standard,Standard,204,-0.032,-0.186,64.4,7.0,1.158215148,,0.186,,0,0,0.594,0.594,27,29,27,30,1,3,1,2,3,1,1.71,-0.3,-0.3,29.2,10.075444569087963,10.720978274010736,28.74862179731721,50.44280937525129,24.67233378502106
FF,2026-07-23,99.5,-3.44,5.34,"Cruz, Steven",650402,674444,,foul,,,,,13,,R,R,R,DET,KC,S,,,1,2,2026,-1.08,1.12,-1.0236335771795575,2.1391900407537476,,,,0,8,Bot,,,,,,,9.137335950376546,-144.5560352023599,-5.892922336742024,-17.19682150318692,32.03047774110146,-15.204127397217563,3.12960958,1.579429134,2,79.7,-43,100.1,2201,6.6,824247,695600,686469,679845,668942,623205,686555,657041,686475,53.9,,,,,,,,67,6,4-Seam Fastball,3,3,3,3,3,3,3,3,Standard,Standard,224,0.0,0.0,72.1,6.6,,,0.0,88.0,0,0,0.594,0.594,27,29,27,30,1,3,1,2,3,1,1.18,1.08,1.08,24.9,5.962748902728676,3.1864859944552415,33.30616766001043,24.1453538330255,31.10329714320612
SL,2026-07-23,91.6,-3.47,5.39,"Cruz, Steven",650402,674444,,foul,,,,,4,,R,R,R,DET,KC,S,,,1,2,2026,0.46,0.5,-0.2856246253262674,2.0563093996257753,,,,0,8,Bot,,,,,,,6.985199266732918,-133.38669515277823,-3.572389593046343,4.293539831830392,23.257813149681184,-25.707092919080548,3.12960958,1.579429134,233,76.0,43,92.8,2153,6.5,824247,695600,686469,679845,668942,623205,686555,657041,686475,53.95,,,,,,,,67,5,Slider,3,3,3,3,3,3,3,3,Standard,Standard,171,0.0,0.0,61.2,6.6,,,0.0,88.0,0,0,0.594,0.594,27,29,27,30,1,3,1,2,3,1,2.18,-0.46,-0.46,26.7,-3.610245126175826,16.05518654274907,37.19307918303098,33.15634741617345,25.905433046946477
FF,2026-07-23,99.2,-3.36,5.34,"Cruz, Steven",650402,674444,,ball,,,,,12,,R,R,R,DET,KC,B,,,0,2,2026,-0.74,1.18,1.3757720372077415,2.529742643194699,,,,0,8,Bot,,,,,,,14.553161446209907,-143.7789887893193,-4.930759811821079,-13.267155558004632,29.2455115725023,-14.70208961855741,3.12960958,1.579429134,,,,99.9,2159,6.6,824247,695600,686469,679845,668942,623205,686555,657041,686475,53.89,,,,,,,,67,4,4-Seam Fastball,3,3,3,3,3,3,3,3,Standard,Standard,226,0.004,0.022,,,,,-0.022,,0,0,0.59,0.59,27,29,27,30,1,3,1,2,3,1,1.13,0.74,0.74,25.1,,,,,
SL,2026-07-23,90.2,-3.53,5.39,"Cruz, Steven",650402,674444,,foul,,,,,4,,R,R,R,DET,KC,S,,,0,2,2026,0.46,0.31,-0.7370110713691993,2.240205931121122,,,,0,8,Bot,,,,,,,5.8812477698215915,-131.45070024732044,-2.44020480141283,4.313025526827755,23.636563363373075,-28.32527440506917,3.12960958,1.579429134,217,72.7,34,91.1,2212,6.4,824247,695600,686469,679845,668942,623205,686555,657041,686475,54.06,,,,,,,,67,3,Slider,3,3,3,3,3,3,3,3,Standard,Standard,150,0.0,0.0,60.7,5.9,,,0.0,88.0,0,0,0.59,0.59,27,29,27,30,1,3,1,2,3,1,2.45,-0.46,-0.46,26.4,-14.7956038041803,21.129651818278283,37.40712201906281,27.688877969832728,19.874248501204963
FC,2026-07-23,93.6,-3.47,5.4,"Cruz, Steven",650402,674444,,foul,,,,,3,,R,R,R,DET,KC,S,,,0,1,2026,0.09,0.73,0.6694002316337104,2.7008008388502533,,,,0,8,Bot,,,,,,,10.362802345414108,-136.0586429673375,-2.7300704066970662,-0.956582943042496,26.759873433230112,-22.628072741879112,3.12960958,1.579429134,189,71.4,27,94.3,2226,6.5,824247,695600,686469,679845,668942,623205,686555,657041,686475,53.99,,,,,,,,67,2,Cutter,3,3,3,3,3,3,3,3,Standard,Standard,188,-0.011,-0.053,65.1,7.2,,,0.053,88.0,0,0,0.601,0.601,27,29,27,30,1,3,1,2,3,1,1.85,-0.09,-0.09,26.9,15.443867858040988,7.663038824493467,27.884906357720144,43.97295741819355,31.50461570730154
FC,2026-07-23,93.2,-3.52,5.54,"Cruz, Steven",650402,674444,,foul_tip,,,,,1,,R,R,R,DET,KC,S,,,0,0,2026,-0.05,0.97,-0.6193209769970585,2.923310822753879,,,,0,8,Bot,,,,,,,7.436178987899397,-135.58357210862025,-2.9916127824060874,-2.0722095081251104,27.10969072783591,-19.686698904158177,3.12960958,1.579429134,,,,93.4,2141,6.2,824247,695600,686469,679845,668942,623205,686555,657041,686475,54.28,,,,,,,,67,1,Cutter,3,3,3,3,3,3,3,3,Standard,Standard,208,-0.007,-0.042,59.9,5.5,,,0.042,,0,0,0.608,0.608,27,29,27,30,1,3,1,2,3,1,1.64,0.05,0.05,26.5,-10.731576282318189,34.3349254464142,36.25267860209339,29.06634337538986,18.44529229296503
CU,2026-07-23,80.0,-1.98,5.65,"Anderson, Drew",623205,623454,strikeout,called_strike,,,,,1,Andrew Velazquez called out on strikes.,R,L,R,DET,KC,S,2,,2,2,2026,0.97,-1.15,-0.5295924710108151,2.787694119223419,,,668942,2,8,Top,,,,,,,1.2949638924939617,-116.44490139668432,2.851635769270902,8.551952692249461,23.582001667318732,-43.34053268046142,3.019028871,1.523622047,,,,79.9,2581,6.4,824247,693307,679529,650402,701678,805808,656716,681546,681481,54.12,,0.0,0.0,1,0,0,,66,6,Curveball,3,3,3,3,3,3,3,3,Infield shade,Standard,29,0.043,-0.248,,,,,0.248,,0,0,0.565,0.435,32,31,32,32,1,3,1,1,4,2,4.73,-0.97,0.97,43.2,,,,,
CH,2026-07-23,91.7,-2.06,5.57,"Anderson, Drew",623205,623454,,blocked_ball,,,,,14,,R,L,R,DET,KC,B,,,1,2,2026,-0.76,-0.22,0.2105660270439784,0.4109927047996478,,,668942,2,8,Top,,,,,,,7.38364349328997,-133.37427348977323,-6.499020624702176,-10.63224817884597,27.795593329468673,-33.58824924960677,3.019028871,1.523622047,,,,92.5,1587,6.7,824247,693307,679529,650402,701678,805808,656716,681546,681481,53.78,,,,,,,,66,5,Changeup,3,3,3,3,3,3,3,3,Standard,Standard,253,-0.007,0.051,,,,,-0.051,,0,0,0.572,0.428,32,31,32,32,1,3,1,1,4,2,2.92,0.76,-0.76,39.4,,,,,
FF,2026-07-23,96.0,-2.07,5.69,"Anderson, Drew",623205,623454,,foul,,,,,12,,R,L,R,DET,KC,S,,,1,2,2026,-0.14,1.42,0.5370066788667422,3.8703355633233194,,,668942,2,8,Top,,,,,,,7.15597883432582,-139.6469246161213,-2.309966202339043,-3.471133223893386,32.17771639041554,-13.361680265272344,3.019028871,1.523622047,22,40.8,-4,96.1,2371,6.4,824247,693307,679529,650402,701678,805808,656716,681546,681481,54.06,,,,,,,,66,4,4-Seam Fastball,3,3,3,3,3,3,3,3,Infield shade,Standard,210,0.0,0.0,37.0,5.4,,,0.0,88.0,0,0,0.572,0.428,32,31,32,32,1,3,1,1,4,2,1.06,0.14,-0.14,42.0,7.399683035494378,37.912181246035374,20.793398576908487,31.39160887143968,7.864565733117003
CH,2026-07-23,89.8,-2.09,5.65,"Anderson, Drew",623205,623454,,swinging_strike,,,,,11,,R,L,R,DET,KC,S,,,1,1,2026,-1.14,0.05,-0.9067324477594804,2.2753755684366044,,,668942,2,8,Top,,,,,,,5.36792319596069,-130.69202321697583,-2.3130634249249584,-14.213207443153683,25.584233740204606,-31.312699959353647,3.019028871,1.523622047,,,,90.4,1423,6.5,824247,693307,679529,650402,701678,805808,656716,681546,681481,54.01,,,,,,,,66,3,Changeup,3,3,3,3,3,3,3,3,Standard,Standard,251,0.012,-0.067,68.0,7.3,2.839803156,,0.067,,0,0,0.56,0.44,32,31,32,32,1,3,1,1,4,2,2.76,1.14,-1.14,43.4,13.359520011374984,10.302388035574262,24.086258081829424,48.370854162062045,16.44535011452612
FF,2026-07-23,95.8,-2.13,5.59,"Anderson, Drew",623205,623454,,ball,,,,,11,,R,L,R,DET,KC,B,,,0,1,2026,-0.54,1.26,-1.1711265596057112,2.742189600552738,,,668942,2,8,Top,,,,,,,3.769123827825248,-139.4730353923762,-4.64732063780238,-7.948899527598532,30.48540060761376,-14.876301860588404,3.019028871,1.523622047,,,,96.4,2289,6.5,824247,693307,679529,650402,701678,805808,656716,681546,681481,53.98,,,,,,,,66,2,4-Seam Fastball,3,3,3,3,3,3,3,3,Standard,Standard,216,-0.005,0.028,,,,,-0.028,,0,0,0.565,0.435,32,31,32,32,1,3,1,1,4,2,1.22,0.54,-0.54,39.2,,,,,
CU,2026-07-23,78.8,-2.06,5.74,"Anderson, Drew",623205,623454,,called_strike,,,,,4,,R,L,R,DET,KC,S,,,0,0,2026,0.79,-1.32,-0.4047246946767515,2.358386542008999,,,668942,2,8,Top,,,,,,,2.044642180198837,-114.59276015365975,2.2866940942900187,6.460386387511725,23.77534486970073,-44.44333240716734,3.019028871,1.523622047,,,,78.4,2613,6.3,824247,693307,679529,650402,701678,805808,656716,681546,681481,54.17,,,,,,,,66,1,Curveball,3,3,3,3,3,3,3,3,Standard,Standard,28,0.008,-0.04,,,,,0.04,,0,0,0.557,0.443,32,31,32,32,1,3,1,1,4,2,5.04,-0.79,0.79,40.8,,,,,
FF,2026-07-23,95.5,-2.01,5.6,"Anderson, Drew",679845,623454,field_out,hit_into_play,,,,,6,Nick Loftin flies out to right fielder Kerry Carpenter.,R,R,R,DET,KC,X,9,fly_ball,1,1,2026,-0.6,1.33,0.5033036653341404,2.625945205044368,,,668942,1,8,Top,176.43,121.82,,,,,7.93287749356683,-138.74969950374853,-5.072587642215856,-9.508271221480417,31.23545296630298,-14.005197852246436,3.18226706,1.606003937,230,87.3,51,96.0,2190,6.7,824247,693307,679529,650402,701678,805808,656716,681546,681481,53.83,0.003,0.003,0.0,1,0,0,3,65,3,4-Seam Fastball,3,3,3,3,3,3,3,3,Standard,Strategic,211,0.056,-0.25,67.5,6.9,,0.003,0.25,88.0,0,0,0.501,0.499,32,27,32,28,1,3,1,1,4,1,1.18,0.6,0.6,40.0,9.375360307781705,1.2746981434768605,28.336693496937055,42.29979233135203,30.524819814516487
CH,2026-07-23,91.6,-2.14,5.54,"Anderson, Drew",679845,623454,,ball,,,,,13,,R,R,R,DET,KC,B,,,0,1,2026,-1.18,-0.18,-0.1466247848418733,1.0253330821345168,,,668942,1,8,Top,,,,,,,7.579422782832496,-133.1508424991039,-4.9355430230564625,-15.584791361647758,27.314715170801165,-33.42414318159865,3.18226706,1.606003937,,,,92.2,1551,6.6,824247,693307,679529,650402,701678,805808,656716,681546,681481,53.88,,,,,,,,65,2,Changeup,3,3,3,3,3,3,3,3,Standard,Strategic,244,-0.006,0.029,,,,,-0.029,,0,0,0.507,0.493,32,27,32,28,1,3,1,1,4,1,2.89,1.18,1.18,39.7,,,,,
CU,2026-07-23,79.5,-2.08,5.75,"Anderson, Drew",679845,623454,,called_strike,,,,,1,,R,R,R,DET,KC,S,,,0,0,2026,0.67,-1.41,-0.3913390457204186,2.909300802091048,,,668942,1,8,Top,,,,,,,2.3733292559139896,-115.62043297439725,3.525219256213317,5.431023977034426,23.99336877479272,-45.728806474039914,3.18226706,1.606003937,,,,79.3,2528,6.4,824247,693307,679529,650402,701678,805808,656716,681546,681481,54.09,,,,,,,,65,1,Curveball,3,3,3,3,3,3,3,3,Standard,Strategic,30,0.009,-0.039,,,,,0.039,,0,0,0.498,0.502,32,27,32,28,1,3,1,1,4,1,5.06,-0.67,-0.67,42.3,,,,,
CH,2026-07-23,89.7,-2.14,5.67,"Anderson, Drew",668942,623454,single,hit_into_play,,,,,5,Josh Rojas singles on a line drive to center fielder James Outman. Tyler Tolbert scores.,R,L,R,DET,KC,X,8,line_drive,1,2,2026,-0.72,0.1,0.2445305488660982,2.6142403340287306,686475,,,1,8,Top,146.54,83.95,,,,,7.422120156439713,-130.4621806698516,-1.6061460059644408,-9.751078573473594,25.936589603798407,-30.86983809886003,3.233169291,1.631692913,255,88.1,18,90.5,1456,6.7,824247,693307,679529,650402,701678,805808,656716,681546,681481,53.82,0.809,0.741,0.9,1,1,0,4,64,4,Changeup,3,2,2,3,3,3,3,3,Strategic,Standard,243,-0.171,0.584,71.0,6.8,,0.907,-0.584,88.1,1,-1,0.669,0.331,32,32,32,32,1,3,1,1,4,5,2.72,0.72,-0.72,40.2,4.652955174773281,6.088551297961235,30.023456468309785,36.728958334635,26.638899506326815
CH,2026-07-23,88.8,-2.19,5.62,"Anderson, Drew",668942,623454,,called_strike,,,,,1,,R,L,R,DET,KC,S,,,1,1,2026,-0.99,-0.17,-0.760870107953961,2.9669421026928497,686475,,,1,8,Top,,,,,,,5.6080366303164855,-129.38748415298275,0.0365181255999886,-12.281431876614093,24.530842989624244,-34.28642607802615,3.233169291,1.631692913,,,,89.7,1394,6.6,824247,693307,679529,650402,701678,805808,656716,681546,681481,53.9,,,,,,,,64,3,Changeup,3,2,2,3,2,3,2,3,Strategic,Standard,253,0.037,-0.108,,,,,0.108,,1,-1,0.632,0.368,32,32,32,32,1,3,1,1,4,5,3.03,0.99,-0.99,43.5,,,,,
CH,2026-07-23,90.1,-2.23,5.59,"Anderson, Drew",668942,623454,,ball,,,,,14,,R,L,R,DET,KC,B,,,0,1,2026,-1.03,-0.17,1.335586498809014,0.1929557484481003,,686475,,1,8,Top,,,,,,,11.02154690905609,-130.66288787386463,-6.770874654481132,-14.1988225924833,27.994943169819855,-32.81332526279739,3.233169291,1.631692913,,,,90.4,1501,6.7,824247,693307,679529,650402,701678,805808,656716,681546,681481,53.8,,,,,,,,64,2,Changeup,3,2,2,3,2,3,2,3,Standard,Standard,251,-0.077,0.032,,,,,-0.032,,1,-1,0.709,0.291,32,32,32,32,1,3,1,1,4,5,3.0,1.03,-1.03,37.6,,,,,
FF,2026-07-23,94.8,-2.02,5.65,"Anderson, Drew",668942,623454,,called_strike,,,,,3,,R,L,R,DET,KC,S,,,0,0,2026,-0.57,1.3,0.6034472152447288,3.0460985789231785,,,686475,1,8,Top,,,,,,,8.086310020695363,-137.8804947052668,-3.93499018710937,-9.027472391282007,30.63406559587204,-14.895411897565277,3.233169291,1.631692913,,,,95.3,2152,6.6,824247,693307,679529,650402,701678,805808,656716,681546,681481,53.89,,,,,,,,64,1,4-Seam Fastball,3,2,2,3,2,3,2,3,Standard,Standard,218,-0.028,-0.039,,,,,0.039,,1,-1,0.737,0.263,32,32,32,32,1,3,1,1,4,5,1.24,0.57,-0.57,41.4,,,,,
FF,2026-07-23,94.3,-2.08,5.74,"Anderson, Drew",686555,623454,field_out,hit_into_play,,,,,12,Isaac Collins bunt lines out to third baseman Hao-Yu Lee.,R,L,R,DET,KC,X,5,line_drive,0,1,2026,-0.57,1.3,0.1382095911138805,3.7118783889099154,,,686475,0,8,Top,112.79,187.66,,,,,7.010033112742679,-137.272764726925,-2.379026790725926,-8.75511329939413,29.714670664121556,-15.373817250456868,3.012885499,1.520521654,42,26.6,24,94.9,2272,6.5,824247,693307,679529,650402,701678,805808,656716,681546,681481,53.95,0.284,0.256,0.0,1,0,0,1,63,2,4-Seam Fastball,3,2,2,3,2,3,2,3,Strategic,Standard,212,0.068,0.011,5.5,1.0,,0.285,-0.011,88.0,1,-1,0.669,0.331,32,28,32,29,1,3,1,1,4,1,1.26,0.57,-0.57,40.3,17.888559862125003,-166.48435093376145,18.59084958277763,33.453251044047775,27.986334249974263
CU,2026-07-23,78.4,-2.13,5.8,"Anderson, Drew",686555,623454,,called_strike,,,,,5,,R,L,R,DET,KC,S,,,0,0,2026,0.91,-1.21,0.0579703722113534,2.426197875825036,,,686475,0,8,Top,,,,,,,2.9778017548529583,-114.11950726492913,2.123189106414403,7.254769577592543,23.131808976744637,-43.31138964690847,3.012885499,1.520521654,,,,78.4,2549,6.5,824247,693307,679529,650402,701678,805808,656716,681546,681481,54.03,,,,,,,,63,1,Curveball,3,2,2,3,2,3,2,3,Strategic,Standard,29,0.012,-0.04,,,,,0.04,,1,-1,0.657,0.343,32,28,32,29,1,3,1,1,4,1,4.94,-0.91,0.91,41.7,,,,,
CH,2026-07-23,89.5,-1.9,5.75,"Anderson, Drew",686681,623454,single,hit_into_play,,,,,14,Michael Massey singles on a ground ball to right fielder Kerry Carpenter.,R,L,R,DET,KC,X,9,ground_ball,1,1,2026,-1.13,-0.35,0.3094927034815062,1.062828247403921,,,,0,8,Top,179.18,124.12,,,,,7.828193846556029,-130.06291017023568,-4.52289513731644,-14.44379656738979,28.13513952708984,-35.36197013659114,3.199819554,1.614862205,106,104.8,5,89.7,1449,6.6,824247,693307,679529,650402,701678,805808,656716,681546,681481,53.93,0.637,0.6,0.9,1,1,0,4,62,3,Changeup,3,2,2,3,2,3,2,3,Infield shade,Standard,249,-0.091,0.458,73.9,7.4,,0.727,-0.458,104.8,1,-1,0.748,0.252,32,28,32,28,1,3,1,1,4,1,3.21,1.13,-1.13,42.1,14.754107691736278,-1.7075819120652702,43.79102710691879,34.806440095643055,32.25622936316765
FF,2026-07-23,95.1,-2.03,5.77,"Anderson, Drew",686681,623454,,ball,,,,,11,,R,L,R,DET,KC,B,,,0,1,2026,-0.57,1.37,-0.0480731766346979,3.9434769444468007,,,,0,8,Top,,,,,,,6.448322554631284,-138.43710070861394,-2.1378366794009023,-8.706912296690497,29.75932841446551,-14.267410506058685,3.199819554,1.614862205,,,,95.8,2145,6.6,824247,693307,679529,650402,701678,805808,656716,681546,681481,53.92,,,,,,,,62,2,4-Seam Fastball,3,2,2,3,2,3,2,3,Infield shade,Standard,206,-0.005,0.03,,,,,-0.03,,1,-1,0.753,0.247,32,28,32,28,1,3,1,1,4,1,1.14,0.57,-0.57,41.4,,,,,
CH,2026-07-23,90.9,-2.06,5.67,"Anderson, Drew",686681,623454,,foul,,,,,7,,R,L,R,DET,KC,S,,,0,0,2026,-0.99,-0.26,-0.4408357231193046,1.5333874947881432,,,,0,8,Top,,,,,,,6.199511353676865,-132.19573589851848,-3.6467999011183823,-12.97366650327311,28.88518837414827,-34.624448032050246,3.199819554,1.614862205,2,84.9,-46,91.1,1606,6.5,824247,693307,679529,650402,701678,805808,656716,681546,681481,54.01,,,,,,,,62,1,Changeup,3,2,2,3,2,3,2,3,Infield shade,Standard,249,0.008,-0.042,72.7,7.2,,,0.042,88.0,1,-1,0.745,0.255,32,28,32,28,1,3,1,1,4,1,3.03,0.99,-0.99,39.5,10.202314110190006,8.899880905651251,35.30415227565373,43.05570564287822,27.41595474670034
SI,2026-07-23,93.5,-2.43,4.35,"Schreiber, John",805808,670167,single,hit_into_play,,,,,9,"Kevin McGonigle singles on a line drive to left fielder Isaac Collins. Kevin McGonigle out at 2nd on the throw, left fielder Isaac Collins to second baseman Michael Massey.",R,L,R,DET,KC,X,7,line_drive,3,1,2026,-1.17,-0.16,0.320747106699873,1.5323207611092102,,,,2,7,Bot,86.84,84.83,,,,,9.646360033364603,-135.8720367455098,-0.9605419822864528,-16.5367275588763,28.328640233620096,-34.195334069391954,3.085728346,1.557283465,300,97.8,17,94.0,2214,6.5,824247,695600,686469,686681,668942,623205,686555,657041,679845,53.96,0.466,0.494,0.9,1,1,0,4,61,5,Sinker,3,2,3,2,2,3,3,2,Infield shade,Standard,243,-0.014,0.191,72.0,6.8,,0.722,-0.191,97.8,1,1,0.759,0.759,32,21,32,22,1,3,2,1,3,2,2.77,1.17,-1.17,14.7,-0.2769107162872654,10.134559191161548,45.74243460644919,36.40090848710408,29.25661415478455
ST,2026-07-23,80.8,-2.62,4.26,"Schreiber, John",805808,670167,,ball,,,,,13,,R,L,R,DET,KC,B,,,2,1,2026,1.37,-0.46,-0.0369499847026661,0.4690367425784161,,,,2,7,Bot,,,,,,,3.0307627501705867,-117.63111335699006,-0.620027403293871,12.030853726960927,23.90145419524792,-36.54428357791543,3.085728346,1.557283465,,,,80.8,2572,6.4,824247,695600,686469,686681,668942,623205,686555,657041,679845,54.1,,,,,,,,61,4,Sweeper,3,2,3,2,2,3,3,2,Strategic,Standard,63,0.003,0.099,,,,,-0.099,,1,1,0.756,0.756,32,21,32,22,1,3,2,1,3,2,3.97,-1.37,1.37,7.7,,,,,
SI,2026-07-23,94.0,-2.49,4.54,"Schreiber, John",805808,670167,,ball,,,,,14,,R,L,R,DET,KC,B,,,1,1,2026,-1.25,-0.05,1.2444361077844528,1.2328585503230438,,,,2,7,Bot,,,,,,,12.398124529946877,-136.4446970195907,-2.551448559499889,-18.184497507245094,27.34882490216297,-32.47841347369768,3.085728346,1.557283465,,,,94.7,2337,6.6,824247,695600,686469,686681,668942,623205,686555,657041,679845,53.87,,,,,,,,61,3,Sinker,3,2,3,2,2,3,3,2,Strategic,Standard,244,0.002,0.056,,,,,-0.056,,1,1,0.754,0.754,32,21,32,22,1,3,2,1,3,2,2.63,1.25,-1.25,13.3,,,,,
CH,2026-07-23,87.7,-2.6,4.32,"Schreiber, John",805808,670167,,ball,,,,,14,,R,L,R,DET,KC,B,,,0,1,2026,-0.92,-0.51,1.7030860523658529,-0.0675209272743151,,,,2,7,Bot,,,,,,,12.225125426160677,-127.17767571302694,-3.1917397453312075,-12.34750080543602,23.410391418220843,-37.29912282889974,3.085728346,1.557283465,,,,88.2,1280,6.6,824247,695600,686469,686681,668942,623205,686555,657041,679845,53.91,,,,,,,,61,2,Changeup,3,2,3,2,2,3,3,2,Strategic,Standard,275,0.001,0.029,,,,,-0.029,,1,1,0.753,0.753,32,21,32,22,1,3,2,1,3,2,3.47,0.92,-0.92,7.0,,,,,
ST,2026-07-23,82.4,-2.63,4.21,"Schreiber, John",805808,670167,,called_strike,,,,,14,,R,L,R,DET,KC,S,,,0,0,2026,1.34,-0.02,0.0967160203654173,1.2285260742872128,,,,2,7,Bot,,,,,,,3.4936916971114256,-120.10580033689368,-0.102024022882085,12.448446667998557,20.94650882591658,-32.53005241966188,3.085728346,1.557283465,,,,83.2,2612,6.5,824247,695600,686469,686681,668942,623205,686555,657041,679845,53.97,,,,,,,,61,1,Sweeper,3,2,3,2,2,3,3,2,Strategic,Standard,65,-0.002,-0.044,,,,,0.044,,1,1,0.755,0.755,32,21,32,22,1,3,2,1,3,2,3.34,-1.34,1.34,5.9,,,,,
FF,2026-07-23,94.1,-2.51,4.27,"Schreiber, John",681546,670167,home_run,hit_into_play,,,,,5,James Outman homers (4) on a fly ball to right center field. Dillon Dingler scores. Kerry Carpenter scores.,R,L,R,DET,KC,X,,fly_ball,2,2,2026,-0.79,0.6,0.2686735952838647,2.388243502730414,693307,,681481,2,7,Bot,196.23,69.86,,,,,8.928034070871586,-136.97913515290722,-0.4465869637051652,-11.66678220625633,25.246505379042667,-24.60801306024437,3.292847769,1.661811024,364,100.1,38,95.1,2259,6.5,824247,695600,686469,686681,668942,623205,686555,657041,679845,54.02,0.194,0.381,2.0,1,0,3,5,60,5,4-Seam Fastball,0,2,0,2,2,3,3,2,Standard,Standard,245,0.546,1.584,74.5,7.5,,0.741,-1.584,100.1,-2,-2,0.209,0.209,32,29,32,29,1,2,2,1,3,3,1.94,0.79,-0.79,7.0,13.80162002351642,-5.385705539909095,37.49090290173192,33.21054985118646,32.25841534594781
ST,2026-07-23,82.5,-2.66,4.06,"Schreiber, John",681546,670167,,foul,,,,,4,,R,L,R,DET,KC,S,,,2,1,2026,1.39,0.2,-0.3905617962899499,2.4576149468718937,693307,,681481,2,7,Bot,,,,,,,2.353072547203694,-120.22102881380415,2.5984932916717716,13.138654590340831,22.104623024708378,-30.94875123541923,3.292847769,1.661811024,181,68.3,24,82.9,2762,6.3,824247,695600,686469,686681,668942,623205,686555,657041,679845,54.15,,,,,,,,60,4,Sweeper,0,2,0,2,2,0,0,2,Standard,Standard,60,-0.018,-0.058,65.4,6.1,,,0.058,88.0,-2,-2,0.227,0.227,32,29,32,29,1,2,2,1,3,3,3.13,-1.39,1.39,6.7,-14.649856957230527,30.14351308868462,34.880795620716704,40.36723366593471,7.330201494200212
FC,2026-07-23,89.5,-2.59,4.38,"Schreiber, John",681546,670167,,foul,,,,,9,,R,L,R,DET,KC,S,,,2,0,2026,0.34,0.45,0.7054341174847825,1.5746478740286824,693307,,681481,2,7,Bot,,,,,,,7.358647234395271,-130.271022485773,-1.759995513773093,2.539518689982709,23.992719622123023,-26.90368213931645,3.292847769,1.661811024,4,86.7,-25,90.7,2500,6.7,824247,695600,686469,686681,668942,623205,686555,657041,679845,53.8,,,,,,,,60,3,Cutter,0,2,0,2,2,0,0,2,Standard,Standard,213,-0.011,-0.045,70.1,8.7,,,0.045,88.0,-2,-2,0.238,0.238,32,29,32,29,1,2,2,1,3,3,2.37,-0.34,0.34,10.8,25.70713158271238,-20.82085202636833,38.711358917639345,29.31533897551451,37.57979979422079
SI,2026-07-23,94.5,-2.47,4.5,"Schreiber, John",681546,670167,,ball,,,,,14,,R,L,R,DET,KC,B,,,1,0,2026,-1.09,-0.13,1.2137844150996853,1.92845950931367,693307,,681481,2,7,Bot,,,,,,,12.166377805218088,-137.2656693033749,-0.6255368593631758,-16.18977876987819,24.139380990296264,-33.849689085540945,3.292847769,1.661811024,,,,97.0,2256,7.4,824247,695600,686469,686681,668942,623205,686555,657041,679845,53.12,,,,,,,,60,2,Sinker,0,2,0,2,2,0,0,2,Standard,Standard,258,0.011,0.036,,,,,-0.036,,-2,-2,0.227,0.227,32,29,32,29,1,2,2,1,3,3,2.64,1.09,-1.09,13.7,,,,,
ST,2026-07-23,81.6,-2.74,4.17,"Schreiber, John",681546,670167,,ball,,,,,13,,R,L,R,DET,KC,B,,,0,0,2026,1.68,-0.06,-1.0741801280671794,2.147172274485728,693307,,681481,2,7,Bot,,,,,,,0.4119384961066659,-118.9206698169156,2.3328491728369825,15.910723717745215,22.483664847671257,-33.435151993277245,3.292847769,1.661811024,,,,82.2,2697,6.6,824247,695600,686469,686681,668942,623205,686555,657041,679845,53.9,,,,,,,,60,1,Sweeper,0,2,0,2,2,0,0,2,Standard,Standard,66,0.005,0.019,,,,,-0.019,,-2,-2,0.222,0.222,32,29,32,29,1,2,2,1,3,3,3.47,-1.68,1.68,8.9,,,,,
FF,2026-07-23,95.1,-2.44,4.7,"Schreiber, John",656716,670167,field_out,hit_into_play,,,,,3,Zach McKinstry lines out to shortstop Andrew Velazquez.,R,L,R,DET,KC,X,6,line_drive,0,0,2026,-0.74,1.07,0.8144871892514489,2.785481226729716,693307,,681481,1,7,Bot,117.89,152.35,,,,,10.204095983755051,-138.15470607353316,-1.6704071111274916,-11.610137133698824,29.087710123450087,-18.225152770006098,3.169980315,1.59980315,126,49.0,30,96.2,2236,6.9,824247,695600,686469,686681,668942,623205,686555,657041,679845,53.61,0.111,0.1,0.0,1,0,0,1,59,1,4-Seam Fastball,0,2,0,2,2,0,0,2,Standard,Standard,240,-0.112,-0.145,68.6,5.8,,0.111,0.145,88.0,-2,-2,0.334,0.334,32,31,32,31,1,2,2,1,3,1,1.45,0.74,-0.74,17.0,-5.750103088111409,6.381048811465132,40.1649558929435,24.191442960993236,23.84947636739158
FF,2026-07-23,94.4,-2.45,4.58,"Schreiber, John",679529,670167,strikeout,swinging_strike,,,,,5,Spencer Torkelson strikes out swinging.,R,R,R,DET,KC,S,2,,2,2,2026,-0.66,0.99,0.0483932492806781,2.6496322145822395,693307,,681481,0,7,Bot,,,,,,,7.956823929046909,-137.3252670899543,-1.44251210705246,-10.131172270316885,29.24388227548369,-19.436993509172,3.232291667,1.63125,,,,94.9,2308,6.5,824247,695600,686469,686681,668942,623205,686555,657041,679845,53.97,,0.0,0.0,1,0,0,,58,5,4-Seam Fastball,0,2,0,2,2,0,0,2,Standard,Standard,242,-0.084,-0.279,74.2,6.7,0.8283465,,0.279,,-2,-2,0.418,0.418,32,26,32,27,1,2,2,1,3,1,1.56,0.66,0.66,13.3,-3.130814150210848,19.822160891608775,39.89935129530374,37.438167847924376,15.463874551219874
FF,2026-07-23,94.6,-2.37,4.65,"Schreiber, John",679529,670167,,ball,,,,,12,,R,R,R,DET,KC,B,,,1,2,2026,-0.67,1.04,1.6629235964599276,2.568623009361705,693307,,681481,0,7,Bot,,,,,,,11.993873832278425,-137.40219041616527,-1.9823143326835464,-11.017485607329036,27.7737435919851,-18.6462443070624,3.232291667,1.63125,,,,95.6,2369,6.7,824247,695600,686469,686681,668942,623205,686555,657041,679845,53.76,,,,,,,,58,4,4-Seam Fastball,0,2,0,2,2,0,0,2,Standard,Standard,237,0.015,0.044,,,,,-0.044,,-2,-2,0.403,0.403,32,26,32,27,1,2,2,1,3,1,1.5,0.67,0.67,16.8,,,,,
FF,2026-07-23,94.5,-2.45,4.67,"Schreiber, John",679529,670167,,ball,,,,,12,,R,R,R,DET,KC,B,,,0,2,2026,-0.59,1.0,1.1994031426349203,3.5693518236496935,693307,,681481,0,7,Bot,,,,,,,10.802338270504652,-137.3475248273109,0.6867604695918922,-9.762578640268824,28.951028205851557,-19.84120584486158,3.232291667,1.63125,,,,95.4,2312,6.8,824247,695600,686469,686681,668942,623205,686555,657041,679845,53.74,,,,,,,,58,3,4-Seam Fastball,0,2,0,2,2,0,0,2,Standard,Standard,242,0.01,0.016,,,,,-0.016,,-2,-2,0.393,0.393,32,26,32,27,1,2,2,1,3,1,1.55,0.59,0.59,17.6,,,,,
ST,2026-07-23,81.5,-2.64,4.32,"Schreiber, John",679529,670167,,called_strike,,,,,4,,R,R,R,DET,KC,S,,,0,1,2026,1.6,0.1,-0.6538554271084753,2.204188602940708,693307,,681481,0,7,Bot,,,,,,,1.2639846738336695,-118.6181531063048,1.8695253423425149,14.792439566306967,24.140415657387653,-31.802342944159797,3.232291667,1.63125,,,,81.5,2655,6.4,824247,695600,686469,686681,668942,623205,686555,657041,679845,54.05,,,,,,,,58,2,Sweeper,0,2,0,2,2,0,0,2,Standard,Standard,70,-0.025,-0.061,,,,,0.061,,-2,-2,0.418,0.418,32,26,32,27,1,2,2,1,3,1,3.34,-1.6,-1.6,7.7,,,,,
ST,2026-07-23,82.0,-2.68,4.18,"Schreiber, John",679529,670167,,foul,,,,,5,,R,R,R,DET,KC,S,,,0,0,2026,1.31,-0.15,-0.0495205192169401,2.2377979433486805,693307,,681481,0,7,Bot,,,,,,,3.300898803302078,-119.3398121054911,2.645001464868942,11.901899343959906,23.358924565352932,-34.31277408630416,3.232291667,1.63125,75,76.6,7,82.3,2513,6.5,824247,695600,686469,686681,668942,623205,686555,657041,679845,54.01,,,,,,,,58,1,Sweeper,0,2,0,2,2,0,0,2,Standard,Standard,67,-0.015,-0.045,76.3,7.9,,,0.045,88.0,-2,-2,0.433,0.433,32,26,32,27,1,2,2,1,3,1,3.54,-1.31,-1.31,6.0,16.49784573930062,-30.718590287642407,41.79418147166784,34.59474837017869,43.44490460863682
FC,2026-07-23,91.4,-2.55,4.51,"Schreiber, John",681481,670167,single,hit_into_play,,,,,3,Kerry Carpenter singles on a line drive to right fielder Nick Loftin. Dillon Dingler to 3rd.,R,L,R,DET,KC,X,9,line_drive,1,0,2026,0.1,0.55,0.6724569897844349,3.1348287910906154,,,693307,0,7,Bot,190.37,130.26,,,,,7.859791893271866,-133.06582293239563,1.3003546776649206,-0.2818137540524701,24.844509363253447,-26.021407464096228,3.234046916,1.632135827,138,80.6,13,92.7,2356,6.7,824247,695600,686469,686681,668942,623205,686555,657041,679845,53.77,0.569,0.527,0.9,1,1,0,4,57,2,Cutter,0,2,0,2,2,0,0,2,Standard,Standard,215,0.133,0.432,69.0,6.8,,0.642,-0.432,88.0,-2,-2,0.3,0.3,32,28,32,29,1,2,2,1,3,2,2.15,-0.1,0.1,14.1,17.950618407821096,-0.0194350713266718,28.595167235094973,29.966162459580023,25.349578678971675
ST,2026-07-23,81.0,-2.69,4.22,"Schreiber, John",681481,670167,,ball,,,,,13,,R,L,R,DET,KC,B,,,0,0,2026,1.71,-0.06,-0.9573217626178356,2.283329463386989,,,693307,0,7,Bot,,,,,,,0.4999475203737156,-117.87403078262707,2.615869770762989,15.813057228731028,22.955472882292227,-33.48109398394265,3.234046916,1.632135827,,,,81.0,2691,6.4,824247,695600,686469,686681,668942,623205,686555,657041,679845,54.14,,,,,,,,57,1,Sweeper,0,2,0,2,2,0,0,2,Standard,Standard,76,0.01,0.037,,,,,-0.037,,-2,-2,0.29,0.29,32,28,32,29,1,2,2,1,3,2,3.54,-1.71,1.71,7.7,,,,,
SI,2026-07-23,93.2,-2.54,4.44,"Schreiber, John",693307,670167,single,hit_into_play,,,,,7,Dillon Dingler singles on a line drive to right fielder Nick Loftin.,R,R,R,DET,KC,X,9,line_drive,1,0,2026,-1.31,-0.22,-0.5539537683251781,2.007035509872526,,,,0,7,Bot,170.51,110.27,,,,,8.002631980908406,-135.54210686031814,0.145047252684868,-17.850640459165017,27.102410044251556,-35.138904288652654,3.271784777,1.651181102,225,77.4,22,94.1,2175,6.7,824247,695600,686469,686681,668942,623205,686555,657041,679845,53.83,0.949,0.872,0.9,1,1,0,4,56,2,Sinker,0,2,0,2,2,0,0,2,Standard,Standard,242,0.062,0.402,66.6,6.8,,1.038,-0.402,88.0,-2,-2,0.228,0.228,32,27,32,28,1,2,2,1,3,1,2.83,1.31,1.31,10.4,-5.268859331862676,1.727762708361398,44.92994532493193,29.15790161375184,20.943958230524295
SI,2026-07-23,93.8,-2.66,4.43,"Schreiber, John",693307,670167,,ball,,,,,13,,R,R,R,DET,KC,B,,,0,0,2026,-1.4,-0.11,-1.3733866326602482,1.8395849825016743,,,,0,7,Bot,,,,,,,6.46589053587475,-136.49290054484013,-0.5690248459519065,-18.906235022388778,27.959797693759036,-33.652098174552805,3.271784777,1.651181102,,,,94.5,2209,6.6,824247,695600,686469,686681,668942,623205,686555,657041,679845,53.94,,,,,,,,56,1,Sinker,0,2,0,2,2,0,0,2,Standard,Standard,257,0.007,0.043,,,,,-0.043,,-2,-2,0.221,0.221,32,27,32,28,1,2,2,1,3,1,2.69,1.4,1.4,10.0,,,,,
FF,2026-07-23,92.8,0.14,6.3,"Waguespack, Jacob",521692,621097,field_out,hit_into_play,,,,,12,Salvador Perez flies out to right fielder Kerry Carpenter.,R,R,R,DET,KC,X,9,fly_ball,1,2,2026,-0.49,1.6,0.3307239776005882,3.610823094043464,,,,2,7,Top,170.66,122.88,,,,,1.612354548983548,-135.18501860994806,-4.537100449407678,-6.367796866788097,29.558243877511913,-11.732273782351523,3.312155512,1.671555118,222,90.6,56,94.3,2203,7.1,824247,693307,679529,650402,701678,805808,656716,681546,681481,53.38,0.009,0.009,0.0,1,0,0,3,55,4,4-Seam Fastball,0,2,2,0,2,0,2,0,Standard,Standard,193,0.006,-0.18,70.3,7.1,,0.011,0.18,90.6,-2,2,0.215,0.785,32,36,33,36,1,3,3,1,2,1,1.04,0.49,0.49,73.0,16.66949501609461,2.4678125177834462,24.84982640044005,39.19685045983488,22.869004062310708
FF,2026-07-23,92.5,0.07,6.35,"Waguespack, Jacob",521692,621097,,swinging_strike,,,,,12,,R,R,R,DET,KC,S,,,1,1,2026,-0.32,1.67,0.3850692932077253,3.9621249045320424,,,,2,7,Top,,,,,,,1.5328363709289163,-134.74546852697245,-3.861577213601683,-4.23168641349518,29.353262163681624,-11.178351234791952,3.312155512,1.671555118,,,,93.9,2209,7.1,824247,693307,679529,650402,701678,805808,656716,681546,681481,53.44,,,,,,,,55,3,4-Seam Fastball,0,2,2,0,2,0,2,0,Standard,Standard,195,0.003,-0.065,69.2,6.7,2.573029704,,0.065,,-2,2,0.212,0.788,32,36,33,36,1,3,3,1,2,1,0.99,0.32,0.32,73.1,13.491655954751662,18.88908790617786,24.61219366071448,40.54218168213648,14.704598706360796
FC,2026-07-23,86.6,-0.46,6.28,"Waguespack, Jacob",521692,621097,,called_strike,,,,,1,,R,R,R,DET,KC,S,,,1,0,2026,0.42,0.61,-0.6331033412784852,3.2790557981924504,,,,2,7,Top,,,,,,,-1.2984820488986597,-126.20500859539126,-2.106836040003672,4.712119724771993,23.49741534877756,-25.44535573139623,3.312155512,1.671555118,,,,88.0,1892,6.9,824247,693307,679529,650402,701678,805808,656716,681546,681481,53.59,,,,,,,,55,2,Cutter,0,2,2,0,2,0,2,0,Standard,Standard,179,0.001,-0.056,,,,,0.056,,-2,2,0.211,0.789,32,36,33,36,1,3,3,1,2,1,2.4,-0.42,-0.42,66.0,,,,,
FC,2026-07-23,85.2,-0.36,6.36,"Waguespack, Jacob",521692,621097,,ball,,,,,12,,R,R,R,DET,KC,B,,,0,0,2026,0.38,0.43,1.866644696820215,3.7008035944774553,,,,2,7,Top,,,,,,,4.448175075604673,-124.15896865372792,-0.7183149384818682,3.1385460893985813,22.361882399379773,-27.72307656084402,3.312155512,1.671555118,,,,86.8,1930,7.0,824247,693307,679529,650402,701678,805808,656716,681546,681481,53.47,,,,,,,,55,1,Cutter,0,2,2,0,2,0,2,0,Standard,Standard,158,-0.001,0.041,,,,,-0.041,,-2,2,0.212,0.788,32,36,33,36,1,3,3,1,2,1,2.67,-0.38,-0.38,67.1,,,,,
ST,2026-07-23,80.4,2.0,5.68,"Holton, Tyler",686469,663947,field_out,hit_into_play,,,,,2,Vinnie Pasquantino flies out to center fielder James Outman.,R,L,L,DET,KC,X,8,fly_ball,2,2,2026,-1.56,0.19,-0.2230470453338382,3.1257641059906107,,,,1,7,Top,128.71,60.93,,,,,-1.8681073054074349,-117.0640430991158,0.8580773479368431,-13.943646974399533,22.36471935121548,-30.811544543650392,3.363057743,1.697244095,343,90.4,32,80.6,2663,6.5,824247,693307,679529,650402,701678,805808,656716,681546,681481,54.05,0.051,0.074,0.0,1,0,0,3,54,6,Sweeper,0,2,2,0,2,0,2,0,Infield shade,Standard,299,0.009,-0.235,63.3,6.8,,0.127,0.235,90.4,-2,2,0.203,0.797,30,28,30,29,1,3,3,1,2,1,3.34,-1.56,-1.56,37.6,11.781388338445788,-0.9264769440388724,27.251957509300304,44.5892585868355,25.747081441998834
SI,2026-07-23,91.1,1.81,5.68,"Holton, Tyler",686469,663947,,foul,,,,,5,,R,L,L,DET,KC,S,,,2,2,2026,1.4,0.85,0.0422497480618613,2.557361877853668,,,,1,7,Top,,,,,,,-7.487009382240603,-132.53444160778767,-3.653795845581624,18.13013945372335,26.366273044148706,-21.51740840352768,3.363057743,1.697244095,200,69.3,27,91.7,2168,6.5,824247,693307,679529,650402,701678,805808,656716,681546,681481,53.97,,,,,,,,54,5,Sinker,0,2,2,0,2,0,2,0,Infield shade,Standard,137,0.0,0.0,69.5,6.4,,,0.0,88.0,-2,2,0.203,0.797,30,28,30,29,1,3,3,1,2,1,1.88,1.4,1.4,38.3,-8.201644583662816,13.168154629574078,36.48712819227158,40.74092282547151,14.970521832343255
SI,2026-07-23,90.6,1.72,5.73,"Holton, Tyler",686469,663947,,called_strike,,,,,13,,R,L,L,DET,KC,S,,,2,1,2026,1.28,0.74,-0.7034045960884792,1.5330441248009634,,,,1,7,Top,,,,,,,-8.778884168031116,-131.72390688591452,-5.982063938268104,16.71473723025665,25.432498216936235,-22.443513571238928,3.363057743,1.697244095,,,,91.2,2063,6.5,824247,693307,679529,650402,701678,805808,656716,681546,681481,54.03,,,,,,,,54,4,Sinker,0,2,2,0,2,0,2,0,Infield shade,Standard,137,0.004,-0.076,,,,,0.076,,-2,2,0.199,0.801,30,28,30,29,1,3,3,1,2,1,2.02,1.28,1.28,39.3,,,,,
ST,2026-07-23,80.3,1.85,5.62,"Holton, Tyler",686469,663947,,ball,,,,,13,,R,L,L,DET,KC,B,,,1,1,2026,-1.36,0.26,-1.2623182462050704,1.9336730135876208,,,,1,7,Top,,,,,,,-4.1997483189160505,-116.8618753549397,-1.75061578369951,-11.63792036316402,22.35700994355378,-29.64724735972248,3.363057743,1.697244095,,,,80.5,2864,6.4,824247,693307,679529,650402,701678,805808,656716,681546,681481,54.06,,,,,,,,54,3,Sweeper,0,2,2,0,2,0,2,0,Infield shade,Standard,302,-0.003,0.057,,,,,-0.057,,-2,2,0.202,0.798,30,28,30,29,1,3,3,1,2,1,3.28,-1.36,-1.36,37.1,,,,,
FC,2026-07-23,88.2,1.65,5.84,"Holton, Tyler",686469,663947,,ball,,,,,4,,R,L,L,DET,KC,B,,,0,1,2026,-0.27,0.69,-0.8261806029172251,2.2627131527492397,,,,1,7,Top,,,,,,,-5.382828593707696,-128.56754054544805,-3.957758301314584,-2.159997131596835,22.1687993312102,-23.95001422913448,3.363057743,1.697244095,,,,89.1,2382,6.4,824247,693307,679529,650402,701678,805808,656716,681546,681481,54.14,,,,,,,,54,2,Cutter,0,2,2,0,2,0,2,0,Infield shade,Standard,177,-0.001,0.033,,,,,-0.033,,-2,2,0.203,0.797,30,28,30,29,1,3,3,1,2,1,2.19,-0.27,-0.27,46.5,,,,,
SI,2026-07-23,90.6,1.7,5.7,"Holton, Tyler",686469,663947,,called_strike,,,,,7,,R,L,L,DET,KC,S,,,0,0,2026,1.46,0.77,-0.601808862783987,1.849958297204294,,,,1,7,Top,,,,,,,-8.890446556899512,-131.71813742190488,-5.180999755725414,18.898636178647916,25.91249369182889,-22.335442029179603,3.363057743,1.697244095,,,,91.2,2096,6.6,824247,693307,679529,650402,701678,805808,656716,681546,681481,53.94,,,,,,,,54,1,Sinker,0,2,2,0,2,0,2,0,Infield shade,Standard,137,0.002,-0.041,,,,,0.041,,-2,2,0.201,0.799,30,28,30,29,1,3,3,1,2,1,2.0,1.46,1.46,40.6,,,,,
FC,2026-07-23,86.1,1.65,5.77,"Holton, Tyler",657041,663947,field_out,hit_into_play,,,,,4,"Lane Thomas grounds out, second baseman Gleyber Torres to first baseman Spencer Torkelson.",R,R,L,DET,KC,X,4,ground_ball,1,1,2026,-0.49,0.3,-0.5086408687904633,2.224949858731429,,,,0,7,Top,141.67,152.7,,,,,-4.0596717360634775,-125.49368959326976,-2.7047701522647487,-4.538770328562985,21.274188462058387,-28.67849867351922,3.146284449,1.587844488,7,73.9,-17,87.2,2443,6.5,824247,693307,679529,650402,701678,805808,656716,681546,681481,53.99,0.063,0.063,0.0,1,0,0,2,53,3,Cutter,0,2,2,0,2,0,2,0,Infield shade,Standard,213,0.015,-0.248,70.8,5.9,,0.072,0.248,88.0,-2,2,0.186,0.814,30,30,30,31,1,3,3,1,2,1,2.72,-0.49,0.49,43.1,-4.545965960836088,18.14856078474652,31.758043367209986,31.681564195174857,18.633485276354957
CU,2026-07-23,81.2,1.49,5.97,"Holton, Tyler",657041,663947,,ball,,,,,13,,R,R,L,DET,KC,B,,,0,1,2026,-0.59,-1.47,-1.7392571249473212,-0.1841584518592842,,,,0,7,Top,,,,,,,-6.000830462889449,-118.066865881856,-3.9456452276914726,-4.312561048972635,24.05044304843202,-45.237196264198495,3.146284449,1.587844488,,,,81.3,2836,6.5,824247,693307,679529,650402,701678,805808,656716,681546,681481,53.95,,,,,,,,53,2,Curveball,0,2,2,0,2,0,2,0,Infield shade,Standard,331,-0.001,0.03,,,,,-0.03,,-2,2,0.187,0.813,30,30,30,31,1,3,3,1,2,1,4.95,-0.59,0.59,47.5,,,,,
FF,2026-07-23,90.5,1.63,5.85,"Holton, Tyler",657041,663947,,called_strike,,,,,3,,R,R,L,DET,KC,S,,,0,0,2026,0.54,1.22,0.785503284376968,3.062740790452652,,,,0,7,Top,,,,,,,-3.2727222556129125,-131.79571542722147,-3.537990982272234,6.946092513952565,26.355123103782876,-17.326088357190088,3.146284449,1.587844488,,,,91.2,2071,6.5,824247,693307,679529,650402,701678,805808,656716,681546,681481,53.97,,,,,,,,53,1,4-Seam Fastball,0,2,2,0,2,0,2,0,Infield shade,Standard,141,0.002,-0.042,,,,,0.042,,-2,2,0.185,0.815,30,30,30,31,1,3,3,1,2,1,1.54,0.54,-0.54,43.7,,,,,
FF,2026-07-23,90.5,3.35,5.27,"Strahm, Matt",682985,621381,field_out,hit_into_play,,,,,4,Riley Greene flies out sharply to center fielder Lane Thomas.,R,L,L,DET,KC,X,8,fly_ball,1,2,2026,1.05,1.44,-0.4887360066946424,2.7758424171753164,,,701678,2,6,Bot,104.62,35.42,,,,,-11.672622291292749,-131.36576602095263,-3.1980001588738345,14.620814223685633,26.654035599270436,-14.964524754302566,3.303379265,1.667125984,406,104.3,31,90.1,2521,6.1,824247,695600,686469,686681,668942,623205,686555,657041,679845,54.39,0.76,1.522,0.0,1,0,0,6,52,4,4-Seam Fastball,0,2,0,2,2,0,0,2,Infield shade,Standard,131,-0.024,-0.196,75.2,7.4,,2.979,0.196,104.3,-2,-2,0.209,0.209,34,25,35,26,1,2,2,1,3,1,1.35,1.05,1.05,31.1,16.50604939382425,-4.804496356236174,37.67096222060491,38.43421081939127,32.50705538117518
SL,2026-07-23,79.9,3.46,5.31,"Strahm, Matt",682985,621381,,foul,,,,,5,,R,L,L,DET,KC,S,,,1,1,2026,-1.05,0.41,-0.1706397833387972,2.7319155888496365,,,701678,2,6,Bot,,,,,,,-5.874085917098913,-116.27023583551654,0.4568300816400104,-8.408009303412213,21.64826177185604,-28.774672584155564,3.303379265,1.667125984,95,70.7,8,79.7,2604,6.1,824247,695600,686469,686681,668942,623205,686555,657041,679845,54.35,,,,,,,,52,3,Slider,0,2,0,2,2,0,0,2,Infield shade,Standard,271,-0.009,-0.067,76.9,7.5,,,0.067,88.0,-2,-2,0.218,0.218,34,25,35,26,1,2,2,1,3,1,3.16,-1.05,-1.05,33.8,21.71075149784166,-8.020582721726182,40.03840987336991,35.444706546747774,35.796299234386375
SI,2026-07-23,90.1,3.46,5.24,"Strahm, Matt",682985,621381,,ball,,,,,12,,R,L,L,DET,KC,B,,,0,1,2026,1.46,1.04,1.04203948034195,3.867040620527055,,,701678,2,6,Bot,,,,,,,-9.02890159801526,-130.86184230820362,0.4818715510299295,18.66106538420391,27.98364661562896,-20.559160164401867,3.303379265,1.667125984,,,,89.7,2409,6.2,824247,695600,686469,686681,668942,623205,686555,657041,679845,54.34,,,,,,,,52,2,Sinker,0,2,0,2,2,0,0,2,Infield shade,Standard,142,0.003,0.028,,,,,-0.028,,-2,-2,0.215,0.215,34,25,35,26,1,2,2,1,3,1,1.78,1.46,1.46,30.9,,,,,
SL,2026-07-23,80.4,3.45,5.41,"Strahm, Matt",682985,621381,,called_strike,,,,,1,,R,L,L,DET,KC,S,,,0,0,2026,-1.38,0.0,-0.3581915979679277,3.236668765580812,,,701678,2,6,Bot,,,,,,,-5.64406720672587,-116.85528772498186,2.0998093773752515,-11.3789921260066,23.961673933843763,-32.81297308022437,3.303379265,1.667125984,,,,79.6,2657,6.0,824247,695600,686469,686681,668942,623205,686555,657041,679845,54.48,,,,,,,,52,1,Slider,0,2,0,2,2,0,0,2,Infield shade,Standard,294,-0.005,-0.04,,,,,0.04,,-2,-2,0.22,0.22,34,25,35,26,1,2,2,1,3,1,3.56,-1.38,-1.38,36.5,,,,,
FF,2026-07-23,90.1,1.61,5.34,"Strahm, Matt",701678,621381,walk,ball,,,,,12,Hao-Yu Lee walks.,R,R,L,DET,KC,B,,,3,2,2026,0.87,1.36,2.006198932599734,3.240236611715816,,,,2,6,Bot,,,,,,,-0.9019964142751848,-131.33652174272828,-2.026817038321358,10.237998639523196,27.55959360950293,-16.257898927923655,3.087483596,1.558169291,,,,90.1,2456,6.2,824247,695600,686469,686681,668942,623205,686555,657041,679845,54.35,,0.698492,0.7,1,0,0,,51,6,4-Seam Fastball,0,2,0,2,2,0,0,2,Standard,Standard,140,0.017,0.294,,,,,-0.294,,-2,-2,0.203,0.203,34,23,35,23,1,0,2,1,3,1,1.44,0.87,-0.87,32.3,,,,,
FF,2026-07-23,89.2,1.61,5.28,"Strahm, Matt",701678,621381,,called_strike,,,,,7,,R,R,L,DET,KC,S,,,3,1,2026,0.79,1.4,-0.5103967840123336,1.721571555796872,,,,2,6,Bot,,,,,,,-6.826511004235347,-129.67450457315775,-5.539312730396516,10.288744601578571,25.021582373625193,-15.34529000517108,3.087483596,1.558169291,,,,89.4,2477,6.3,824247,695600,686469,686681,668942,623205,686555,657041,679845,54.19,,,,,,,,51,5,4-Seam Fastball,0,2,0,2,2,0,0,2,Standard,Standard,135,-0.005,-0.098,,,,,0.098,,-2,-2,0.208,0.208,34,23,35,23,1,0,2,1,3,1,1.45,0.79,-0.79,30.0,,,,,
SL,2026-07-23,80.1,1.58,5.41,"Strahm, Matt",701678,621381,,ball,,,,,13,,R,R,L,DET,KC,B,,,2,1,2026,-1.07,0.06,-0.2470682897897271,0.712307500923159,,,,2,6,Bot,,,,,,,-1.9194786345487969,-116.67249642855538,-3.543066648885416,-9.37426321471504,22.106790620652777,-31.12789206711996,3.087483596,1.558169291,,,,80.0,2592,6.2,824247,695600,686469,686681,668942,623205,686555,657041,679845,54.34,,,,,,,,51,4,Slider,0,2,0,2,2,0,0,2,Standard,Standard,282,0.006,0.099,,,,,-0.099,,-2,-2,0.202,0.202,34,23,35,23,1,0,2,1,3,1,3.48,-1.07,1.07,34.7,,,,,
FF,2026-07-23,89.3,1.51,5.28,"Strahm, Matt",701678,621381,,swinging_strike,,,,,11,,R,R,L,DET,KC,S,,,2,0,2026,0.84,1.44,-0.3648680114163627,3.2442273838726017,,,,2,6,Bot,,,,,,,-6.346007476487614,-129.99479380990414,-1.9385082485849492,10.86038321373295,26.40514532072258,-15.595839760911494,3.087483596,1.558169291,,,,89.3,2484,6.2,824247,695600,686469,686681,668942,623205,686555,657041,679845,54.31,,,,,,,,51,3,4-Seam Fastball,0,2,0,2,2,0,0,2,Standard,Standard,135,-0.004,-0.065,75.2,6.8,0.866544564,,0.065,,-2,-2,0.206,0.206,34,23,35,23,1,0,2,1,3,1,1.41,0.84,-0.84,32.9,15.003742215405524,7.113296017465164,21.15698823303372,29.69811662071565,22.36869159794648
FF,2026-07-23,90.8,1.8,5.36,"Strahm, Matt",701678,621381,,ball,,,,,12,,R,R,L,DET,KC,B,,,1,0,2026,0.95,1.43,1.0569162848933116,4.813198593075798,,,,2,6,Bot,,,,,,,-3.891078249528188,-132.22266836590495,1.538797990236441,12.012657992901184,27.791810964645343,-15.922215185958752,3.087483596,1.558169291,,,,90.5,2545,6.0,824247,695600,686469,686681,668942,623205,686555,657041,679845,54.48,,,,,,,,51,2,4-Seam Fastball,0,2,0,2,2,0,0,2,Standard,Standard,136,0.004,0.065,,,,,-0.065,,-2,-2,0.202,0.202,34,23,35,23,1,0,2,1,3,1,1.33,0.95,-0.95,30.7,,,,,
FF,2026-07-23,89.5,1.68,5.35,"Strahm, Matt",701678,621381,,ball,,,,,12,,R,R,L,DET,KC,B,,,0,0,2026,0.97,1.55,1.8594171573202116,3.7884665943439537,,,,2,6,Bot,,,,,,,-1.6310172456503498,-130.4373397478668,-1.039477154693647,11.388243255233409,27.24328806393433,-14.50928761648822,3.087483596,1.558169291,,,,89.2,2442,6.0,824247,695600,686469,686681,668942,623205,686555,657041,679845,54.5,,,,,,,,51,1,4-Seam Fastball,0,2,0,2,2,0,0,2,Standard,Standard,140,0.002,0.041,,,,,-0.041,,-2,-2,0.2,0.2,34,23,35,23,1,0,2,1,3,1,1.29,0.97,-0.97,31.3,,,,,
SL,2026-07-23,82.0,1.47,5.48,"Strahm, Matt",650402,621381,strikeout,swinging_strike,,,,,13,Gleyber Torres strikes out swinging.,R,R,L,DET,KC,S,2,,3,2,2026,-1.16,0.48,-1.41053328539822,1.0361456668776223,,,,1,6,Bot,,,,,,,-4.139308766952532,-119.37640801365217,-4.183744460913698,-10.314254717037771,23.21368982216037,-26.958213918905855,3.12960958,1.579429134,,,,81.9,2716,6.2,824247,695600,686469,686681,668942,623205,686555,657041,679845,54.29,,0.0,0.0,1,0,0,,50,6,Slider,0,2,0,2,2,0,0,2,Standard,Standard,280,-0.031,-0.345,28.3,6.5,11.573015292,,0.345,,-2,-2,0.231,0.231,34,29,35,30,1,2,2,2,3,1,2.91,-1.16,1.16,37.5,12.169181730178236,11.194829765240762,35.873500862771,17.823550031444306,30.50819700982094
FF,2026-07-23,90.4,1.57,5.38,"Strahm, Matt",650402,621381,,ball,,,,,12,,R,R,L,DET,KC,B,,,2,2,2026,0.92,1.43,0.4637417495484088,4.178090722483466,,,,1,6,Bot,,,,,,,-4.677216068802139,-131.6746771959676,-0.0578886530611298,11.62938667837414,26.305942830311547,-15.657786465923335,3.12960958,1.579429134,,,,90.3,2464,6.0,824247,695600,686469,686681,668942,623205,686555,657041,679845,54.45,,,,,,,,50,5,4-Seam Fastball,0,2,0,2,2,0,0,2,Standard,Standard,137,0.01,0.111,,,,,-0.111,,-2,-2,0.221,0.221,34,29,35,30,1,2,2,2,3,1,1.34,0.92,-0.92,32.5,,,,,
CH,2026-07-23,81.9,1.81,5.18,"Strahm, Matt",650402,621381,,ball,,,,,12,,R,R,L,DET,KC,B,,,1,2,2026,0.98,-0.36,0.9303547259121598,3.3259717294534408,,,,1,6,Bot,,,,,,,-3.870649197573164,-119.24716140709862,3.189515025095319,10.137539740060674,21.316466933062607,-36.391476268732674,3.12960958,1.579429134,,,,82.0,1872,6.1,824247,695600,686469,686681,668942,623205,686555,657041,679845,54.36,,,,,,,,50,4,Changeup,0,2,0,2,2,0,0,2,Standard,Standard,93,0.004,0.052,,,,,-0.052,,-2,-2,0.217,0.217,34,29,35,30,1,2,2,2,3,1,3.73,0.98,-0.98,26.0,,,,,
FF,2026-07-23,90.5,1.62,5.21,"Strahm, Matt",650402,621381,,foul,,,,,4,,R,R,L,DET,KC,S,,,1,1,2026,1.11,1.33,-0.4210277693664745,2.317261225788788,,,,1,6,Bot,,,,,,,-7.38323979821322,-131.65333353234664,-3.973646557315745,14.409829067101096,26.916703127784377,-15.983476231071052,3.12960958,1.579429134,145,76.7,13,90.3,2562,6.1,824247,695600,686469,686681,668942,623205,686555,657041,679845,54.4,,,,,,,,50,3,4-Seam Fastball,0,2,0,2,2,0,0,2,Standard,Standard,133,-0.007,-0.071,74.5,7.3,,,0.071,88.0,-2,-2,0.224,0.224,34,29,35,30,1,2,2,2,3,1,1.44,1.11,-1.11,30.3,11.525865987753132,-3.353024771149763,39.556285865256875,30.33434516547902,33.37041978560579
FF,2026-07-23,91.2,1.72,5.2,"Strahm, Matt",650402,621381,,foul,,,,,1,,R,R,L,DET,KC,S,,,1,0,2026,1.06,1.36,-0.7705862778986554,3.079953899380994,,,,1,6,Bot,,,,,,,-8.486136448015472,-132.62780771430374,-2.2393184770131636,14.325158400211834,28.22089385076012,-15.792755416080157,3.12960958,1.579429134,183,76.2,17,91.0,2567,6.2,824247,695600,686469,686681,668942,623205,686555,657041,679845,54.29,,,,,,,,50,2,4-Seam Fastball,0,2,0,2,2,0,0,2,Standard,Standard,133,-0.005,-0.049,70.4,6.9,,,0.049,88.0,-2,-2,0.229,0.229,34,29,35,30,1,2,2,2,3,1,1.38,1.06,-1.06,31.5,16.671428322049447,-8.835510355244837,33.426500252368584,26.03455270557396,30.446638479763187
SL,2026-07-23,80.5,1.59,5.46,"Strahm, Matt",650402,621381,,ball,,,,,11,,R,R,L,DET,KC,B,,,0,0,2026,-0.8,0.26,-0.9261078521371072,3.0736929329103333,,,,1,6,Bot,,,,,,,-3.948948307938593,-117.3133636864799,0.983056343728634,-6.7284144566982365,20.766715468808304,-30.11887767321197,3.12960958,1.579429134,,,,80.5,2667,6.0,824247,695600,686469,686681,668942,623205,686555,657041,679845,54.46,,,,,,,,50,1,Slider,0,2,0,2,2,0,0,2,Standard,Standard,282,0.004,0.041,,,,,-0.041,,-2,-2,0.225,0.225,34,29,35,30,1,2,2,2,3,1,3.23,-0.8,0.8,36.4,,,,,
SI,2026-07-23,92.3,3.52,5.29,"Strahm, Matt",805808,621381,field_out,hit_into_play,,,,,3,Kevin McGonigle flies out to center fielder Lane Thomas.,R,L,L,DET,KC,X,8,fly_ball,0,0,2026,1.45,0.87,0.5276444045719022,2.9080908160858607,,,,0,6,Bot,126.1,59.41,,,,,-10.66276095571819,-134.03729859693854,-2.0101172910011624,19.752383622939004,26.90872181953953,-21.37669725280326,3.085728346,1.557283465,346,97.4,37,92.0,2379,6.1,824247,695600,686469,686681,668942,623205,686555,657041,679845,54.44,0.154,0.301,0.0,1,0,0,3,49,1,Sinker,0,2,0,2,2,0,0,2,Strategic,Standard,136,-0.035,-0.26,67.4,6.5,,0.566,0.26,97.4,-2,-2,0.26,0.26,34,21,35,22,1,2,2,1,3,2,1.8,1.45,1.45,29.4,12.001563745354185,-1.311520881850852,33.883872755097556,33.487205147202715,31.924271802769532
ST,2026-07-23,80.1,1.97,5.62,"Holton, Tyler",695600,663947,field_out,hit_into_play,,,,,7,Carter Jensen grounds out to first baseman Spencer Torkelson.,R,L,L,DET,KC,X,3,ground_ball,1,2,2026,-1.21,-0.45,-0.4450720037131663,1.7300435377236676,,679845,,2,6,Top,155.36,168.4,,,,,-2.9588554738183137,-116.6715297286236,-0.8030851756150049,-10.491206237376902,21.84120569184756,-36.30556147397347,3.191043307,1.610433071,22,86.3,-4,80.5,2734,6.5,824247,693307,679529,650402,690993,805808,656716,681546,681481,53.99,0.168,0.152,0.0,1,0,0,2,48,5,Sweeper,0,2,2,0,2,0,2,0,Standard,Standard,304,0.02,-0.191,74.8,7.7,,0.183,0.191,88.0,-2,2,0.24,0.76,30,22,30,23,1,3,3,1,2,1,3.99,-1.21,-1.21,35.7,14.734760298344389,-15.232837010619305,26.28322264906703,37.55739721884726,46.269787582644824
FC,2026-07-23,87.9,1.82,5.7,"Holton, Tyler",695600,663947,,foul,,,,,8,,R,L,L,DET,KC,S,,,1,2,2026,-0.21,0.48,0.1610740385615497,2.045293854013965,,679845,,2,6,Top,,,,,,,-3.536792426530139,-128.1130148948972,-3.622981302188452,-1.664354877001253,24.325396609106942,-26.35729662531333,3.191043307,1.610433071,173,71.0,21,88.6,2335,6.4,824247,693307,679529,650402,690993,805808,656716,681546,681481,54.05,,,,,,,,48,4,Cutter,0,2,2,0,2,0,2,0,Standard,Standard,179,0.0,0.0,77.0,6.8,,,0.0,88.0,-2,2,0.24,0.76,30,22,30,23,1,3,3,1,2,1,2.44,-0.21,-0.21,38.1,-1.4382862051204612,0.950236446334866,37.32968863776347,32.47839947559451,27.250518091657057
FF,2026-07-23,91.9,1.62,5.81,"Holton, Tyler",695600,663947,,called_strike,,,,,1,,R,L,L,DET,KC,S,,,1,1,2026,0.42,1.25,-0.6036397093517061,3.1256267105962374,,679845,,2,6,Top,,,,,,,-6.5057311332981875,-133.67698664864733,-3.5323314604542566,6.419154208243124,27.43929449360001,-16.643431584402094,3.191043307,1.610433071,,,,92.4,2227,6.5,824247,693307,679529,650402,690993,805808,656716,681546,681481,54.01,,,,,,,,48,3,4-Seam Fastball,0,2,2,0,2,0,2,0,Standard,Standard,146,0.007,-0.069,,,,,0.069,,-2,2,0.233,0.767,30,22,30,23,1,3,3,1,2,1,1.44,0.42,0.42,41.3,,,,,
FF,2026-07-23,92.0,1.64,5.9,"Holton, Tyler",695600,663947,,swinging_strike,,,,,11,,R,L,L,DET,KC,S,,,1,0,2026,0.42,1.35,-0.1995337240897725,3.5141523799491794,,679845,,2,6,Top,,,,,,,-5.542497054968966,-133.9832861091598,-3.0276758276396816,6.1992966322402,28.302672485064956,-15.46062358666062,3.191043307,1.610433071,,,,92.4,2273,6.4,824247,693307,679529,650402,690993,805808,656716,681546,681481,54.08,,,,,,,,48,2,4-Seam Fastball,0,2,2,0,2,0,2,0,Standard,Standard,148,0.002,-0.046,62.6,5.9,1.877801208,,0.046,,-2,2,0.231,0.769,30,22,30,23,1,3,3,1,2,1,1.34,0.42,0.42,42.0,3.737212596541792,22.893562596784008,18.89450996123003,36.25766685709402,18.60371442820033
FC,2026-07-23,87.3,1.72,5.77,"Holton, Tyler",695600,663947,,ball,,,,,13,,R,L,L,DET,KC,B,,,0,0,2026,-0.44,0.35,-0.6005942204869403,1.2713275601565033,,679845,,2,6,Top,,,,,,,-4.623345528884971,-127.22771019229958,-5.2943798587870905,-3.991835178966213,22.23236238485378,-27.618713958033386,3.191043307,1.610433071,,,,88.4,2398,6.5,824247,693307,679529,650402,690993,805808,656716,681546,681481,53.97,,,,,,,,48,1,Cutter,0,2,2,0,2,0,2,0,Standard,Standard,197,-0.001,0.025,,,,,-0.025,,-2,2,0.232,0.768,30,22,30,23,1,3,3,1,2,1,2.6,-0.44,-0.44,40.3,,,,,
CH,2026-07-23,83.5,1.77,5.67,"Holton, Tyler",623205,663947,field_out,hit_into_play,,,,,13,"Andrew Velazquez grounds out, third baseman Colt Keith to first baseman Spencer Torkelson. Nick Loftin to 2nd.",R,R,L,DET,KC,X,5,ground_ball,0,2,2026,0.88,0.2,-0.1596861240932762,0.9584187179507128,,,679845,1,6,Top,99.4,164.18,,,,,-6.144025236413453,-121.44021531492946,-4.623898392393739,9.849271520534138,22.055048239735875,-29.49338040682524,3.019028871,1.523622047,4,56.3,-15,84.0,1562,6.5,824247,693307,679529,650402,690993,805808,656716,681546,681481,54.04,0.087,0.079,0.0,1,0,0,1,47,3,Changeup,0,2,2,0,2,0,2,0,Standard,Standard,109,0.003,-0.222,68.9,8.5,,0.093,0.222,88.0,-2,2,0.229,0.771,30,31,30,32,1,2,3,1,2,2,3.05,0.88,-0.88,37.1,21.735066885882897,-11.172926448980398,45.49438479996624,35.74568052106051,35.217705810085675
FF,2026-07-23,91.0,1.69,5.84,"Holton, Tyler",623205,663947,,swinging_strike,,,,,12,,R,R,L,DET,KC,S,,,0,1,2026,0.5,1.22,0.4609602235335021,3.508461728160053,,,679845,1,6,Top,,,,,,,-4.143940592113106,-132.55006055730112,-2.477228039403093,6.713437155711445,27.027839190807896,-17.42431476317618,3.019028871,1.523622047,,,,91.5,2197,6.4,824247,693307,679529,650402,690993,805808,656716,681546,681481,54.08,,,,,,,,47,2,4-Seam Fastball,0,2,2,0,2,0,2,0,Standard,Standard,140,0.006,-0.06,61.4,5.9,0.700927488,,0.06,,-2,2,0.223,0.777,30,31,30,32,1,2,3,1,2,2,1.52,0.5,-0.5,40.8,-2.2340315813880856,38.944280809276925,23.29147422530379,42.7689655317456,3.3841297599934146
FC,2026-07-23,87.6,1.71,5.88,"Holton, Tyler",623205,663947,,called_strike,,,,,9,,R,R,L,DET,KC,S,,,0,0,2026,-0.22,0.46,0.7660159078926797,1.7888777350717031,,,679845,1,6,Top,,,,,,,-1.785777391631029,-127.59726380053628,-4.553895086346558,-2.1111612237265818,24.372855314856594,-26.43241131662567,3.019028871,1.523622047,,,,88.1,2362,6.4,824247,693307,679529,650402,690993,805808,656716,681546,681481,54.09,,,,,,,,47,1,Cutter,0,2,2,0,2,0,2,0,Standard,Standard,176,0.003,-0.039,,,,,0.039,,-2,2,0.22,0.78,30,31,30,32,1,2,3,1,2,2,2.49,-0.22,0.22,41.4,,,,,
FC,2026-07-23,87.5,1.71,5.79,"Holton, Tyler",679845,663947,single,hit_into_play,,,,,5,Nick Loftin singles on a sharp line drive to center fielder James Outman.,R,R,L,DET,KC,X,8,line_drive,2,1,2026,-0.33,0.22,0.1273978976876403,2.2249932998288258,,,,1,6,Top,109.92,83.27,,,,,-3.09866345098854,-127.46653869863805,-2.7860084767548607,-3.0504332793988778,23.446799606058704,-29.452800252826805,3.18226706,1.606003937,188,105.1,8,88.4,2355,6.5,824247,693307,679529,650402,690993,805808,656716,681546,681481,53.95,0.686,0.642,0.9,1,1,0,4,46,4,Cutter,0,2,2,0,2,0,2,0,Standard,Standard,195,-0.016,0.369,71.8,7.1,,0.792,-0.369,105.1,-2,2,0.236,0.764,30,27,30,28,1,2,3,1,2,1,2.73,-0.33,0.33,40.6,7.245838293860545,0.2660919409182422,33.10170541963823,39.16191011243798,28.791459399689185
FC,2026-07-23,88.0,1.7,5.81,"Holton, Tyler",679845,663947,,ball,,,,,13,,R,R,L,DET,KC,B,,,1,1,2026,-0.41,0.46,-0.282502284901777,0.5376344717248069,,,,1,6,Top,,,,,,,-3.8945460896818447,-128.0877151827283,-7.475627520757046,-3.845965114561034,23.554799904108,-25.855076413362625,3.18226706,1.606003937,,,,88.7,2493,6.4,824247,693307,679529,650402,690993,805808,656716,681546,681481,54.06,,,,,,,,46,3,Cutter,0,2,2,0,2,0,2,0,Standard,Standard,198,-0.003,0.057,,,,,-0.057,,-2,2,0.239,0.761,30,27,30,28,1,2,3,1,2,1,2.45,-0.41,0.41,39.2,,,,,
CH,2026-07-23,83.2,1.82,5.67,"Holton, Tyler",679845,663947,,ball,,,,,14,,R,R,L,DET,KC,B,,,0,1,2026,1.2,0.43,1.198681916332058,2.014224322786002,,,,1,6,Top,,,,,,,-3.8025226253141193,-121.15665880670768,-2.626013237185532,12.523947121924548,22.579435609047053,-27.589039962827897,3.18226706,1.606003937,,,,83.8,1637,6.5,824247,693307,679529,650402,690993,805808,656716,681546,681481,53.99,,,,,,,,46,2,Changeup,0,2,2,0,2,0,2,0,Standard,Standard,111,-0.001,0.033,,,,,-0.033,,-2,2,0.24,0.76,30,27,30,28,1,2,3,1,2,1,2.84,1.2,-1.2,37.3,,,,,
CH,2026-07-23,83.8,1.85,5.71,"Holton, Tyler",679845,663947,,foul_bunt,,,,,6,,R,R,L,DET,KC,S,,,0,0,2026,0.95,0.59,0.6061111639550665,2.1451651194026793,,,,1,6,Top,,,,,,,-4.755800625686219,-121.9732075936518,-2.785698214776913,10.403953282388304,24.299763335022018,-25.932642494381604,3.18226706,1.606003937,,,,84.0,1490,6.5,824247,693307,679529,650402,690993,805808,656716,681546,681481,54.04,,,,,,,,46,1,Changeup,0,2,2,0,2,0,2,0,Standard,Standard,107,0.002,-0.041,7.8,1.7,,,0.041,88.0,-2,2,0.238,0.762,30,27,30,28,1,2,3,1,2,1,2.66,0.95,-0.95,36.8,-38.90367104804319,174.49976091736752,48.51929082412601,47.623507678801985,30.98378518818444
SI,2026-07-23,90.5,1.66,5.65,"Holton, Tyler",668942,663947,field_out,hit_into_play,,,,,2,Josh Rojas flies out to left fielder Zach McKinstry.,R,L,L,DET,KC,X,7,fly_ball,2,2,2026,0.96,0.61,-0.0231638833389971,2.8185920366233974,,,,0,6,Top,96.64,114.84,,,,,-6.236702747361181,-131.71936102178995,-2.3311874650217663,12.417680656852475,24.90090796993816,-24.70300067235903,3.233169291,1.631692913,225,82.1,45,91.0,2110,6.4,824247,693307,679529,650402,690993,805808,656716,681546,681481,54.14,0.023,0.031,0.0,1,0,0,3,45,5,Sinker,0,2,2,0,2,0,2,0,Infield shade,Standard,140,0.014,-0.233,70.5,6.9,,0.042,0.233,88.0,-2,2,0.224,0.776,30,32,30,32,1,2,3,1,2,5,2.14,0.96,0.96,36.8,6.177145526018551,2.507581845235281,25.93979450747835,38.97624356320777,26.17692667645956
FC,2026-07-23,87.2,1.62,5.78,"Holton, Tyler",668942,663947,,ball,,,,,13,,R,L,L,DET,KC,B,,,1,2,2026,-0.44,0.47,-1.1656543771193886,0.6951493613886504,,,,0,6,Top,,,,,,,-5.7230829985860066,-126.92531038160004,-6.869659364227442,-3.7650608487136226,23.21268383882541,-25.989414967192605,3.233169291,1.631692913,,,,88.1,2392,6.6,824247,693307,679529,650402,690993,805808,656716,681546,681481,53.91,,,,,,,,45,4,Cutter,0,2,2,0,2,0,2,0,Infield shade,Standard,168,-0.002,0.046,,,,,-0.046,,-2,2,0.226,0.774,30,32,30,32,1,2,3,1,2,5,2.5,-0.44,-0.44,40.0,,,,,
ST,2026-07-23,79.2,1.83,5.64,"Holton, Tyler",668942,663947,,ball,,,,,13,,R,L,L,DET,KC,B,,,0,2,2026,-1.74,-0.28,-1.229914486423921,1.716957089654194,,,,0,6,Top,,,,,,,-3.2904554191307804,-115.41028621856128,-1.0290285045348138,-14.890282430125064,22.067438157118826,-34.68682677746165,3.233169291,1.631692913,,,,79.3,2752,6.4,824247,693307,679529,650402,690993,805808,656716,681546,681481,54.12,,,,,,,,45,3,Sweeper,0,2,2,0,2,0,2,0,Infield shade,Standard,305,-0.002,0.022,,,,,-0.022,,-2,2,0.228,0.772,30,32,30,32,1,2,3,1,2,5,3.91,-1.74,-1.74,36.6,,,,,
ST,2026-07-23,79.2,1.97,5.62,"Holton, Tyler",668942,663947,,swinging_strike,,,,,7,,R,L,L,DET,KC,S,,,0,1,2026,-1.81,-0.17,-0.4376636911972933,1.956607377808544,,,,0,6,Top,,,,,,,-1.7429548527546617,-115.26704723820248,-0.6096343510394148,-15.665623498727347,23.21404069449078,-33.79697473775267,3.233169291,1.631692913,,,,79.0,2749,6.4,824247,693307,679529,650402,690993,805808,656716,681546,681481,54.14,,,,,,,,45,2,Sweeper,0,2,2,0,2,0,2,0,Standard,Standard,299,0.004,-0.053,65.2,7.4,0.1,,0.053,,-2,2,0.224,0.776,30,32,30,32,1,2,3,1,2,5,3.83,-1.81,-1.81,33.3,11.260853159856223,-12.739847067597182,33.46314305036245,42.648782375736445,36.206840594537134
SI,2026-07-23,89.8,1.8,5.64,"Holton, Tyler",668942,663947,,called_strike,,,,,13,,R,L,L,DET,KC,S,,,0,0,2026,1.25,0.61,-0.086770570770587,1.482873851395744,,,,0,6,Top,,,,,,,-7.330002258983735,-130.57460405701912,-5.422302035612427,15.868399556511292,25.74929245852371,-24.293266844910228,3.233169291,1.631692913,,,,90.3,2077,6.5,824247,693307,679529,650402,690993,805808,656716,681546,681481,54.01,,,,,,,,45,1,Sinker,0,2,2,0,2,0,2,0,Standard,Standard,139,0.003,-0.042,,,,,0.042,,-2,2,0.221,0.779,30,32,30,32,1,2,3,1,2,5,2.21,1.25,1.25,35.5,,,,,
SL,2026-07-23,86.2,-1.67,5.68,"Melton, Troy",686555,675512,home_run,hit_into_play,,,,,8,Isaac Collins homers (6) on a fly ball to right field. Michael Massey scores.,R,L,R,DET,KC,X,,fly_ball,1,2,2026,0.73,0.1,0.2122427284904134,1.67629648704755,,,686681,0,6,Top,235.58,83.78,,,,,2.919164836919251,-125.56501164890484,-3.3358271189187096,7.250652725265957,23.66727561853509,-30.63509678551015,3.012885499,1.520521654,390,101.7,32,87.2,2399,6.7,824247,693307,679529,650402,690993,805808,656716,681546,681481,53.79,0.554,1.083,2.0,1,0,3,6,44,5,Slider,0,0,0,0,2,0,2,0,Infield shade,Standard,93,-0.241,1.125,79.9,7.5,,2.11,-1.125,101.7,0,0,0.462,0.538,25,28,26,29,3,2,6,1,5,1,2.94,-0.73,0.73,43.6,16.741927481009306,-22.029432395751034,26.28710691204972,33.7217375619979,40.294616490533734
FC,2026-07-23,91.6,-1.82,5.62,"Melton, Troy",686555,675512,,foul,,,,,14,,R,L,R,DET,KC,S,,,1,2,2026,0.36,0.62,1.1747360442852717,1.6912369316961802,,,686681,0,6,Top,,,,,,,6.74466193417059,-133.25130565336192,-5.269327928930101,2.982416580687386,26.249285748184807,-23.931099995634245,3.012885499,1.520521654,5,81.1,-18,92.8,2404,6.8,824247,693307,679529,650402,690993,805808,656716,681546,681481,53.69,,,,,,,,44,4,Cutter,0,0,0,0,0,0,0,0,Infield shade,Standard,174,0.0,0.0,71.2,7.4,,,0.0,88.0,0,0,0.462,0.538,25,28,26,29,3,2,6,1,5,1,2.08,-0.36,0.36,38.7,19.869846507485747,-35.5603414166247,24.035408372837477,25.0489799929934,41.9419240015522
FC,2026-07-23,91.2,-1.73,5.6,"Melton, Troy",686555,675512,,ball,,,,,11,,R,L,R,DET,KC,B,,,0,2,2026,0.61,0.53,-0.2480604649525069,3.377879032550493,,,686681,0,6,Top,,,,,,,2.3626613472536344,-132.83566676424564,-0.6912181805494053,6.754012937625893,27.91928663915818,-25.979392788106814,3.012885499,1.520521654,,,,92.0,2324,6.7,824247,693307,679529,650402,690993,805808,656716,681546,681481,53.81,,,,,,,,44,3,Cutter,0,0,0,0,0,0,0,0,Infield shade,Standard,167,-0.005,0.019,,,,,-0.019,,0,0,0.467,0.533,25,28,26,29,3,2,6,1,5,1,2.2,-0.61,0.61,36.9,,,,,
CH,2026-07-23,88.2,-1.84,5.59,"Melton, Troy",686555,675512,,called_strike,,,,,8,,R,L,R,DET,KC,S,,,0,1,2026,-0.52,0.38,0.1598831461409858,1.6869218769015577,,,686681,0,6,Top,,,,,,,5.9787901947470194,-128.37489573236863,-4.049831483241818,-6.939892851750032,25.03895636556872,-27.373827687854966,3.012885499,1.520521654,,,,89.5,1148,7.0,824247,693307,679529,650402,690993,805808,656716,681546,681481,53.54,,,,,,,,44,2,Changeup,0,0,0,0,0,0,0,0,Standard,Standard,241,0.012,-0.05,,,,,0.05,,0,0,0.455,0.545,25,28,26,29,3,2,6,1,5,1,2.54,0.52,-0.52,38.7,,,,,
FC,2026-07-23,90.7,-2.04,5.64,"Melton, Troy",686555,675512,,foul,,,,,4,,R,L,R,DET,KC,S,,,0,0,2026,0.22,0.92,-0.4135983263178634,2.1977070816033772,,,686681,0,6,Top,,,,,,,3.562523895676042,-132.11447015480235,-4.569770078928226,1.9337352936199863,25.40846331479342,-20.62407344485474,3.012885499,1.520521654,164,67.9,63,91.7,2252,6.6,824247,693307,679529,650402,690993,805808,656716,681546,681481,53.88,,,,,,,,44,1,Cutter,0,0,0,0,0,0,0,0,Standard,Standard,192,0.008,-0.04,68.9,6.6,,,0.04,88.0,0,0,0.447,0.553,25,28,26,29,3,2,6,1,5,1,1.82,-0.22,0.22,36.5,-2.8988436286576427,3.8026295590930657,28.740155116638345,40.673580353945994,26.28554806094833
FF,2026-07-23,93.9,-1.91,5.7,"Melton, Troy",686681,675512,single,hit_into_play,,,,,8,Michael Massey singles on a ground ball to right fielder Kerry Carpenter.,R,L,R,DET,KC,X,9,ground_ball,0,0,2026,-0.56,1.34,-0.1694172094353124,1.6537591388103277,,,,0,6,Top,185.25,111.14,,,,,5.7478789087676105,-136.44513907186845,-7.58398599467802,-8.219060608023298,30.26649048862286,-13.907852420888164,3.199819554,1.614862205,41,97.5,0,94.6,2227,6.8,824247,693307,679529,650402,690993,805808,656716,681546,681481,53.72,0.374,0.35,0.9,1,1,0,2,43,1,4-Seam Fastball,0,0,0,0,0,0,0,0,Infield shade,Standard,211,-0.053,0.446,74.0,7.7,,0.442,-0.446,97.5,0,0,0.5,0.5,25,28,26,28,3,2,6,1,5,1,1.25,0.56,-0.56,45.0,20.986434802321696,0.3307339194704821,39.71756084424188,38.46371333174629,29.889392888873545
ST,2026-07-23,83.6,-2.09,5.25,"Dobnak, Randy",805808,677976,truncated_pa,ball,,,,,13,,R,L,R,DET,KC,B,2,,2,2,2026,0.45,-0.37,-0.9296415131718888,0.7625948106794276,,,681546,2,5,Bot,,,,,,,1.719477199256013,-121.82660660396428,-2.946691847223567,4.159898152769416,22.762960967914164,-35.55150527184899,3.085728346,1.557283465,,,,83.0,2591,5.7,824247,695600,686469,686681,668942,623205,686555,657041,679845,54.83,,,0.0,0,0,0,,42,6,Sweeper,0,0,0,0,0,0,0,0,Infield shade,Standard,60,-0.026,-0.248,,,,,0.248,,0,0,0.526,0.526,31,21,31,22,3,2,5,1,6,2,3.61,-0.45,0.45,15.1,,,,,
CH,2026-07-23,85.5,-2.0,5.22,"Dobnak, Randy",805808,677976,,foul,,,,,13,,R,L,R,DET,KC,S,,,2,2,2026,-0.72,-0.32,-0.1331066185361321,0.8872892553790526,,,681546,2,5,Bot,,,,,,,5.7558349920220175,-124.46173906199512,-3.0443575787335355,-8.605608549460657,23.341807256389934,-35.1596141795025,3.085728346,1.557283465,73,36.3,39,84.8,1700,5.7,824247,695600,686469,686681,668942,623205,686555,657041,679845,54.84,,,,,,,,42,5,Changeup,0,0,0,0,0,0,0,0,Infield shade,Standard,279,0.0,0.0,70.0,6.9,,,0.0,88.0,0,0,0.526,0.526,31,21,31,22,3,2,5,1,6,2,3.42,0.72,-0.72,15.4,13.329721650736737,10.329189473169848,39.80648565572372,38.518654183153174,32.782924172307936
SI,2026-07-23,92.3,-1.84,5.3,"Dobnak, Randy",805808,677976,,called_strike,,,,,9,,R,L,R,DET,KC,S,,,2,1,2026,-1.43,0.42,0.6844593614629637,1.5532355883324622,,,681546,2,5,Bot,,,,,,,9.425375694972352,-134.14803015956224,-4.422283928727954,-19.23583947669149,26.977347983981673,-26.36252072521748,3.085728346,1.557283465,,,,91.9,1925,5.9,824247,695600,686469,686681,668942,623205,686555,657041,679845,54.56,,,,,,,,42,4,Sinker,0,0,0,0,0,0,0,0,Infield shade,Standard,244,-0.008,-0.068,,,,,0.068,,0,0,0.534,0.534,31,21,31,22,3,2,5,1,6,2,2.25,1.43,-1.43,17.8,,,,,
ST,2026-07-23,81.2,-2.18,5.26,"Dobnak, Randy",805808,677976,,called_strike,,,,,7,,R,L,R,DET,KC,S,,,2,0,2026,0.91,-0.3,-0.4194199985697981,1.5425201625802805,,,681546,2,5,Bot,,,,,,,2.10090997364526,-118.38207658324016,-1.0036161293075263,8.269406669304601,20.46990569625783,-35.02019901486314,3.085728346,1.557283465,,,,80.8,2801,5.7,824247,695600,686469,686681,668942,623205,686555,657041,679845,54.81,,,,,,,,42,3,Sweeper,0,0,0,0,0,0,0,0,Infield shade,Standard,54,-0.005,-0.049,,,,,0.049,,0,0,0.539,0.539,31,21,31,22,3,2,5,1,6,2,3.72,-0.91,0.91,16.0,,,,,
SI,2026-07-23,91.0,-1.88,5.28,"Dobnak, Randy",805808,677976,,ball,,,,,13,,R,L,R,DET,KC,B,,,1,0,2026,-1.38,0.03,-1.7625726695783,2.16694838657683,,,681546,2,5,Bot,,,,,,,3.26228300577161,-132.60809493738307,-1.8374052319462544,-17.058233148381543,25.888543485182165,-31.59731208988979,3.085728346,1.557283465,,,,90.5,1951,5.7,824247,695600,686469,686681,668942,623205,686555,657041,679845,54.77,,,,,,,,42,2,Sinker,0,0,0,0,0,0,0,0,Infield shade,Standard,246,0.005,0.054,,,,,-0.054,,0,0,0.534,0.534,31,21,31,22,3,2,5,1,6,2,2.69,1.38,-1.38,21.0,,,,,
SI,2026-07-23,90.8,-2.01,5.27,"Dobnak, Randy",805808,677976,,ball,,,,,13,,R,L,R,DET,KC,B,,,0,0,2026,-1.31,0.27,-1.3322620409263657,1.6145176444179978,,,681546,2,5,Bot,,,,,,,4.474227155459799,-132.34456235781576,-3.6677305278027896,-16.37165729126232,24.772682958147183,-28.426875179652185,3.085728346,1.557283465,,,,90.5,1957,5.8,824247,695600,686469,686681,668942,623205,686555,657041,679845,54.75,,,,,,,,42,1,Sinker,0,0,0,0,0,0,0,0,Infield shade,Standard,248,0.003,0.035,,,,,-0.035,,0,0,0.531,0.531,31,21,31,22,3,2,5,1,6,2,2.45,1.31,-1.31,18.2,,,,,
CH,2026-07-23,85.2,-2.09,5.24,"Dobnak, Randy",681546,677976,force_out,hit_into_play,,,,,13,"James Outman grounds into a force out, first baseman Vinnie Pasquantino to shortstop Andrew Velazquez. Zach McKinstry out at 2nd. James Outman to 1st.",R,L,R,DET,KC,X,3,ground_ball,0,2,2026,-0.67,-0.32,-0.1885537367451697,1.4160151595100854,,,656716,1,5,Bot,148.77,171.95,,,,,5.710522416269687,-124.08650070484342,-1.8799221626729885,-7.979427330699054,21.31377673336687,-35.37050258782015,3.292847769,1.661811024,7,97.3,-12,84.9,1786,5.7,824247,695600,686469,686681,668942,623205,686555,657041,679845,54.79,0.2,0.18,0.0,1,0,0,2,41,3,Changeup,0,0,0,0,0,0,0,0,Infield shade,Standard,277,-0.023,-0.222,74.1,8.0,,0.227,0.222,97.3,0,0,0.554,0.554,31,29,31,29,2,1,5,1,6,3,3.42,0.67,-0.67,17.8,11.640941877367718,-6.876929393413537,41.894283716317155,37.56270988343043,30.608887208394737
CH,2026-07-23,84.4,-1.83,5.25,"Dobnak, Randy",681546,677976,,swinging_strike,,,,,14,,R,L,R,DET,KC,S,,,0,1,2026,-0.55,-0.32,0.1141276292736379,1.0716968131954316,,,656716,1,5,Bot,,,,,,,5.497737856656182,-122.84529621344912,-2.534071356408917,-6.592668003266852,22.021566356837333,-35.131061327420376,3.292847769,1.661811024,,,,83.7,1623,5.6,824247,695600,686469,686681,668942,623205,686555,657041,679845,54.9,,,,,,,,41,2,Changeup,0,0,0,0,0,0,0,0,Standard,Standard,271,-0.009,-0.06,70.8,9.1,2.493561576,,0.06,,0,0,0.563,0.563,31,29,31,29,2,1,5,1,6,3,3.49,0.55,-0.55,21.6,37.58045656581853,-33.50439963391603,41.1425869758012,35.19879174680922,50.74363189226628
CH,2026-07-23,85.2,-2.08,5.25,"Dobnak, Randy",681546,677976,,called_strike,,,,,1,,R,L,R,DET,KC,S,,,0,0,2026,-0.58,-0.24,-0.5762985340107184,2.8557238799086657,,,656716,1,5,Bot,,,,,,,4.635962248366292,-124.1219828845553,1.2339280845855394,-6.871723520576862,21.512706660740992,-35.05890800754112,3.292847769,1.661811024,,,,85.1,1687,5.8,824247,695600,686469,686681,668942,623205,686555,657041,679845,54.66,,,,,,,,41,1,Changeup,0,0,0,0,0,0,0,0,Infield shade,Standard,268,-0.006,-0.039,,,,,0.039,,0,0,0.569,0.569,31,29,31,29,2,1,5,1,6,3,3.34,0.58,-0.58,18.3,,,,,
SI,2026-07-23,91.3,-1.65,5.43,"Dobnak, Randy",656716,677976,single,hit_into_play,,,,,6,Zach McKinstry singles on a ground ball to right fielder Nick Loftin.,R,L,R,DET,KC,X,9,ground_ball,1,2,2026,-1.17,0.02,0.7471223683589885,2.2648529663561288,,,,1,5,Bot,174.54,121.79,,,,,8.426102243445362,-132.83620489128336,-1.9398249498286753,-15.623900741589642,26.40270414705437,-31.778176325912607,3.169980315,1.59980315,98,90.3,7,90.7,1919,5.8,824247,695600,686469,686681,668942,623205,686555,657041,679845,54.74,0.466,0.422,0.9,1,1,0,4,40,4,Sinker,0,0,0,0,0,0,0,0,Infield shade,Standard,239,0.039,0.497,71.2,6.1,,0.508,-0.497,90.3,0,0,0.53,0.53,31,31,31,31,2,1,5,1,6,1,2.7,1.17,-1.17,19.9,-2.8870809680835827,0.1094588205141695,42.828511129231174,24.074274206165533,28.79633485784823
CH,2026-07-23,84.9,-2.05,5.33,"Dobnak, Randy",656716,677976,,swinging_strike,,,,,14,,R,L,R,DET,KC,S,,,1,1,2026,-0.4,-0.22,1.5093608031334125,0.7600657782976312,,,,1,5,Bot,,,,,,,8.938274993455739,-123.49767241471542,-3.72605307905164,-5.7031273877593085,21.34960089591619,-33.99294382277552,3.169980315,1.59980315,,,,84.5,1523,5.7,824247,695600,686469,686681,668942,623205,686555,657041,679845,54.78,,,,,,,,40,3,Changeup,0,0,0,0,0,0,0,0,Strategic,Standard,277,-0.006,-0.071,70.1,8.1,3.014877684,,0.071,,0,0,0.536,0.536,31,31,31,31,2,1,5,1,6,1,3.35,0.4,-0.4,18.3,25.999995538942382,-34.85151847036898,48.75191163315081,16.16588408967668,44.62764363756292
CH,2026-07-23,84.4,-2.1,5.3,"Dobnak, Randy",656716,677976,,ball,,,,,14,,R,L,R,DET,KC,B,,,0,1,2026,-0.69,-0.27,1.8470471121855367,-0.4201957021307581,,,,1,5,Bot,,,,,,,10.32173672044506,-122.51841720910492,-6.101855841915454,-8.81677839779136,21.611098943616252,-33.973481643533226,3.169980315,1.59980315,,,,83.7,1428,5.7,824247,695600,686469,686681,668942,623205,686555,657041,679845,54.78,,,,,,,,40,2,Changeup,0,0,0,0,0,0,0,0,Strategic,Standard,273,0.002,0.033,,,,,-0.033,,0,0,0.534,0.534,31,31,31,31,2,1,5,1,6,1,3.46,0.69,-0.69,18.3,,,,,
ST,2026-07-23,80.6,-2.17,5.34,"Dobnak, Randy",656716,677976,,called_strike,,,,,7,,R,L,R,DET,KC,S,,,0,0,2026,0.53,-0.37,-0.7988251091859143,1.7584064055949966,,,,1,5,Bot,,,,,,,1.9634710310239445,-117.43644103181576,-0.4423700258155771,4.547786396517015,20.879829889325418,-35.69958486458536,3.169980315,1.59980315,,,,79.6,2678,5.4,824247,695600,686469,686681,668942,623205,686555,657041,679845,55.11,,,,,,,,40,1,Sweeper,0,0,0,0,0,0,0,0,Infield shade,Standard,59,-0.003,-0.041,,,,,0.041,,0,0,0.537,0.537,31,31,31,31,2,1,5,1,6,1,3.85,-0.53,0.53,18.2,,,,,
SI,2026-07-23,92.0,-1.81,5.54,"Dobnak, Randy",679529,677976,strikeout,called_strike,,,,,12,Spencer Torkelson called out on strikes.,R,R,R,DET,KC,S,2,,0,2,2026,-1.41,0.12,0.870576969584745,2.6492435394432183,,,,0,5,Bot,,,,,,,9.682044150831496,-133.6634198996934,-1.5489498523318306,-18.945391579516777,27.64852181523427,-30.582544902689985,3.232291667,1.63125,,,,90.9,1986,5.6,824247,695600,686469,686681,668942,623205,686555,657041,679845,54.85,,0.0,0.0,1,0,0,,39,3,Sinker,0,0,0,0,0,0,0,0,Standard,Standard,244,-0.018,-0.165,,,,,0.165,,0,0,0.555,0.555,31,26,31,27,2,1,5,1,6,1,2.57,1.41,1.41,19.7,,,,,
ST,2026-07-23,80.9,-2.04,5.33,"Dobnak, Randy",679529,677976,,swinging_strike,,,,,14,,R,R,R,DET,KC,S,,,0,1,2026,0.68,-0.39,1.1528279665121193,1.6505493908729512,,,,0,5,Bot,,,,,,,5.651953554845067,-117.70472473475829,-0.5680295963321065,5.211017553100924,23.268877353921376,-35.90807473422854,3.232291667,1.63125,,,,79.9,2635,5.7,824247,695600,686469,686681,668942,623205,686555,657041,679845,54.77,,,,,,,,39,2,Sweeper,0,0,0,0,0,0,0,0,Standard,Standard,55,-0.007,-0.053,71.8,8.7,1.24122498,,0.053,,0,0,0.562,0.562,31,26,31,27,2,1,5,1,6,1,3.89,-0.68,-0.68,15.3,24.598728919426676,-15.077530221027162,36.192684607907125,48.876062243532765,33.26597682663021
SI,2026-07-23,90.8,-1.99,5.42,"Dobnak, Randy",679529,677976,,called_strike,,,,,6,,R,R,R,DET,KC,S,,,0,0,2026,-1.53,0.29,0.5729441536751483,2.137065372535447,,,,0,5,Bot,,,,,,,9.541773279983174,-131.85795814282525,-2.6882529709195695,-19.82539087590315,27.61467292496057,-28.433553391739625,3.232291667,1.63125,,,,89.9,1983,5.8,824247,695600,686469,686681,668942,623205,686555,657041,679845,54.68,,,,,,,,39,1,Sinker,0,0,0,0,0,0,0,0,Standard,Standard,243,-0.005,-0.042,,,,,0.042,,0,0,0.567,0.567,31,26,31,27,2,1,5,1,6,1,2.48,1.53,1.53,19.1,,,,,
SL,2026-07-23,87.0,-1.74,5.55,"Melton, Troy",521692,675512,field_out,hit_into_play,,,,,8,"Salvador Perez grounds out, third baseman Colt Keith to first baseman Spencer Torkelson.",R,R,R,DET,KC,X,5,ground_ball,0,0,2026,0.61,-0.26,-0.2374425446257504,1.6243057435982404,,695600,686469,2,5,Top,104.68,167.9,,,,,2.316993441488266,-126.8951631296408,-2.5941475758308443,6.205820040563411,22.82330957055652,-34.741986969428474,3.312155512,1.671555118,4,104.5,-22,88.6,2504,6.9,824247,693307,679529,650402,690993,805808,656716,681546,681481,53.58,0.129,0.116,0.0,1,0,0,2,38,1,Slider,0,0,0,0,0,0,0,0,Standard,Standard,98,0.059,-0.285,73.4,7.3,,0.133,0.285,104.5,0,0,0.508,0.492,25,36,26,36,3,2,6,1,5,1,3.23,-0.61,-0.61,40.1,11.003141991796936,15.929254083511708,36.765887382822136,32.4312985613764,25.5148175416246
CU,2026-07-23,81.5,-1.47,5.75,"Melton, Troy",686469,675512,walk,ball,,,,,14,Vinnie Pasquantino walks.,R,L,R,DET,KC,B,,,3,2,2026,1.04,-0.8,0.2437652739721505,0.4583142922637937,,695600,,2,5,Top,,,,,,,1.7674175981625884,-118.68888944902402,-3.454700983777031,9.437729421325232,24.444260808858655,-39.210543936657466,3.363057743,1.697244095,,,,82.2,2424,6.9,824247,693307,679529,650402,690993,805808,656716,681546,681481,53.58,,0.698492,0.7,1,0,0,,37,6,Curveball,0,0,0,0,0,0,0,0,Standard,Standard,37,-0.011,0.142,,,,,-0.142,,0,0,0.519,0.481,25,28,26,29,3,2,6,1,5,1,4.25,-1.04,1.04,46.4,,,,,
CH,2026-07-23,90.5,-1.65,5.48,"Melton, Troy",686469,675512,,blocked_ball,,,,,14,,R,L,R,DET,KC,B,,,2,2,2026,-0.72,0.56,0.1918844414917881,0.4377048348109322,,695600,,2,5,Top,,,,,,,6.163540918476284,-131.58037572901873,-7.678073423308805,-9.614701096111478,27.326847793059866,-24.29067282037112,3.363057743,1.697244095,,,,91.7,1233,7.0,824247,693307,679529,650402,690993,805808,656716,681546,681481,53.5,,,,,,,,37,5,Changeup,0,0,0,0,0,0,0,0,Standard,Standard,245,-0.009,0.054,,,,,-0.054,,0,0,0.528,0.472,25,28,26,29,3,2,6,1,5,1,2.23,0.72,-0.72,38.4,,,,,
SL,2026-07-23,87.1,-1.65,5.61,"Melton, Troy",686469,675512,,ball,,,,,13,,R,L,R,DET,KC,B,,,1,2,2026,0.35,-0.02,-0.1272745718322471,1.127428618340581,,695600,,2,5,Top,,,,,,,2.9127871485880195,-126.83463429305448,-4.406875169586074,3.2213600062997347,23.595406879208028,-31.808819069731417,3.363057743,1.697244095,,,,88.5,2393,6.9,824247,693307,679529,650402,690993,805808,656716,681546,681481,53.58,,,,,,,,37,4,Slider,0,0,0,0,0,0,0,0,Standard,Standard,98,-0.007,0.032,,,,,-0.032,,0,0,0.535,0.465,25,28,26,29,3,2,6,1,5,1,3.0,-0.35,0.35,39.3,,,,,
FF,2026-07-23,96.6,-1.81,5.52,"Melton, Troy",686469,675512,,ball,,,,,11,,R,L,R,DET,KC,B,,,0,2,2026,-0.69,1.25,-1.4436124352474669,3.8730579852188383,,695600,,2,5,Top,,,,,,,2.6009325019869944,-140.7919354471061,-1.605376252720764,-9.823204599945347,31.275199091662163,-15.34163290600837,3.363057743,1.697244095,,,,97.6,2359,6.7,824247,693307,679529,650402,690993,805808,656716,681546,681481,53.78,,,,,,,,37,3,4-Seam Fastball,0,0,0,0,0,0,0,0,Standard,Standard,215,-0.004,0.008,,,,,-0.008,,0,0,0.539,0.461,25,28,26,29,3,2,6,1,5,1,1.18,0.69,-0.69,33.1,,,,,
FC,2026-07-23,92.2,-1.8,5.55,"Melton, Troy",686469,675512,,foul,,,,,12,,R,L,R,DET,KC,S,,,0,1,2026,0.44,0.34,0.9870914950077254,3.1805434514824573,,695600,,2,5,Top,,,,,,,6.08537780168633,-134.32430204304805,-0.8050865317135817,4.099616987556261,27.317992138688613,-28.109579162626577,3.363057743,1.697244095,175,66.7,45,93.3,2326,6.7,824247,693307,679529,650402,690993,805808,656716,681546,681481,53.76,,,,,,,,37,2,Cutter,0,0,0,0,0,0,0,0,Standard,Standard,163,0.011,-0.059,70.4,7.1,,,0.059,88.0,0,0,0.528,0.472,25,28,26,29,3,2,6,1,5,1,2.32,-0.44,0.44,35.8,11.960362380544256,-8.906565762104762,24.864253737637387,29.39164039705624,26.76139765433136
FC,2026-07-23,91.6,-1.87,5.55,"Melton, Troy",686469,675512,,called_strike,,,,,1,,R,L,R,DET,KC,S,,,0,0,2026,0.22,0.62,-0.668811584937462,3.0337711201095345,,695600,,2,5,Top,,,,,,,2.5422432751928747,-133.53676917922004,-1.7808331249061686,2.1297462037432524,25.219539321217216,-24.517023144254654,3.363057743,1.697244095,,,,93.1,2366,6.8,824247,693307,679529,650402,690993,805808,656716,681546,681481,53.72,,,,,,,,37,1,Cutter,0,0,0,0,0,0,0,0,Standard,Standard,165,0.007,-0.039,,,,,0.039,,0,0,0.521,0.479,25,28,26,29,3,2,6,1,5,1,2.06,-0.22,0.22,34.8,,,,,
FC,2026-07-23,91.8,-1.73,5.56,"Melton, Troy",657041,675512,field_out,hit_into_play,,,,,6,Lane Thomas pops out to second baseman Gleyber Torres.,R,R,R,DET,KC,X,4,popup,0,1,2026,0.37,0.55,0.5615179394711396,2.3873304965162268,,695600,,1,5,Top,162.18,139.76,,,,,4.966482519243124,-133.791733683307,-3.3116502127373124,3.585747013706079,25.102177229893854,-25.02744114022592,3.146284449,1.587844488,176,84.6,60,93.4,2394,6.8,824247,693307,679529,650402,690993,805808,656716,681546,681481,53.66,0.017,0.015,0.0,1,0,0,3,36,2,Cutter,0,0,0,0,0,0,0,0,Standard,Standard,187,0.041,-0.227,72.1,7.1,,0.017,0.227,88.0,0,0,0.48,0.52,25,30,26,31,3,2,6,1,5,1,2.12,-0.37,-0.37,38.5,8.212953967781788,-4.890781723579366,26.32690669804124,43.98451520894267,27.710718298566487
SL,2026-07-23,87.7,-1.71,5.59,"Melton, Troy",657041,675512,,swinging_strike,,,,,9,,R,R,R,DET,KC,S,,,0,0,2026,0.66,-0.01,0.3289831146975678,1.8849736494922364,,695600,,1,5,Top,,,,,,,3.49217684902916,-127.81736978575644,-2.6471879207806928,6.626245649986474,24.944981016543828,-31.95784969000834,3.146284449,1.587844488,,,,88.8,2493,6.8,824247,693307,679529,650402,690993,805808,656716,681546,681481,53.74,,,,,,,,36,1,Slider,0,0,0,0,0,0,0,0,Infield shade,Standard,109,0.007,-0.045,73.1,7.7,0.62275962,,0.045,,0,0,0.473,0.527,25,30,26,31,3,2,6,1,5,1,2.95,-0.66,-0.66,41.2,13.589703970706903,-16.59135962191479,23.981953752572476,41.23948994057025,35.38660843876775
SL,2026-07-23,86.7,-1.63,5.62,"Melton, Troy",695600,675512,double,hit_into_play,,,,,6,Carter Jensen doubles (23) on a fly ball to right fielder Kerry Carpenter.,R,L,R,DET,KC,X,9,fly_ball,2,2,2026,0.65,-0.2,0.3322007943173114,2.1067260782883315,,,,1,5,Top,183.17,53.2,,,,,3.296473598855638,-126.33150055505337,-1.6135119509161706,6.313750632120694,25.507286643460393,-34.170537429712326,3.191043307,1.610433071,385,99.5,27,87.6,2487,6.8,824247,693307,679529,650402,690993,805808,656716,681546,681481,53.72,0.511,0.871,1.25,1,1,1,6,35,5,Slider,0,0,0,0,0,0,0,0,Infield shade,Strategic,95,-0.06,0.669,79.3,7.1,,1.61,-0.669,99.5,0,0,0.533,0.467,25,22,26,23,3,2,6,1,5,1,3.22,-0.65,0.65,40.0,12.347965408567086,-4.002069767747304,29.537570406148312,30.359719194590955,40.52800746084995
FC,2026-07-23,92.2,-1.87,5.58,"Melton, Troy",695600,675512,,called_strike,,,,,7,,R,L,R,DET,KC,S,,,2,1,2026,0.38,0.55,-0.6540690687377204,1.959397613706037,,,,1,5,Top,,,,,,,2.228517462401713,-134.28131749151316,-4.451074575497487,4.142275294555852,27.323770744918264,-24.753842358605212,3.191043307,1.610433071,,,,93.3,2420,6.8,824247,693307,679529,650402,690993,805808,656716,681546,681481,53.74,,,,,,,,35,4,Cutter,0,0,0,0,0,0,0,0,Infield shade,Strategic,187,0.006,-0.076,,,,,0.076,,0,0,0.527,0.473,25,22,26,23,3,2,6,1,5,1,2.11,-0.38,0.38,37.1,,,,,
FF,2026-07-23,96.2,-1.55,5.68,"Melton, Troy",695600,675512,,ball,,,,,11,,R,L,R,DET,KC,B,,,1,1,2026,-0.56,1.3,-1.8332239487124071,3.576549997067914,,,,1,5,Top,,,,,,,0.5533841041329084,-140.1347052442744,-2.868092344526389,-7.549762692197201,31.857861184995215,-14.579621553019736,3.191043307,1.610433071,,,,97.0,2329,6.7,824247,693307,679529,650402,690993,805808,656716,681546,681481,53.78,,,,,,,,35,3,4-Seam Fastball,0,0,0,0,0,0,0,0,Infield shade,Strategic,206,-0.004,0.057,,,,,-0.057,,0,0,0.531,0.469,25,22,26,23,3,2,6,1,5,1,1.16,0.56,-0.56,39.6,,,,,
CH,2026-07-23,87.9,-1.72,5.62,"Melton, Troy",695600,675512,,called_strike,,,,,13,,R,L,R,DET,KC,S,,,1,0,2026,-0.74,0.31,-0.7630137762873084,1.4779442505700633,,,,1,5,Top,,,,,,,3.9003575619592703,-128.04799219202437,-4.462432152313073,-8.881559506429735,23.87125419042572,-28.05718168214835,3.191043307,1.610433071,,,,89.5,1333,7.0,824247,693307,679529,650402,690993,805808,656716,681546,681481,53.48,,,,,,,,35,2,Changeup,0,0,0,0,0,0,0,0,Infield shade,Strategic,237,0.004,-0.049,,,,,0.049,,0,0,0.527,0.473,25,22,26,23,3,2,6,1,5,1,2.61,0.74,-0.74,41.5,,,,,
CU,2026-07-23,80.2,-1.54,5.86,"Melton, Troy",695600,675512,,ball,,,,,14,,R,L,R,DET,KC,B,,,0,0,2026,1.72,-0.8,1.0494997333880638,0.8507174942364593,,,,1,5,Top,,,,,,,2.360172896131817,-116.78885916602452,-2.518456528599178,15.08241870814601,24.49088327939737,-39.12783734075845,3.191043307,1.610433071,,,,80.9,2393,7.0,824247,693307,679529,650402,690993,805808,656716,681546,681481,53.52,,,,,,,,35,1,Curveball,0,0,0,0,0,0,0,0,Infield shade,Strategic,41,-0.003,0.041,,,,,-0.041,,0,0,0.53,0.47,25,22,26,23,3,2,6,1,5,1,4.37,-1.72,1.72,52.1,,,,,
FC,2026-07-23,91.8,-1.93,5.6,"Melton, Troy",623205,675512,field_out,hit_into_play,,,,,6,"Andrew Velazquez grounds out, third baseman Colt Keith to first baseman Spencer Torkelson.",R,L,R,DET,KC,X,5,ground_ball,1,2,2026,0.39,0.6,0.5507773910845859,2.229400383174366,,,,0,5,Top,112.28,173.47,,,,,5.390129178718949,-133.67673031154317,-3.8787567736587256,3.5994443741023785,27.020375727995113,-24.31804869823627,3.019028871,1.523622047,17,68.2,-5,93.0,2347,6.9,824247,693307,679529,650402,690993,805808,656716,681546,681481,53.65,0.098,0.089,0.0,1,0,0,2,34,4,Cutter,0,0,0,0,0,0,0,0,Infield shade,Standard,171,0.021,-0.186,65.6,6.6,,0.115,0.186,88.0,0,0,0.509,0.491,25,31,26,32,2,1,6,1,5,2,2.08,-0.39,0.39,37.4,-1.6934364721666284,28.470888803923444,32.073980666425186,30.661519024985612,12.829041141476866
SL,2026-07-23,87.5,-1.93,5.53,"Melton, Troy",623205,675512,,ball,,,,,14,,R,L,R,DET,KC,B,,,0,2,2026,0.34,0.1,0.8680363774073505,0.0211243387966035,,,,0,5,Top,,,,,,,6.006962123358183,-127.21444710544108,-7.130196054979102,2.4615577046335924,25.47977543320245,-29.8895117033917,3.019028871,1.523622047,,,,88.5,2425,6.9,824247,693307,679529,650402,690993,805808,656716,681546,681481,53.6,,,,,,,,34,3,Slider,0,0,0,0,0,0,0,0,Infield shade,Standard,109,-0.003,0.022,,,,,-0.022,,0,0,0.512,0.488,25,31,26,32,2,1,6,1,5,2,2.88,-0.34,0.34,38.2,,,,,
CH,2026-07-23,86.6,-1.86,5.53,"Melton, Troy",623205,675512,,foul,,,,,14,,R,L,R,DET,KC,S,,,0,1,2026,-0.91,0.41,0.0922184994216728,1.1852424328384554,,,,0,5,Top,,,,,,,6.564987807705987,-125.9463075709545,-4.87790842506873,-10.947770964374213,23.427365299002904,-27.02652011278171,3.019028871,1.523622047,106,72.0,10,87.9,1301,6.9,824247,693307,679529,650402,690993,805808,656716,681546,681481,53.57,,,,,,,,34,2,Changeup,0,0,0,0,0,0,0,0,Infield shade,Standard,248,0.008,-0.053,64.8,8.6,,,0.053,88.0,0,0,0.504,0.496,25,31,26,32,2,1,6,1,5,2,2.61,0.91,-0.91,37.9,21.763259862225237,-16.076405656508115,42.21388190339061,35.86086374450103,35.97871424279151
FC,2026-07-23,89.6,-1.76,5.62,"Melton, Troy",623205,675512,,called_strike,,,,,8,,R,L,R,DET,KC,S,,,0,0,2026,0.32,0.58,0.1114561952127473,1.6106396538184335,,,,0,5,Top,,,,,,,3.922212723725495,-130.53136718347022,-5.043398132273758,2.9489883878712404,24.321152033535437,-24.67070293890465,3.019028871,1.523622047,,,,90.9,2279,6.8,824247,693307,679529,650402,690993,805808,656716,681546,681481,53.72,,,,,,,,34,1,Cutter,0,0,0,0,0,0,0,0,Strategic,Standard,178,0.004,-0.042,,,,,0.042,,0,0,0.5,0.5,25,31,26,32,2,1,6,1,5,2,2.22,-0.32,0.32,36.1,,,,,
CH,2026-07-23,84.9,-1.94,5.24,"Dobnak, Randy",681481,677976,field_out,hit_into_play,,,,,14,Kerry Carpenter grounds out to first baseman Vinnie Pasquantino.,R,L,R,DET,KC,X,3,ground_ball,1,2,2026,-0.78,-0.3,0.2156886419530865,1.2944328139559356,,,693307,2,4,Bot,148.77,173.98,,,,,6.498362684383463,-123.57205390018008,-2.116824045423069,-9.20468737319355,22.34830509232012,-35.095882673651815,3.234046916,1.632135827,3,96.3,-20,84.5,1757,5.8,824247,695600,686469,686681,668942,623205,686555,657041,679845,54.72,0.158,0.143,0.0,1,0,0,2,33,6,Changeup,0,0,0,0,0,0,0,0,Infield shade,Standard,280,-0.02,-0.195,69.3,7.3,,0.165,0.195,96.3,0,0,0.52,0.52,31,28,31,29,2,1,5,1,6,2,3.44,0.78,-0.78,18.0,7.117707578658189,3.6222268163020432,40.209728269799896,36.31172870512477,25.118476262729104
FF,2026-07-23,92.3,-1.83,5.4,"Dobnak, Randy",681481,677976,,ball,,,,,11,,R,L,R,DET,KC,B,,,0,2,2026,-0.54,0.62,-1.0062666531855091,4.913706052176792,,,693307,2,4,Bot,,,,,,,3.2281611808980344,-134.40275982862684,3.2140183684225927,-7.260803046443706,26.40509263010133,-25.38112218847311,3.234046916,1.632135827,,,,91.7,1959,5.7,824247,695600,686469,686681,668942,623205,686555,657041,679845,54.82,,,,,,,,33,5,4-Seam Fastball,0,0,0,0,0,0,0,0,Infield shade,Standard,255,0.003,0.02,,,,,-0.02,,0,0,0.517,0.517,31,28,31,29,2,1,5,1,6,2,2.03,0.54,-0.54,19.6,,,,,
CH,2026-07-23,85.6,-1.98,5.23,"Dobnak, Randy",681481,677976,,foul,,,,,8,,R,L,R,DET,KC,S,,,0,2,2026,-0.65,-0.35,-0.0072927260967708,1.6077314315506923,,,693307,2,4,Bot,,,,,,,5.884503107595226,-124.69957687540123,-1.4547805655797308,-7.872680153082552,20.71599307310658,-35.82988735932693,3.234046916,1.632135827,161,68.7,21,85.7,1732,5.9,824247,695600,686469,686681,668942,623205,686555,657041,679845,54.6,,,,,,,,33,4,Changeup,0,0,0,0,0,0,0,0,Infield shade,Standard,274,0.0,0.0,72.5,7.1,,,0.0,88.0,0,0,0.517,0.517,31,28,31,29,2,1,5,1,6,2,3.41,0.65,-0.65,18.1,0.5094639590814285,11.14808319471175,41.10202901269164,39.409610674837886,18.0685020773091
CH,2026-07-23,85.4,-1.96,5.35,"Dobnak, Randy",681481,677976,,foul,,,,,7,,R,L,R,DET,KC,S,,,0,2,2026,-0.48,-0.24,-0.5156485360342056,1.9425694511808451,,,693307,2,4,Bot,,,,,,,4.29463423245499,-124.4547689394112,-1.0881935613066536,-5.867572853085551,23.288431904299703,-34.68795050981747,3.234046916,1.632135827,259,87.4,21,84.9,1517,5.7,824247,695600,686469,686681,668942,623205,686555,657041,679845,54.78,,,,,,,,33,3,Changeup,0,0,0,0,0,0,0,0,Infield shade,Standard,271,0.0,0.0,63.3,6.3,,,0.0,88.0,0,0,0.517,0.517,31,28,31,29,2,1,5,1,6,2,3.34,0.48,-0.48,19.3,-2.3409823217827217,35.52885985667522,34.74045548757697,45.42043862173977,9.129389116106356
ST,2026-07-23,82.8,-2.01,5.32,"Dobnak, Randy",681481,677976,,called_strike,,,,,2,,R,L,R,DET,KC,S,,,0,1,2026,0.63,-0.25,-0.2468507579353787,2.8465650737714387,,,693307,2,4,Bot,,,,,,,2.7066689924544134,-120.60205701181728,1.4455582093889172,5.612204966992117,22.73863872819765,-35.064498593684405,3.234046916,1.632135827,,,,82.0,2673,5.6,824247,695600,686469,686681,668942,623205,686555,657041,679845,54.89,,,,,,,,33,2,Sweeper,0,0,0,0,0,0,0,0,Infield shade,Standard,47,-0.007,-0.06,,,,,0.06,,0,0,0.524,0.524,31,28,31,29,2,1,5,1,6,2,3.56,-0.63,0.63,20.8,,,,,
SI,2026-07-23,92.6,-2.01,5.38,"Dobnak, Randy",681481,677976,,called_strike,,,,,9,,R,L,R,DET,KC,S,,,0,0,2026,-1.35,0.18,0.3563680649243455,1.7596686051524577,,,693307,2,4,Bot,,,,,,,8.875024777496249,-134.75001231429098,-3.685561939488742,-18.306277775701822,24.69874023816839,-29.41386167220134,3.234046916,1.632135827,,,,92.5,1900,5.9,824247,695600,686469,686681,668942,623205,686555,657041,679845,54.61,,,,,,,,33,1,Sinker,0,0,0,0,0,0,0,0,Infield shade,Standard,241,-0.004,-0.04,,,,,0.04,,0,0,0.528,0.528,31,28,31,29,2,1,5,1,6,2,2.44,1.35,-1.35,19.0,,,,,
SI,2026-07-23,91.4,-2.01,5.36,"Dobnak, Randy",693307,677976,walk,ball,,,,,13,Dillon Dingler walks.,R,R,R,DET,KC,B,,,3,0,2026,-1.34,0.16,-0.8704514522298157,2.4444417222769412,,,,2,4,Bot,,,,,,,5.73695818594855,-132.98566817399993,-1.65326767500276,-17.19011147117683,27.33124103227413,-30.07459369339753,3.271784777,1.651181102,,,,90.8,1966,5.9,824247,695600,686469,686681,668942,623205,686555,657041,679845,54.65,,0.698492,0.7,1,0,0,,32,4,Sinker,0,0,0,0,0,0,0,0,Standard,Standard,238,0.006,0.128,,,,,-0.128,,0,0,0.522,0.522,31,27,31,28,2,1,5,1,6,1,2.55,1.34,1.34,21.8,,,,,
SI,2026-07-23,92.0,-1.87,5.4,"Dobnak, Randy",693307,677976,,ball,,,,,13,,R,R,R,DET,KC,B,,,2,0,2026,-1.22,0.09,-1.0672864258213732,2.3627899747415277,,,,2,4,Bot,,,,,,,4.652071606081779,-134.01156754709032,-1.8950450568597876,-15.755891021779096,27.17036495923534,-30.95700350351529,3.271784777,1.651181102,,,,91.4,1969,5.8,824247,695600,686469,686681,668942,623205,686555,657041,679845,54.74,,,,,,,,32,3,Sinker,0,0,0,0,0,0,0,0,Standard,Standard,239,0.005,0.103,,,,,-0.103,,0,0,0.517,0.517,31,27,31,28,2,1,5,1,6,1,2.59,1.22,1.22,20.6,,,,,
SI,2026-07-23,92.2,-1.86,5.39,"Dobnak, Randy",693307,677976,,ball,,,,,11,,R,R,R,DET,KC,B,,,1,0,2026,-1.17,0.13,-0.9760151285607848,3.1446917423049077,,,,2,4,Bot,,,,,,,4.748717567696424,-134.35872636046074,-0.0608135348824012,-15.153906544024077,26.519057840147717,-30.77843070838406,3.271784777,1.651181102,,,,91.7,1933,5.7,824247,695600,686469,686681,668942,623205,686555,657041,679845,54.77,,,,,,,,32,2,Sinker,0,0,0,0,0,0,0,0,Standard,Standard,243,0.003,0.065,,,,,-0.065,,0,0,0.514,0.514,31,27,31,28,2,1,5,1,6,1,2.52,1.17,1.17,19.3,,,,,
SI,2026-07-23,93.1,-1.82,5.42,"Dobnak, Randy",693307,677976,,ball,,,,,14,,R,R,R,DET,KC,B,,,0,0,2026,-1.5,0.19,2.0703450536351022,0.6095729513974044,,,,2,4,Bot,,,,,,,12.990748365056572,-134.92827839848974,-6.684226943062343,-21.020730287285065,26.62144887512185,-28.54013730430239,3.271784777,1.651181102,,,,92.1,1969,5.7,824247,695600,686469,686681,668942,623205,686555,657041,679845,54.77,,,,,,,,32,1,Sinker,0,0,0,0,0,0,0,0,Standard,Standard,248,0.001,0.041,,,,,-0.041,,0,0,0.513,0.513,31,27,31,28,2,1,5,1,6,1,2.44,1.5,1.5,22.4,,,,,
ST,2026-07-23,81.3,-1.9,5.3,"Dobnak, Randy",682985,677976,field_out,hit_into_play,,,,,1,Riley Greene flies out to left fielder Isaac Collins.,R,L,R,DET,KC,X,7,fly_ball,3,1,2026,0.91,0.04,-0.2898535633977409,3.0052356277753014,,,,1,4,Bot,94.98,72.9,,,,,1.7834197314715148,-118.43269328715904,1.4964519939070022,8.202047689521427,22.28847629426121,-32.28422830461542,3.303379265,1.667125984,322,98.8,46,80.2,2707,5.5,824247,695600,686469,686681,668942,623205,686555,657041,679845,55.03,0.029,0.045,0.0,1,0,0,3,31,5,Sweeper,0,0,0,0,0,0,0,0,Infield shade,Standard,63,-0.032,-0.439,73.5,7.3,,0.079,0.439,98.8,0,0,0.545,0.545,31,25,31,26,2,1,5,1,6,1,3.4,-0.91,0.91,16.3,22.28384137131644,-2.0543506238390723,39.23319097779772,37.029137326537054,29.84362109672198
SI,2026-07-23,90.8,-1.81,5.31,"Dobnak, Randy",682985,677976,,called_strike,,,,,5,,R,L,R,DET,KC,S,,,3,0,2026,-1.52,0.16,0.1390333333590323,2.308387038348682,,,,1,4,Bot,,,,,,,8.055541219401768,-132.05421295058633,-1.7584546082170511,-19.53596445468565,26.246709998418552,-30.187538439766698,3.303379265,1.667125984,,,,90.2,2005,5.8,824247,695600,686469,686681,668942,623205,686555,657041,679845,54.67,,,,,,,,31,4,Sinker,0,0,0,0,0,0,0,0,Infield shade,Standard,243,-0.006,-0.079,,,,,0.079,,0,0,0.551,0.551,31,25,31,26,2,1,5,1,6,1,2.6,1.52,-1.52,22.5,,,,,
CH,2026-07-23,84.4,-1.87,5.36,"Dobnak, Randy",682985,677976,,ball,,,,,11,,R,L,R,DET,KC,B,,,2,0,2026,-0.63,-0.23,-1.0881480836588855,2.764778655281919,,,,1,4,Bot,,,,,,,3.038875041471553,-122.9667222712159,0.8756618774537357,-7.008832711001208,21.290791856966763,-34.91547639939456,3.303379265,1.667125984,,,,84.3,1689,5.9,824247,695600,686469,686681,668942,623205,686555,657041,679845,54.64,,,,,,,,31,3,Changeup,0,0,0,0,0,0,0,0,Infield shade,Standard,270,0.009,0.138,,,,,-0.138,,0,0,0.542,0.542,31,25,31,26,2,1,5,1,6,1,3.39,0.63,-0.63,20.9,,,,,
CH,2026-07-23,85.1,-1.95,5.38,"Dobnak, Randy",682985,677976,,ball,,,,,13,,R,L,R,DET,KC,B,,,1,0,2026,-0.74,-0.54,-1.0370496589281748,2.28291751015683,,,,1,4,Bot,,,,,,,3.598934465285946,-124.01598342822588,0.2732087607621065,-8.371563874315251,23.28144406320143,-38.01457242825732,3.303379265,1.667125984,,,,84.5,1673,5.7,824247,695600,686469,686681,668942,623205,686555,657041,679845,54.79,,,,,,,,31,2,Changeup,0,0,0,0,0,0,0,0,Infield shade,Standard,271,0.006,0.076,,,,,-0.076,,0,0,0.536,0.536,31,25,31,26,2,1,5,1,6,1,3.66,0.74,-0.74,20.6,,,,,
CH,2026-07-23,85.0,-2.04,5.33,"Dobnak, Randy",682985,677976,,ball,,,,,13,,R,L,R,DET,KC,B,,,0,0,2026,-0.63,-0.59,-0.8673510531028349,1.3407273217916171,,,,1,4,Bot,,,,,,,3.950813149032777,-123.74717232075392,-1.596198060130111,-7.279768250876354,24.100373741282255,-38.19144346365476,3.303379265,1.667125984,,,,84.3,1656,5.7,824247,695600,686469,686681,668942,623205,686555,657041,679845,54.78,,,,,,,,31,1,Changeup,0,0,0,0,0,0,0,0,Infield shade,Standard,264,0.003,0.041,,,,,-0.041,,0,0,0.533,0.533,31,25,31,26,2,1,5,1,6,1,3.74,0.63,-0.63,17.6,,,,,
ST,2026-07-23,82.2,-1.88,5.36,"Dobnak, Randy",690993,677976,field_out,hit_into_play,,,,,6,"Colt Keith grounds out, second baseman Michael Massey to first baseman Vinnie Pasquantino.",R,L,R,DET,KC,X,4,ground_ball,1,2,2026,0.81,0.1,0.4398471216802549,2.512093522229669,,,,0,4,Bot,142.32,124.77,,,,,3.554802836157687,-119.70994266958176,0.0677191790001545,7.105206824885351,23.4626074660397,-31.44752152149509,3.27792815,1.654281496,136,87.3,9,81.3,2613,5.6,824247,695600,686469,686681,668942,623205,686555,657041,679845,54.86,0.463,0.425,0.0,1,0,0,4,30,5,Sweeper,0,0,0,0,0,0,0,0,Infield shade,Standard,55,-0.019,-0.186,74.1,6.2,,0.51,0.186,88.0,0,0,0.552,0.552,31,24,31,25,2,1,5,1,6,1,3.27,-0.81,0.81,17.1,1.7032506085287078,1.3249934036151465,38.70375124734515,32.44333005941866,25.227125057079345
SL,2026-07-23,84.7,-1.95,5.45,"Dobnak, Randy",690993,677976,,foul,,,,,4,,R,L,R,DET,KC,S,,,1,2,2026,-0.02,-0.07,-0.7821771771047537,2.320766212905494,,,,0,4,Bot,,,,,,,2.7068385877613106,-123.38853228722516,-0.6449401188276873,-0.7224612305442903,24.335727705316877,-32.935549853735736,3.27792815,1.654281496,260,86.0,23,83.8,2385,5.6,824247,695600,686469,686681,668942,623205,686555,657041,679845,54.85,,,,,,,,30,4,Slider,0,0,0,0,0,0,0,0,Infield shade,Standard,40,0.0,0.0,63.7,6.4,,,0.0,88.0,0,0,0.552,0.552,31,24,31,25,2,1,5,1,6,1,3.23,0.02,-0.02,21.3,-3.062366866235718,20.737307400370145,32.178080492527606,46.0831299742373,18.780447518686618
CH,2026-07-23,84.0,-2.01,5.33,"Dobnak, Randy",690993,677976,,foul,,,,,9,,R,L,R,DET,KC,S,,,1,1,2026,-0.64,-0.3,0.5870854349144609,1.7782380108115587,,,,0,4,Bot,,,,,,,7.1456886513909845,-122.29033509505123,-1.1016621107850333,-7.746371321660273,21.29329047689996,-35.1844591319206,3.27792815,1.654281496,3,99.3,-35,83.6,1594,5.7,824247,695600,686469,686681,668942,623205,686555,657041,679845,54.77,,,,,,,,30,3,Changeup,0,0,0,0,0,0,0,0,Infield shade,Standard,259,-0.007,-0.061,73.3,6.8,,,0.061,99.3,0,0,0.559,0.559,31,24,31,25,2,1,5,1,6,1,3.49,0.64,-0.64,18.7,11.502435127549374,-3.6761850358444206,42.495460671489944,31.437382722570657,29.022813625598307
CH,2026-07-23,83.3,-2.05,5.3,"Dobnak, Randy",690993,677976,,ball,,,,,13,,R,L,R,DET,KC,B,,,0,1,2026,-0.75,-0.25,-0.2790424640491437,1.3145423678487975,,,,0,4,Bot,,,,,,,5.440164580949193,-121.41390702723378,-2.079004656111901,-8.432095689358588,20.453983443113103,-34.53422096285098,3.27792815,1.654281496,,,,82.9,1565,5.6,824247,695600,686469,686681,668942,623205,686555,657041,679845,54.86,,,,,,,,30,2,Changeup,0,0,0,0,0,0,0,0,Infield shade,Standard,278,0.003,0.03,,,,,-0.03,,0,0,0.556,0.556,31,24,31,25,2,1,5,1,6,1,3.49,0.75,-0.75,17.2,,,,,
SI,2026-07-23,90.1,-1.86,5.38,"Dobnak, Randy",690993,677976,,foul,,,,,5,,R,L,R,DET,KC,S,,,0,0,2026,-1.26,0.19,0.0300410685577687,2.26574132104662,,,,0,4,Bot,,,,,,,7.259181540817201,-131.13864302968398,-2.0022210933408995,-16.0459234465754,25.96551341297415,-29.80559827848566,3.27792815,1.654281496,261,85.9,47,89.3,1918,5.6,824247,695600,686469,686681,668942,623205,686555,657041,679845,54.87,,,,,,,,30,1,Sinker,0,0,0,0,0,0,0,0,Infield shade,Standard,245,-0.004,-0.042,74.1,6.7,,,0.042,88.0,0,0,0.56,0.56,31,24,31,25,2,1,5,1,6,1,2.61,1.26,-1.26,20.0,9.17186930285831,7.033880316510362,37.65102571992462,36.64434811872262,23.379007414666113
SL,2026-07-23,87.6,-1.6,5.55,"Melton, Troy",679845,675512,strikeout,swinging_strike_blocked,,,,,14,Nick Loftin strikes out swinging.,R,R,R,DET,KC,S,2,,0,2,2026,0.74,-0.27,0.9384508108653185,0.3083805794640528,,,686555,2,4,Top,,,,,,,4.549641113761624,-127.3454340018792,-5.668372141188094,6.9472964608083165,28.22311980764569,-34.023980814177946,3.18226706,1.606003937,,,,88.2,2503,6.9,824247,693307,679529,650402,690993,805808,656716,681546,681481,53.57,,0.0,0.0,1,0,0,,29,3,Slider,0,0,0,0,0,0,0,0,Infield shade,Standard,97,0.017,-0.176,62.7,8.6,6.941541324,,0.176,,0,0,0.543,0.457,25,27,26,28,2,1,6,1,5,1,3.26,-0.74,-0.74,38.4,21.728902065583952,-26.70802585162707,39.3969471242341,47.248426421133026,44.25505020806975
FC,2026-07-23,92.2,-1.65,5.63,"Melton, Troy",679845,675512,,called_strike,,,,,3,,R,R,R,DET,KC,S,,,0,1,2026,0.23,0.76,0.2820469190029394,3.1760934277066104,,,686555,2,4,Top,,,,,,,4.39526223252022,-134.32210780121238,-1.9365871197144544,1.7643040228089348,29.34432259738574,-22.76527326590172,3.18226706,1.606003937,,,,93.0,2376,6.7,824247,693307,679529,650402,690993,805808,656716,681546,681481,53.8,,,,,,,,29,2,Cutter,0,0,0,0,0,0,0,0,Standard,Standard,181,0.007,-0.06,,,,,0.06,,0,0,0.536,0.464,25,27,26,28,2,1,6,1,5,1,1.92,-0.23,-0.23,38.5,,,,,
FF,2026-07-23,96.4,-1.39,5.62,"Melton, Troy",679845,675512,,foul,,,,,1,,R,R,R,DET,KC,S,,,0,0,2026,-0.72,1.42,-0.6714913129969331,2.8779912800684286,,,686555,2,4,Top,,,,,,,3.584004228777349,-140.26221040776105,-4.797330180993011,-10.261565107721646,33.72778035420446,-12.586163095374587,3.18226706,1.606003937,337,104.3,20,96.9,2297,6.7,824247,693307,679529,650402,690993,805808,656716,681546,681481,53.76,,,,,,,,29,1,4-Seam Fastball,0,0,0,0,0,0,0,0,Standard,Standard,210,0.004,-0.04,78.8,7.3,,,0.04,104.3,0,0,0.532,0.468,25,27,26,28,2,1,6,1,5,1,1.05,0.72,0.72,36.1,20.439467619646596,-20.64684653522037,27.93835549786192,28.697667061895515,35.90079066134264
FC,2026-07-23,91.9,-1.91,5.61,"Melton, Troy",668942,675512,field_out,hit_into_play,,,,,5,Josh Rojas flies out to left fielder Zach McKinstry.,R,L,R,DET,KC,X,7,fly_ball,1,1,2026,0.37,0.62,-0.2527967368064297,2.7094292797583948,,,686555,1,4,Top,68.2,123.81,,,,,3.3638691833116425,-133.87996671241189,-2.7465973661784524,3.76201196803408,27.21244434623563,-24.31985321457956,3.233169291,1.631692913,274,82.4,30,93.0,2383,6.8,824247,693307,679529,650402,690993,805808,656716,681546,681481,53.75,0.097,0.12,0.0,1,0,0,3,28,3,Cutter,0,0,0,0,0,0,0,0,Standard,Standard,177,0.033,-0.25,68.6,6.6,,0.184,0.25,88.0,0,0,0.499,0.501,25,32,26,32,2,1,6,1,5,5,2.06,-0.37,0.37,37.2,-0.5894039188260358,18.10047373727483,29.940931537586085,42.15645937691308,17.624946721389936
FF,2026-07-23,96.5,-1.54,5.61,"Melton, Troy",668942,675512,,ball,,,,,11,,R,L,R,DET,KC,B,,,0,1,2026,-0.45,1.35,-0.9408704233016992,3.686764189727543,,,686555,1,4,Top,,,,,,,2.645585068372813,-140.64341256626577,-2.5762916408055476,-6.625668063316231,30.525417569188164,-13.785509266213696,3.233169291,1.631692913,,,,97.6,2323,6.7,824247,693307,679529,650402,690993,805808,656716,681546,681481,53.76,,,,,,,,28,2,4-Seam Fastball,0,0,0,0,0,0,0,0,Standard,Standard,214,-0.003,0.029,,,,,-0.029,,0,0,0.502,0.498,25,32,26,32,2,1,6,1,5,5,1.08,0.45,-0.45,38.1,,,,,
FF,2026-07-23,97.2,-1.69,5.56,"Melton, Troy",668942,675512,,foul,,,,,3,,R,L,R,DET,KC,S,,,0,0,2026,-0.58,1.42,0.381658764092324,3.21460622829189,,,686555,1,4,Top,,,,,,,6.901310410500776,-141.43005488035976,-3.934018059662462,-9.333775572126278,32.535350050010436,-12.356645719820852,3.233169291,1.631692913,196,70.1,52,98.1,2334,6.8,824247,693307,679529,650402,690993,805808,656716,681546,681481,53.66,,,,,,,,28,1,4-Seam Fastball,0,0,0,0,0,0,0,0,Standard,Standard,213,0.005,-0.039,69.6,6.6,,,0.039,88.0,0,0,0.497,0.503,25,32,26,32,2,1,6,1,5,5,0.99,0.58,-0.58,36.3,5.777263816196177,4.329882423652347,29.50001345362461,34.21618301532169,20.920460768483142
CU,2026-07-23,78.6,-1.55,5.79,"Melton, Troy",686555,675512,walk,ball,,,,,11,Isaac Collins walks.,R,L,R,DET,KC,B,,,3,2,2026,0.98,-0.73,-0.4660897318601276,3.3876048795913496,,,,1,4,Top,,,,,,,0.4686141858087036,-114.36844824447978,3.2744922196829114,8.439752907577313,22.23134524635343,-39.439176308763145,3.012885499,1.520521654,,,,79.2,2401,6.8,824247,693307,679529,650402,690993,805808,656716,681546,681481,53.65,,0.698492,0.7,1,0,0,,27,6,Curveball,0,0,0,0,0,0,0,0,Infield shade,Standard,43,-0.025,0.338,,,,,-0.338,,0,0,0.522,0.478,25,28,26,29,2,1,6,1,5,1,4.44,-0.98,0.98,46.7,,,,,
SL,2026-07-23,88.6,-1.65,5.6,"Melton, Troy",686555,675512,,ball,,,,,14,,R,L,R,DET,KC,B,,,2,2,2026,0.46,0.14,1.4388712920389286,1.3439097154165096,,,,1,4,Top,,,,,,,6.529278052108208,-128.86282468412824,-4.46130940589936,3.8525767539491578,25.189475787823504,-29.86648637563149,3.012885499,1.520521654,,,,89.8,2517,6.9,824247,693307,679529,650402,690993,805808,656716,681546,681481,53.6,,,,,,,,27,5,Slider,0,0,0,0,0,0,0,0,Infield shade,Standard,93,-0.008,0.111,,,,,-0.111,,0,0,0.53,0.47,25,28,26,29,2,1,6,1,5,1,2.75,-0.46,0.46,39.1,,,,,
FC,2026-07-23,89.9,-1.73,5.55,"Melton, Troy",686555,675512,,foul,,,,,9,,R,L,R,DET,KC,S,,,2,1,2026,0.34,0.4,0.7540703830537752,1.6897251729480574,,,,1,4,Top,,,,,,,5.389398363021971,-130.870012521735,-4.299432896063521,2.8844336217671778,26.473615568776157,-26.92951252675476,3.012885499,1.520521654,,,,91.1,2422,6.9,824247,693307,679529,650402,690993,805808,656716,681546,681481,53.58,,,,,,,,27,4,Cutter,0,0,0,0,0,0,0,0,Standard,Standard,167,0.006,-0.076,75.4,7.7,,,0.076,,0,0,0.524,0.476,25,28,26,29,2,1,6,1,5,1,2.41,-0.34,0.34,38.5,25.578066424570235,-38.30180133786328,23.89359809657683,28.6234542110982,53.39693943126431
CH,2026-07-23,88.2,-1.77,5.59,"Melton, Troy",686555,675512,,ball,,,,,11,,R,L,R,DET,KC,B,,,1,1,2026,-0.88,0.33,-0.8932908864397366,2.613757168149764,,,,1,4,Top,,,,,,,4.012412862253147,-128.43539857401413,-1.7007446562104758,-10.53044620982953,24.400137241961936,-28.3857611863349,3.012885499,1.520521654,,,,89.7,1277,7.0,824247,693307,679529,650402,690993,805808,656716,681546,681481,53.51,,,,,,,,27,3,Changeup,0,0,0,0,0,0,0,0,Standard,Standard,233,-0.004,0.057,,,,,-0.057,,0,0,0.528,0.472,25,28,26,29,2,1,6,1,5,1,2.58,0.88,-0.88,40.2,,,,,
FC,2026-07-23,91.1,-1.6,5.54,"Melton, Troy",686555,675512,,ball,,,,,14,,R,L,R,DET,KC,B,,,0,1,2026,0.47,0.4,1.0053429809725507,1.892681053193761,,,,1,4,Top,,,,,,,5.482209719943678,-132.62120458802653,-4.000873850097525,4.55596359577972,26.117438516736705,-26.81841224814347,3.012885499,1.520521654,,,,92.4,2411,6.8,824247,693307,679529,650402,690993,805808,656716,681546,681481,53.65,,,,,,,,27,2,Cutter,0,0,0,0,0,0,0,0,Standard,Standard,177,-0.002,0.033,,,,,-0.033,,0,0,0.53,0.47,25,28,26,29,2,1,6,1,5,1,2.33,-0.47,0.47,37.6,,,,,
CU,2026-07-23,77.7,-1.46,5.86,"Melton, Troy",686555,675512,,called_strike,,,,,4,,R,L,R,DET,KC,S,,,0,0,2026,1.13,-0.99,-0.4319540557205144,2.3967477546322256,,,,1,4,Top,,,,,,,0.0623859968699848,-113.13083796206377,1.607205253343268,9.679513440700845,21.670994008747037,-41.144178550450874,3.012885499,1.520521654,,,,78.5,2512,6.9,824247,693307,679529,650402,690993,805808,656716,681546,681481,53.59,,,,,,,,27,1,Curveball,0,0,0,0,0,0,0,0,Standard,Standard,44,0.003,-0.041,,,,,0.041,,0,0,0.527,0.473,25,28,26,29,2,1,6,1,5,1,4.77,-1.13,1.13,47.1,,,,,
SL,2026-07-23,87.5,-1.64,5.6,"Melton, Troy",686681,675512,strikeout,swinging_strike,,,,,9,Michael Massey strikes out swinging.,R,L,R,DET,KC,S,2,,1,2,2026,0.73,-0.22,0.5903681153382342,1.5084861734958257,,,,0,4,Top,,,,,,,3.8207430846523183,-127.41693639854893,-3.100064886899812,7.263158216319252,24.454696223439075,-34.162598222681964,3.199819554,1.614862205,,,,88.9,2398,7.0,824247,693307,679529,650402,690993,805808,656716,681546,681481,53.54,,0.0,0.0,1,0,0,,26,4,Slider,0,0,0,0,0,0,0,0,Infield shade,Standard,96,0.019,-0.186,71.8,8.3,2.21744748,,0.186,,0,0,0.508,0.492,25,28,26,28,2,1,6,1,5,1,3.17,-0.73,0.73,41.7,28.83447107398104,-32.350462217242935,38.6482429307831,32.07640966511806,47.6625197034213
CH,2026-07-23,88.9,-1.77,5.55,"Melton, Troy",686681,675512,,foul,,,,,14,,R,L,R,DET,KC,S,,,1,1,2026,-0.58,0.39,0.5068970457387582,1.433474184187161,,,,0,4,Top,,,,,,,6.827150538489745,-129.4236090465934,-4.795572495855708,-7.768183422050103,23.06121500013061,-26.992581948146952,3.199819554,1.614862205,5,96.5,-17,90.7,1090,7.1,824247,693307,679529,650402,690993,805808,656716,681546,681481,53.45,,,,,,,,26,3,Changeup,0,0,0,0,0,0,0,0,Infield shade,Standard,243,0.007,-0.061,79.0,7.6,,,0.061,96.5,0,0,0.501,0.499,25,28,26,28,2,1,6,1,5,1,2.45,0.58,-0.58,39.7,16.773769284728193,-11.993638705474751,39.85666666879675,31.30936270070213,32.67187517879448
FF,2026-07-23,95.8,-1.58,5.55,"Melton, Troy",686681,675512,,ball,,,,,14,,R,L,R,DET,KC,B,,,0,1,2026,-0.75,1.25,0.8666719943587613,0.56307635739573,,,,0,4,Top,,,,,,,8.16457690916614,-138.94583259448515,-10.202871578994372,-11.582517633240805,32.45297073408314,-13.799757754967906,3.199819554,1.614862205,,,,96.4,2194,6.9,824247,693307,679529,650402,690993,805808,656716,681546,681481,53.59,,,,,,,,26,2,4-Seam Fastball,0,0,0,0,0,0,0,0,Infield shade,Standard,213,-0.003,0.03,,,,,-0.03,,0,0,0.504,0.496,25,28,26,28,2,1,6,1,5,1,1.26,0.75,-0.75,38.1,,,,,
FF,2026-07-23,96.0,-1.68,5.61,"Melton, Troy",686681,675512,,called_strike,,,,,5,,R,L,R,DET,KC,S,,,0,0,2026,-0.45,1.43,-0.1994923508699885,2.459189695347705,,,,0,4,Top,,,,,,,4.946713092147302,-139.58403473743735,-5.844492197893041,-7.0795585840263096,32.21266428815552,-12.401474174668952,3.199819554,1.614862205,,,,96.6,2315,6.7,824247,693307,679529,650402,690993,805808,656716,681546,681481,53.77,,,,,,,,26,1,4-Seam Fastball,0,0,0,0,0,0,0,0,Infield shade,Standard,211,0.004,-0.042,,,,,0.042,,0,0,0.5,0.5,25,28,26,28,2,1,6,1,5,1,1.06,0.45,-0.45,39.5,,,,,
ST,2026-07-23,83.2,-2.07,5.28,"Dobnak, Randy",650402,677976,field_out,hit_into_play,,,,,7,"Gleyber Torres grounds out, third baseman Josh Rojas to first baseman Vinnie Pasquantino.",R,R,R,DET,KC,X,5,ground_ball,2,2,2026,0.61,-0.48,-0.3924010821065457,1.9038869481248757,,,,2,3,Bot,104.18,171.95,,,,,2.543876935538826,-121.08561719532292,-0.1000723826856608,5.40310407546285,25.140047715794907,-37.046330190306655,3.12960958,1.579429134,21,79.9,-4,81.7,2740,5.4,824247,695600,686469,686681,668942,623205,686555,657041,679845,55.07,0.121,0.115,0.0,1,0,0,2,25,5,Sweeper,0,0,0,0,0,0,0,0,Standard,Standard,58,-0.01,-0.222,72.7,7.2,,0.15,0.222,88.0,0,0,0.51,0.51,31,29,31,30,2,1,5,2,6,1,3.79,-0.61,-0.61,16.8,12.960886185091624,-8.175209147578501,35.88620120962037,28.855756207304612,37.97634645094809
SI,2026-07-23,92.8,-1.92,5.37,"Dobnak, Randy",650402,677976,,called_strike,,,,,9,,R,R,R,DET,KC,S,,,2,1,2026,-1.57,0.28,0.6983430184502075,1.6258078995699727,,,,2,3,Bot,,,,,,,9.99199741780258,-134.78833000257686,-4.15756493437371,-21.28290430052162,28.65759675450568,-27.980440745908265,3.12960958,1.579429134,,,,91.9,1973,5.8,824247,695600,686469,686681,668942,623205,686555,657041,679845,54.7,,,,,,,,25,4,Sinker,0,0,0,0,0,0,0,0,Standard,Standard,246,-0.003,-0.08,,,,,0.08,,0,0,0.513,0.513,31,29,31,30,2,1,5,2,6,1,2.37,1.57,1.57,17.8,,,,,
ST,2026-07-23,82.2,-2.02,5.33,"Dobnak, Randy",650402,677976,,ball,,,,,14,,R,R,R,DET,KC,B,,,1,1,2026,0.43,-0.61,1.388707882142776,1.6070833210435058,,,,2,3,Bot,,,,,,,6.698158589876268,-119.55899884807998,-0.4289518072916723,2.632595170397176,25.268354663364697,-38.09310062433244,3.12960958,1.579429134,,,,80.8,2623,5.5,824247,695600,686469,686681,668942,623205,686555,657041,679845,54.95,,,,,,,,25,3,Sweeper,0,0,0,0,0,0,0,0,Standard,Standard,52,0.002,0.056,,,,,-0.056,,0,0,0.511,0.511,31,29,31,30,2,1,5,2,6,1,4.01,-0.43,-0.43,15.1,,,,,
ST,2026-07-23,82.5,-2.03,5.27,"Dobnak, Randy",650402,677976,,ball,,,,,14,,R,R,R,DET,KC,B,,,0,1,2026,0.65,-0.32,1.7193863286881483,0.9702782852384316,,,,2,3,Bot,,,,,,,7.037173343344629,-119.97017081160377,-2.3756943959180403,4.952290891697164,22.94325368436959,-35.02975896811603,3.12960958,1.579429134,,,,81.4,2681,5.6,824247,695600,686469,686681,668942,623205,686555,657041,679845,54.92,,,,,,,,25,2,Sweeper,0,0,0,0,0,0,0,0,Standard,Standard,33,0.001,0.029,,,,,-0.029,,0,0,0.51,0.51,31,29,31,30,2,1,5,2,6,1,3.67,-0.65,-0.65,18.2,,,,,
ST,2026-07-23,82.4,-2.17,5.3,"Dobnak, Randy",650402,677976,,foul,,,,,5,,R,R,R,DET,KC,S,,,0,0,2026,0.51,-0.33,0.219780045736136,2.4528369101476626,,,,2,3,Bot,,,,,,,4.296937883360411,-119.97072556376962,0.8061422823977409,4.2198930437050555,21.26411699942109,-35.70587547817924,3.12960958,1.579429134,182,67.0,37,81.7,2694,5.6,824247,695600,686469,686681,668942,623205,686555,657041,679845,54.92,,,,,,,,25,1,Sweeper,0,0,0,0,0,0,0,0,Standard,Standard,65,-0.002,-0.044,65.6,7.2,,,0.044,88.0,0,0,0.512,0.512,31,29,31,30,2,1,5,2,6,1,3.66,-0.51,-0.51,17.1,10.47262523674212,3.408239947102588,35.03933874013813,37.13537836107069,29.283641181432444
SI,2026-07-23,91.5,-1.83,5.37,"Dobnak, Randy",805808,677976,field_out,hit_into_play,,,,,6,"Kevin McGonigle grounds out, first baseman Vinnie Pasquantino to pitcher Randy Dobnak.",R,L,R,DET,KC,X,3,ground_ball,1,0,2026,-1.27,0.27,0.2829980325701897,2.0306819205498288,,,,1,3,Bot,157.38,164.86,,,,,7.928770138971823,-133.1149962342841,-2.9779585935050568,-16.700406631250207,26.093896780487317,-28.482394144806612,3.085728346,1.557283465,5,92.2,-22,90.8,1920,5.7,824247,695600,686469,686681,668942,623205,686555,657041,679845,54.84,0.143,0.129,0.0,1,0,0,2,24,2,Sinker,0,0,0,0,0,0,0,0,Infield shade,Standard,252,-0.021,-0.303,75.0,6.7,,0.153,0.303,92.2,0,0,0.533,0.533,31,21,31,22,2,1,5,1,6,2,2.43,1.27,-1.27,19.3,8.58036894364007,10.724558242372815,37.96541786963299,33.08911190266605,30.190472108870033
ST,2026-07-23,81.4,-2.17,5.25,"Dobnak, Randy",805808,677976,,ball,,,,,14,,R,L,R,DET,KC,B,,,0,0,2026,0.33,-0.44,0.7704060210368208,0.8541634534422622,,,,1,3,Bot,,,,,,,5.7714032467726,-118.53538552245811,-2.202473331577412,2.1110792469203497,21.39453691816305,-36.11615291455886,3.085728346,1.557283465,,,,80.3,2628,5.4,824247,695600,686469,686681,668942,623205,686555,657041,679845,55.13,,,,,,,,24,1,Sweeper,0,0,0,0,0,0,0,0,Infield shade,Standard,53,0.003,0.041,,,,,-0.041,,0,0,0.53,0.53,31,21,31,22,2,1,5,1,6,2,3.86,-0.33,0.33,20.3,,,,,
ST,2026-07-23,81.5,-1.99,5.27,"Dobnak, Randy",681546,677976,strikeout,swinging_strike,,,,,14,James Outman strikes out swinging.,R,L,R,DET,KC,S,2,,3,2,2026,0.6,-0.37,1.8454175393365273,1.566973763850784,,,,0,3,Bot,,,,,,,7.242441185191424,-118.534410307982,-0.8291965121925107,4.40199675354254,21.084686189617745,-35.751609097272144,3.292847769,1.661811024,,,,80.8,2684,5.7,824247,695600,686469,686681,668942,623205,686555,657041,679845,54.79,,0.0,0.0,1,0,0,,23,7,Sweeper,0,0,0,0,0,0,0,0,Infield shade,Standard,49,-0.031,-0.346,28.9,7.8,14.238202032,,0.346,,0,0,0.561,0.561,31,29,31,29,1,0,5,1,6,3,3.79,-0.6,0.6,18.9,12.120943986202873,-26.694254312231052,33.75225994157409,14.928235859382127,29.394666492891965
CH,2026-07-23,84.0,-1.96,5.37,"Dobnak, Randy",681546,677976,,foul,,,,,8,,R,L,R,DET,KC,S,,,3,2,2026,-0.83,0.1,0.0700127998641864,1.9581527664925955,,,,0,3,Bot,,,,,,,6.248615675397286,-122.13769398807756,-1.4759349169395823,-9.56441759506674,24.604106309279683,-31.04685028547601,3.292847769,1.661811024,12,87.2,-9,83.0,1680,5.7,824247,695600,686469,686681,668942,623205,686555,657041,679845,54.77,,,,,,,,23,6,Changeup,0,0,0,0,0,0,0,0,Infield shade,Standard,274,0.0,0.0,82.2,8.5,,,0.0,88.0,0,0,0.561,0.561,31,29,31,29,1,0,5,1,6,3,3.14,0.83,-0.83,18.8,25.601609850566103,-21.08906152312168,36.65108209714298,35.1218009810588,42.44037819742757
FF,2026-07-23,91.6,-1.9,5.46,"Dobnak, Randy",681546,677976,,ball,,,,,14,,R,L,R,DET,KC,B,,,2,2,2026,-1.19,0.68,0.927373465556456,1.768858986221502,,,,0,3,Bot,,,,,,,9.513996302726817,-133.0713676975314,-4.6562990054538735,-16.144345798165375,28.83045847351333,-23.31299387111773,3.292847769,1.661811024,,,,90.4,2092,5.7,824247,695600,686469,686681,668942,623205,686555,657041,679845,54.84,,,,,,,,23,5,4-Seam Fastball,0,0,0,0,0,0,0,0,Infield shade,Standard,251,0.01,0.113,,,,,-0.113,,0,0,0.551,0.551,31,29,31,29,1,0,5,1,6,3,2.05,1.19,-1.19,20.0,,,,,
CH,2026-07-23,83.9,-2.04,5.29,"Dobnak, Randy",681546,677976,,ball,,,,,4,,R,L,R,DET,KC,B,,,1,2,2026,-0.54,0.24,-0.8249149766168968,2.2296797802367196,,,,0,3,Bot,,,,,,,3.7995313165729807,-122.28429488072558,-1.0129182517927935,-6.136229715218565,22.607693082035176,-29.730118246972506,3.292847769,1.661811024,,,,83.1,1793,5.6,824247,695600,686469,686681,668942,623205,686555,657041,679845,54.94,,,,,,,,23,4,Changeup,0,0,0,0,0,0,0,0,Infield shade,Standard,275,0.004,0.046,,,,,-0.046,,0,0,0.547,0.547,31,29,31,29,1,0,5,1,6,3,2.97,0.54,-0.54,17.3,,,,,
CH,2026-07-23,83.3,-2.06,5.31,"Dobnak, Randy",681546,677976,,swinging_strike,,,,,4,,R,L,R,DET,KC,S,,,1,1,2026,-0.74,0.16,-0.5709253919543827,2.570984605289413,,,,0,3,Bot,,,,,,,4.799297051716387,-121.29116394616692,-0.0543687620785836,-8.182749950660444,21.16724765578947,-30.801512296856476,3.292847769,1.661811024,,,,82.8,1740,5.7,824247,695600,686469,686681,668942,623205,686555,657041,679845,54.81,,,,,,,,23,3,Changeup,0,0,0,0,0,0,0,0,Infield shade,Standard,278,-0.007,-0.061,74.0,7.4,0.757795584,,0.061,,0,0,0.554,0.554,31,29,31,29,1,0,5,1,6,3,3.1,0.74,-0.74,18.0,8.272281673375948,12.52527442774442,30.7804324315442,42.71625374714209,22.652640434361096
SI,2026-07-23,89.5,-2.06,5.32,"Dobnak, Randy",681546,677976,,called_strike,,,,,1,,R,L,R,DET,KC,S,,,1,0,2026,-1.21,-0.26,-0.6180847154340126,2.9661192758118307,,,,0,3,Bot,,,,,,,6.029779118081752,-130.35881190465318,0.8281762368946066,-15.00235258673108,24.81083001534944,-35.49349770024271,3.292847769,1.661811024,,,,88.9,1890,5.6,824247,695600,686469,686681,668942,623205,686555,657041,679845,54.88,,,,,,,,23,2,Sinker,0,0,0,0,0,0,0,0,Infield shade,Standard,252,-0.005,-0.056,,,,,0.056,,0,0,0.559,0.559,31,29,31,29,1,0,5,1,6,3,3.08,1.21,-1.21,17.1,,,,,
ST,2026-07-23,80.1,-2.09,5.23,"Dobnak, Randy",681546,677976,,ball,,,,,13,,R,L,R,DET,KC,B,,,0,0,2026,0.7,0.33,-1.141324249089689,2.2060144405278574,,,,0,3,Bot,,,,,,,0.7127755666776852,-116.7012551617418,-0.5026815864791323,6.322591194147377,19.977462023625822,-29.22593259030369,3.292847769,1.661811024,,,,79.0,2554,5.3,824247,695600,686469,686681,668942,623205,686555,657041,679845,55.22,,,,,,,,23,1,Sweeper,0,0,0,0,0,0,0,0,Infield shade,Standard,57,0.004,0.043,,,,,-0.043,,0,0,0.555,0.555,31,29,31,29,1,0,5,1,6,3,3.19,-0.7,0.7,17.9,,,,,
CH,2026-07-23,90.3,-1.39,5.44,"Melton, Troy",521692,675512,strikeout,swinging_strike,,,,,14,Salvador Perez strikes out swinging.,R,R,R,DET,KC,S,2,,0,2,2026,-0.94,0.02,0.5113613063494679,0.8937539897404063,,,,2,3,Top,,,,,,,6.790159740582866,-131.35440259744493,-5.2453995373108375,-12.314292544878915,25.350202273047167,-31.15163403410312,3.312155512,1.671555118,,,,91.7,1314,6.9,824247,693307,679529,650402,690993,805808,656716,681546,681481,53.57,,0.0,0.0,1,0,0,,22,3,Changeup,0,0,0,0,0,0,0,0,Standard,Standard,234,0.007,-0.154,42.6,6.9,2.874425676,,0.154,,0,0,0.548,0.452,25,36,26,36,2,1,6,1,5,1,2.76,0.94,0.94,36.0,-10.268681023912222,13.646938460504604,41.117715658055864,41.66380160470932,13.028150883455009
FF,2026-07-23,97.0,-1.42,5.63,"Melton, Troy",521692,675512,,swinging_strike,,,,,2,,R,R,R,DET,KC,S,,,0,1,2026,-0.64,1.46,0.0251078088568721,3.4295371377714226,,,,2,3,Top,,,,,,,5.338293880631109,-141.12918607718208,-3.581515305714964,-9.737996019612678,32.13580750262894,-12.086801078189744,3.312155512,1.671555118,,,,97.7,2277,6.7,824247,693307,679529,650402,690993,805808,656716,681546,681481,53.78,,,,,,,,22,2,4-Seam Fastball,0,0,0,0,0,0,0,0,Standard,Standard,211,0.003,-0.062,75.5,7.5,0.821055324,,0.062,,0,0,0.545,0.455,25,36,26,36,2,1,6,1,5,1,0.97,0.64,0.64,37.5,18.377835107586712,-0.4350317247770471,27.903533054839443,35.08542659191358,25.338899436965654
SL,2026-07-23,87.6,-1.62,5.55,"Melton, Troy",521692,675512,,foul,,,,,6,,R,R,R,DET,KC,S,,,0,0,2026,0.52,0.05,0.4420657208335868,2.7069177505796995,,,,2,3,Top,,,,,,,3.855745070704265,-127.64120080164868,-0.6806181879810596,4.992985523772281,24.81705000058433,-31.72783862052935,3.312155512,1.671555118,196,72.1,47,88.7,2470,6.8,824247,693307,679529,650402,690993,805808,656716,681546,681481,53.75,,,,,,,,22,1,Slider,0,0,0,0,0,0,0,0,Standard,Standard,106,0.002,-0.044,70.8,7.3,,,0.044,88.0,0,0,0.543,0.457,25,36,26,36,2,1,6,1,5,1,2.9,-0.52,-0.52,39.2,4.204807810836617,14.185295437683196,28.3630291704404,40.175623229510045,22.784164386326264
FF,2026-07-23,98.1,-1.54,5.51,"Melton, Troy",686469,675512,field_out,hit_into_play,,,,,9,Vinnie Pasquantino pops out to third baseman Colt Keith.,R,L,R,DET,KC,X,5,popup,2,2,2026,-0.63,1.37,0.6459142870472315,1.8685188617762656,,,,1,3,Top,80.34,138.71,,,,,7.385718903421816,-142.59206580953128,-7.421128192318395,-10.342008287852115,32.999549523818494,-11.920069773732424,3.363057743,1.697244095,192,71.7,52,98.9,2341,6.8,824247,693307,679529,650402,690993,805808,656716,681546,681481,53.67,0.151,0.153,0.0,1,0,0,3,21,5,4-Seam Fastball,0,0,0,0,0,0,0,0,Infield shade,Standard,214,0.015,-0.235,70.7,7.4,,0.197,0.235,88.0,0,0,0.528,0.472,25,28,26,29,2,1,6,1,5,1,1.0,0.63,-0.63,36.3,9.202609601093728,-0.6789665437936208,40.57354117444787,34.36226553130677,22.225667716160434
FC,2026-07-23,92.9,-1.51,5.57,"Melton, Troy",686469,675512,,ball,,,,,14,,R,L,R,DET,KC,B,,,1,2,2026,0.32,0.65,1.729724924371428,1.1673390670687585,,,,1,3,Top,,,,,,,7.550635054640477,-135.11245510199586,-6.77918221425737,2.3347034964446927,27.6857938576034,-22.93460843550561,3.363057743,1.697244095,,,,94.0,2417,6.8,824247,693307,679529,650402,690993,805808,656716,681546,681481,53.69,,,,,,,,21,4,Cutter,0,0,0,0,0,0,0,0,Infield shade,Standard,185,-0.002,0.052,,,,,-0.052,,0,0,0.53,0.47,25,28,26,29,2,1,6,1,5,1,1.98,-0.32,0.32,37.4,,,,,
FF,2026-07-23,97.2,-1.68,5.59,"Melton, Troy",686469,675512,,called_strike,,,,,1,,R,L,R,DET,KC,S,,,1,1,2026,-0.4,1.31,-0.5561839142665037,3.090058929857507,,,,1,3,Top,,,,,,,3.955937162809958,-141.39582372761876,-4.031776192341624,-6.334643217120216,34.02431020780656,-13.969972834729193,3.363057743,1.697244095,,,,97.7,2232,6.7,824247,693307,679529,650402,690993,805808,656716,681546,681481,53.77,,,,,,,,21,3,4-Seam Fastball,0,0,0,0,0,0,0,0,Infield shade,Standard,215,0.004,-0.071,,,,,0.071,,0,0,0.526,0.474,25,28,26,29,2,1,6,1,5,1,1.12,0.4,-0.4,37.7,,,,,
FC,2026-07-23,92.7,-1.7,5.69,"Melton, Troy",686469,675512,,called_strike,,,,,5,,R,L,R,DET,KC,S,,,1,0,2026,0.27,0.64,0.0142720188904172,2.769909031368603,,,,1,3,Top,,,,,,,3.768946644764136,-135.0942935042515,-2.940286012637166,2.5494949841320804,28.10247913639966,-23.919203888498025,3.363057743,1.697244095,,,,93.8,2304,6.7,824247,693307,679529,650402,690993,805808,656716,681546,681481,53.75,,,,,,,,21,2,Cutter,0,0,0,0,0,0,0,0,Infield shade,Standard,169,0.004,-0.049,,,,,0.049,,0,0,0.522,0.478,25,28,26,29,2,1,6,1,5,1,2.0,-0.27,0.27,40.4,,,,,
FF,2026-07-23,97.2,-1.7,5.56,"Melton, Troy",686469,675512,,ball,,,,,11,,R,L,R,DET,KC,B,,,0,0,2026,-0.69,1.26,-1.5319586739238753,2.537966713166711,,,,1,3,Top,,,,,,,2.079803289453296,-141.48625032593154,-5.345087820393439,-9.79332310589357,33.072126724892215,-14.227619526042542,3.363057743,1.697244095,,,,97.8,2246,6.7,824247,693307,679529,650402,690993,805808,656716,681546,681481,53.84,,,,,,,,21,1,4-Seam Fastball,0,0,0,0,0,0,0,0,Infield shade,Standard,212,-0.003,0.041,,,,,-0.041,,0,0,0.525,0.475,25,28,26,29,2,1,6,1,5,1,1.15,0.69,-0.69,35.4,,,,,
FC,2026-07-23,92.0,-1.64,5.63,"Melton, Troy",657041,675512,field_out,hit_into_play,,,,,6,Lane Thomas pops out to first baseman Spencer Torkelson in foul territory.,R,R,R,DET,KC,X,3,popup,1,1,2026,0.48,0.62,0.3706388581158383,2.255988634841915,,,,0,3,Top,168.07,163.28,,,,,3.991732832620019,-134.04219744947574,-3.952530878094539,5.050185672118786,27.02888388778049,-24.024110973140036,3.146284449,1.587844488,140,83.7,64,93.1,2433,6.7,824247,693307,679529,650402,690993,805808,656716,681546,681481,53.78,0.023,0.036,0.0,1,0,0,3,20,3,Cutter,0,0,0,0,0,0,0,0,Infield shade,Standard,167,0.024,-0.248,71.3,7.0,,0.045,0.248,88.0,0,0,0.501,0.499,25,30,26,31,2,1,6,1,5,1,2.05,-0.48,-0.48,39.2,7.1771412307778455,0.9156576022330852,25.620123610935057,42.17138956824873,26.15790259548681
SL,2026-07-23,85.5,-1.76,5.61,"Melton, Troy",657041,675512,,called_strike,,,,,14,,R,R,R,DET,KC,S,,,1,0,2026,0.67,0.2,0.5646973273157856,1.3974061447549393,,,,0,3,Top,,,,,,,4.076476320001288,-124.50656176869664,-3.843582047424707,6.122285801245085,25.65181562767104,-29.555888821783945,3.146284449,1.587844488,,,,86.3,2486,6.8,824247,693307,679529,650402,690993,805808,656716,681546,681481,53.68,,,,,,,,20,2,Slider,0,0,0,0,0,0,0,0,Infield shade,Standard,96,0.005,-0.056,,,,,0.056,,0,0,0.496,0.504,25,30,26,31,2,1,6,1,5,1,2.92,-0.67,-0.67,40.6,,,,,
SI,2026-07-23,96.3,-1.63,5.61,"Melton, Troy",657041,675512,,ball,,,,,13,,R,R,R,DET,KC,B,,,0,0,2026,-1.39,0.86,-0.8662486674085541,0.6453869134305439,,,,0,3,Top,,,,,,,5.236055696988404,-139.8821279246537,-9.355503595301256,-19.37397447375856,31.7462599603244,-18.992536350452855,3.146284449,1.587844488,,,,97.0,2134,6.8,824247,693307,679529,650402,690993,805808,656716,681546,681481,53.72,,,,,,,,20,1,Sinker,0,0,0,0,0,0,0,0,Infield shade,Standard,214,-0.004,0.043,,,,,-0.043,,0,0,0.5,0.5,25,30,26,31,2,1,6,1,5,1,1.61,1.39,1.39,40.4,,,,,
CH,2026-07-23,84.0,-1.93,5.29,"Dobnak, Randy",681546,677976,,foul,,,,,9,,R,L,R,DET,KC,S,,,2,1,2026,-0.6,-0.33,0.4498357626565227,1.7617844653741406,,,656716,2,2,Bot,,,,,,,6.579626169862128,-122.12706054100032,-0.793885611245454,-7.425718804242902,27.42555660963535,-35.487267899183145,3.292847769,1.661811024,291,87.5,30,82.6,1702,5.7,824247,695600,686469,686681,668942,623205,686555,657041,679845,54.78,,,,,,,,19,4,Changeup,0,0,0,0,0,0,0,0,Standard,Standard,275,-0.006,-0.068,75.8,8.7,,,0.068,88.0,0,0,0.526,0.526,31,29,31,29,1,0,5,1,6,3,3.6,0.6,-0.6,17.2,28.731150743277535,-28.231612877003247,39.63532867396538,32.12695432954361,46.334229452386225
ST,2026-07-23,82.1,-2.22,5.24,"Dobnak, Randy",681546,677976,,ball,,,,,13,,R,L,R,DET,KC,B,,,1,1,2026,0.64,-0.33,-1.5712486216129775,1.8266946371209607,,,656716,2,2,Bot,,,,,,,0.1852540819974924,-119.51583144585008,-0.1849740953402956,6.032313246308699,27.95047859056672,-35.53052845489028,3.292847769,1.661811024,,,,80.4,2625,5.6,824247,695600,686469,686681,668942,623205,686555,657041,679845,54.89,,,,,,,,19,3,Sweeper,0,0,0,0,0,0,0,0,Standard,Standard,61,0.003,0.052,,,,,-0.052,,0,0,0.523,0.523,31,29,31,29,1,0,5,1,6,3,3.77,-0.64,0.64,19.4,,,,,
CH,2026-07-23,84.0,-2.04,5.3,"Dobnak, Randy",681546,677976,,swinging_strike,,,,,14,,R,L,R,DET,KC,S,,,1,0,2026,-0.7,-0.24,0.6034226855622612,1.1532247990937117,,,656716,2,2,Bot,,,,,,,7.345436049262233,-122.09465132165008,-2.4550634428313036,-8.451516230118466,24.65567021106791,-34.260330294060275,3.292847769,1.661811024,,,,82.8,1639,5.6,824247,695600,686469,686681,668942,623205,686555,657041,679845,54.86,,,,,,,,19,2,Changeup,0,0,0,0,0,0,0,0,Infield shade,Standard,275,-0.003,-0.048,75.5,8.6,2.44365876,,0.048,,0,0,0.526,0.526,31,29,31,29,1,0,5,1,6,3,3.48,0.7,-0.7,17.6,34.21738366546355,-25.822745989131455,42.74865974506543,30.16949678734063,48.86654073984322
CH,2026-07-23,84.3,-1.97,5.23,"Dobnak, Randy",681546,677976,,ball,,,,,12,,R,L,R,DET,KC,B,,,0,0,2026,-0.85,-0.22,1.2977327675240944,2.5042327933211546,,,656716,2,2,Bot,,,,,,,9.095896375882193,-122.38059356203192,0.6859562588790868,-10.40779735238472,24.624494240315496,-34.72152283375365,3.292847769,1.661811024,,,,83.1,1559,5.7,824247,695600,686469,686681,668942,623205,686555,657041,679845,54.82,,,,,,,,19,1,Changeup,0,0,0,0,0,0,0,0,Infield shade,Standard,277,0.002,0.035,,,,,-0.035,,0,0,0.524,0.524,31,29,31,29,1,0,5,1,6,3,3.44,0.85,-0.85,14.4,,,,,
SI,2026-07-23,91.1,-1.8,5.41,"Dobnak, Randy",656716,677976,single,hit_into_play,,,,,6,Zach McKinstry singles on a line drive to center fielder Lane Thomas.,R,L,R,DET,KC,X,8,line_drive,0,2,2026,-1.22,-0.04,0.4517310637671741,2.337220872636546,,,,2,2,Bot,143.71,65.93,,,,,8.137089331149266,-132.43684037583768,-1.46248862762453,-16.117687555145807,29.810775250052416,-32.58797256730267,3.169980315,1.59980315,294,93.9,18,89.7,1877,5.6,824247,695600,686469,686681,668942,623205,686555,657041,679845,54.89,0.509,0.482,0.9,1,1,0,4,18,3,Sinker,0,0,0,0,0,0,0,0,Infield shade,Standard,241,0.017,0.438,65.6,6.2,,0.642,-0.438,93.9,0,0,0.507,0.507,31,31,31,31,1,0,5,1,6,1,2.81,1.22,-1.22,16.9,4.281306006852857,-8.245793352903778,43.69655607317472,26.295132304002593,26.993265530592534
CH,2026-07-23,84.4,-2.14,5.28,"Dobnak, Randy",656716,677976,,swinging_strike,,,,,14,,R,L,R,DET,KC,S,,,0,1,2026,-0.82,-0.54,0.1614238505722652,0.5319339004583532,,,,2,2,Bot,,,,,,,6.843744523769043,-122.75442223989396,-3.3147023295370746,-9.630312419962792,23.731510232562464,-37.21395860272566,3.169980315,1.59980315,,,,83.4,1343,5.6,824247,695600,686469,686681,668942,623205,686555,657041,679845,54.9,,,,,,,,18,2,Changeup,0,0,0,0,0,0,0,0,Infield shade,Standard,273,-0.002,-0.062,67.6,7.0,1.029074616,,0.062,,0,0,0.509,0.509,31,31,31,31,1,0,5,1,6,1,3.74,0.82,-0.82,22.2,2.0782362804762915,3.8389108850599367,49.89628065617292,30.49768727533108,26.328221945852647
FF,2026-07-23,91.3,-1.93,5.44,"Dobnak, Randy",656716,677976,,called_strike,,,,,6,,R,L,R,DET,KC,S,,,0,0,2026,-1.34,0.71,0.3423164631903594,2.378433947241212,,,,2,2,Bot,,,,,,,8.456320116739363,-132.67018449481856,-3.145193886955905,-17.660532667606194,27.499668500256952,-23.25806158896053,3.169980315,1.59980315,,,,90.2,1993,5.6,824247,695600,686469,686681,668942,623205,686555,657041,679845,54.89,,,,,,,,18,1,4-Seam Fastball,0,0,0,0,0,0,0,0,Infield shade,Standard,248,-0.002,-0.044,,,,,0.044,,0,0,0.511,0.511,31,31,31,31,1,0,5,1,6,1,2.02,1.34,-1.34,24.0,,,,,
ST,2026-07-23,81.6,-2.04,5.28,"Dobnak, Randy",679529,677976,strikeout,swinging_strike,,,,,14,Spencer Torkelson strikes out swinging.,R,R,R,DET,KC,S,2,,0,2,2026,0.49,-0.3,1.2777792532248171,1.9519481954434184,,,,1,2,Bot,,,,,,,6.291269700927464,-118.64941000541045,-0.0746135778704193,3.3551666457796183,23.76794721224962,-35.22355136966376,3.232291667,1.63125,,,,80.1,2487,5.4,824247,695600,686469,686681,668942,623205,686555,657041,679845,55.08,,0.0,0.0,1,0,0,,17,3,Sweeper,0,0,0,0,0,0,0,0,Standard,Standard,48,-0.01,-0.163,67.0,9.2,8.037252708,,0.163,,0,0,0.521,0.521,31,26,31,27,1,0,5,1,6,1,3.74,-0.49,-0.49,13.6,31.618415191111197,-41.453676188357704,32.88876663331718,49.843954055809355,47.82769447006945
ST,2026-07-23,81.2,-2.06,5.31,"Dobnak, Randy",679529,677976,,called_strike,,,,,14,,R,R,R,DET,KC,S,,,0,1,2026,0.4,-0.6,1.0280288300027003,2.0050082146557533,,,,1,2,Bot,,,,,,,5.936967985704018,-118.0778089265794,0.6807076828936931,2.4259570068420024,26.069064597776578,-38.08884527376424,3.232291667,1.63125,,,,79.5,2516,5.5,824247,695600,686469,686681,668942,623205,686555,657041,679845,55.0,,,,,,,,17,2,Sweeper,0,0,0,0,0,0,0,0,Standard,Standard,51,-0.004,-0.058,,,,,0.058,,0,0,0.525,0.525,31,26,31,27,1,0,5,1,6,1,4.1,-0.4,-0.4,19.7,,,,,
ST,2026-07-23,80.7,-2.07,5.36,"Dobnak, Randy",679529,677976,,called_strike,,,,,5,,R,R,R,DET,KC,S,,,0,0,2026,0.41,-0.29,0.113199750999239,2.1739397860247696,,,,1,2,Bot,,,,,,,3.936790920528419,-117.35740340406235,0.4112211281706122,2.8574789707175925,25.580391337590953,-35.125683204071144,3.232291667,1.63125,,,,78.9,2556,5.4,824247,695600,686469,686681,668942,623205,686555,657041,679845,55.1,,,,,,,,17,1,Sweeper,0,0,0,0,0,0,0,0,Standard,Standard,57,-0.003,-0.041,,,,,0.041,,0,0,0.528,0.528,31,26,31,27,1,0,5,1,6,1,3.83,-0.41,-0.41,16.7,,,,,
SI,2026-07-23,89.8,-2.12,5.37,"Dobnak, Randy",681481,677976,field_out,hit_into_play,,,,,5,"Kerry Carpenter grounds out, second baseman Michael Massey to first baseman Vinnie Pasquantino.",R,L,R,DET,KC,X,4,ground_ball,0,0,2026,-1.35,0.04,-0.264495586487643,2.148871108728612,,,,0,2,Bot,146.74,152.19,,,,,7.334028829042496,-130.53936108893325,-1.8451611095195688,-16.968309636871464,27.33455368226117,-31.58922130813892,3.234046916,1.632135827,24,106.1,-4,88.6,1831,5.6,824247,695600,686469,686681,668942,623205,686555,657041,679845,54.89,0.41,0.369,0.0,1,0,0,2,16,1,Sinker,0,0,0,0,0,0,0,0,Strategic,Standard,247,-0.023,-0.26,78.1,7.1,,0.431,0.26,106.1,0,0,0.551,0.551,31,28,31,29,1,0,5,1,6,2,2.8,1.35,-1.35,18.1,10.335865814622547,8.599089217797635,35.99038001863957,41.93723823500593,21.036926876611577
CH,2026-07-23,88.9,-1.49,5.57,"Melton, Troy",695600,675512,field_out,hit_into_play,,,,,13,"Carter Jensen grounds out, first baseman Spencer Torkelson to pitcher Troy Melton.",R,L,R,DET,KC,X,3,ground_ball,2,1,2026,-1.05,0.44,-0.4365082188453149,1.3323835333751286,,668942,,2,2,Top,148.77,168.4,,,,,4.819708999322883,-129.33146174302448,-5.126481545227437,-12.75313610640525,25.666341421911337,-26.357606077111615,3.191043307,1.610433071,57,77.5,4,90.0,1164,6.8,824247,693307,679529,650402,690993,805808,656716,681546,681481,53.66,0.273,0.267,0.0,1,0,0,2,15,4,Changeup,0,0,0,0,0,0,0,0,Infield shade,Standard,234,0.035,-0.299,79.2,7.8,,0.302,0.299,88.0,0,0,0.516,0.484,25,22,26,23,2,1,6,1,5,1,2.43,1.05,-1.05,39.6,15.599730472989885,-12.808636262854035,32.752947043025586,38.2781800502405,44.265708472691
FF,2026-07-23,97.0,-1.56,5.62,"Melton, Troy",695600,675512,,ball,,,,,11,,R,L,R,DET,KC,B,,,1,1,2026,-0.85,1.08,-1.1078479438957558,3.1106211581463885,,668942,,2,2,Top,,,,,,,3.2055889737291094,-141.19703556934567,-3.493864663680803,-12.156385709403128,34.00754178246841,-17.1466426480668,3.191043307,1.610433071,,,,97.5,2348,6.7,824247,693307,679529,650402,690993,805808,656716,681546,681481,53.82,,,,,,,,15,3,4-Seam Fastball,0,0,0,0,0,0,0,0,Standard,Strategic,212,-0.003,0.039,,,,,-0.039,,0,0,0.519,0.481,25,22,26,23,2,1,6,1,5,1,1.35,0.85,-0.85,38.8,,,,,
CH,2026-07-23,88.6,-1.7,5.63,"Melton, Troy",695600,675512,,foul,,,,,7,,R,L,R,DET,KC,S,,,1,0,2026,-1.07,0.4,-0.5188911928688547,2.041445972805175,,668942,,2,2,Top,,,,,,,5.177958903488308,-128.93947596349804,-3.310410939528875,-13.034340563414077,29.28197907400916,-27.215339006902173,3.191043307,1.610433071,158,79.5,70,89.1,1318,6.8,824247,693307,679529,650402,690993,805808,656716,681546,681481,53.71,,,,,,,,15,2,Changeup,0,0,0,0,0,0,0,0,Standard,Standard,230,0.003,-0.046,74.7,7.3,,,0.046,88.0,0,0,0.516,0.484,25,22,26,23,2,1,6,1,5,1,2.53,1.07,-1.07,41.0,8.399128229594737,2.0556623576560633,29.323748422060877,40.26141142586698,33.54317338147966
FC,2026-07-23,92.6,-1.75,5.59,"Melton, Troy",695600,675512,,ball,,,,,14,,R,L,R,DET,KC,B,,,0,0,2026,0.34,0.75,1.2853034571524384,1.6607130973304942,,668942,,2,2,Top,,,,,,,6.94460387129992,-134.650120629537,-5.7151159030839995,2.6644912069882896,28.503860086269853,-22.005034501941683,3.191043307,1.610433071,,,,93.4,2335,6.7,824247,693307,679529,650402,690993,805808,656716,681546,681481,53.76,,,,,,,,15,1,Cutter,0,0,0,0,0,0,0,0,Standard,Standard,166,-0.001,0.025,,,,,-0.025,,0,0,0.517,0.483,25,22,26,23,2,1,6,1,5,1,1.91,-0.34,0.34,37.4,,,,,
SL,2026-07-23,85.8,-1.62,5.71,"Melton, Troy",623205,675512,field_out,hit_into_play,,,,,5,Andrew Velazquez lines out to first baseman Spencer Torkelson.,R,L,R,DET,KC,X,3,line_drive,0,1,2026,0.49,-0.06,0.2441959362099809,1.99459224276944,,668942,,1,2,Top,163.91,148.41,,,,,3.3847089002426483,-125.00107160002476,-2.1954159071750334,4.429066306766406,25.19265717536072,-32.601753763982174,3.019028871,1.523622047,161,91.5,10,86.5,2450,6.7,824247,693307,679529,650402,690993,805808,656716,681546,681481,53.84,0.66,0.605,0.0,1,0,0,4,14,2,Slider,0,0,0,0,0,0,0,0,Standard,Standard,94,0.031,-0.227,68.6,8.4,,0.707,0.227,91.5,0,0,0.486,0.514,25,31,26,32,1,0,6,1,5,2,3.15,-0.49,0.49,40.6,16.25569397162499,-4.848249546850259,31.956982375037967,34.90976291347728,27.21994192243733
CU,2026-07-23,78.4,-1.58,5.81,"Melton, Troy",623205,675512,,called_strike,,,,,6,,R,L,R,DET,KC,S,,,0,0,2026,1.5,-0.7,0.7073277005232934,2.230845572355865,,668942,,1,2,Top,,,,,,,2.076685097720138,-114.06279218503354,0.7564156832291622,12.538487902128647,23.49320325408736,-38.64163623982706,3.019028871,1.523622047,,,,78.7,2346,6.8,824247,693307,679529,650402,690993,805808,656716,681546,681481,53.7,,,,,,,,14,1,Curveball,0,0,0,0,0,0,0,0,Standard,Standard,38,0.006,-0.045,,,,,0.045,,0,0,0.48,0.52,25,31,26,32,1,0,6,1,5,2,4.45,-1.5,1.5,48.2,,,,,
SL,2026-07-23,87.5,-1.58,5.69,"Melton, Troy",679845,675512,field_out,hit_into_play,,,,,9,"Nick Loftin grounds out, third baseman Colt Keith to first baseman Spencer Torkelson.",R,R,R,DET,KC,X,5,ground_ball,0,1,2026,0.63,0.04,0.4819204270395782,1.9215483862239096,,668942,,0,2,Top,98.06,171.07,,,,,3.6137054279122087,-127.47233361955342,-2.8652366537389717,6.183943656574036,24.82818240581739,-31.41966583423632,3.18226706,1.606003937,3,53.0,-38,88.4,2498,6.6,824247,693307,679529,650402,690993,805808,656716,681546,681481,53.85,0.149,0.134,0.0,1,0,0,1,13,2,Slider,0,0,0,0,0,0,0,0,Standard,Standard,97,0.037,-0.17,67.8,7.1,,0.153,0.17,88.0,0,0,0.443,0.557,25,27,26,28,1,0,6,1,5,1,2.92,-0.63,-0.63,40.5,4.318598329510457,0.0755859859600155,30.986047916226557,42.15508689865309,34.03707651595521
SI,2026-07-23,96.2,-1.67,5.64,"Melton, Troy",679845,675512,,foul,,,,,11,,R,R,R,DET,KC,S,,,0,0,2026,-1.13,0.9,-0.9716310702977948,2.518074682012691,,668942,,0,2,Top,,,,,,,4.462489018589995,-140.03185578355243,-4.620123184902462,-15.911559221108968,29.70437177721671,-19.45241708035928,3.18226706,1.606003937,,,,97.0,2255,6.6,824247,693307,679529,650402,690993,805808,656716,681546,681481,53.92,,,,,,,,13,1,Sinker,0,0,0,0,0,0,0,0,Standard,Standard,215,0.006,-0.036,64.6,5.6,,,0.036,,0,0,0.437,0.563,25,27,26,28,1,0,6,1,5,1,1.55,1.13,1.13,39.3,-4.9168190939157155,15.67134013928012,30.724127798681604,25.894595491902457,21.804874259634943
FC,2026-07-23,90.2,-1.81,5.62,"Melton, Troy",668942,675512,double,hit_into_play,,,,,5,Josh Rojas doubles (3) on a sharp line drive to right fielder Kerry Carpenter.,R,L,R,DET,KC,X,9,line_drive,1,1,2026,0.52,0.51,0.1267250072757074,2.534385432911198,,,,0,2,Top,192.69,139.8,,,,,3.65260261403508,-131.47217735465424,-2.7168042937370527,5.444177307429824,24.23950996726376,-25.92824929310093,3.233169291,1.631692913,175,104.2,9,91.4,2406,6.6,824247,693307,679529,650402,690993,805808,656716,681546,681481,53.88,0.771,0.738,1.25,1,1,1,4,12,3,Cutter,0,0,0,0,0,0,0,0,Standard,Standard,151,-0.064,0.72,73.7,8.1,,0.92,-0.72,104.2,0,0,0.501,0.499,25,32,26,32,1,0,6,1,5,5,2.26,-0.52,0.52,41.3,18.424483692358155,-20.375699019691048,23.799354501948557,37.780044691345466,36.62014595680603
CH,2026-07-23,86.7,-1.75,5.63,"Melton, Troy",668942,675512,,ball,,,,,11,,R,L,R,DET,KC,B,,,0,1,2026,-0.79,0.14,-1.9786421509817045,3.9642662529560466,,,,0,2,Top,,,,,,,1.1010194321540547,-126.45531453902365,2.0166157698347353,-8.75111084033301,22.4615205825919,-31.21037606008158,3.233169291,1.631692913,,,,88.0,1525,6.7,824247,693307,679529,650402,690993,805808,656716,681546,681481,53.8,,,,,,,,12,2,Changeup,0,0,0,0,0,0,0,0,Standard,Standard,230,-0.002,0.03,,,,,-0.03,,0,0,0.503,0.497,25,32,26,32,1,0,6,1,5,5,2.85,0.79,-0.79,39.7,,,,,
SL,2026-07-23,86.0,-1.82,5.64,"Melton, Troy",668942,675512,,called_strike,,,,,4,,R,L,R,DET,KC,S,,,0,0,2026,0.63,0.04,-0.5083736821603264,2.611732710115682,,,,0,2,Top,,,,,,,1.7835460424320897,-125.48683836526004,-0.9313422013547578,6.44361453635982,21.45742991626826,-31.804459202997528,3.233169291,1.631692913,,,,87.3,2378,6.6,824247,693307,679529,650402,690993,805808,656716,681546,681481,53.85,,,,,,,,12,1,Slider,0,0,0,0,0,0,0,0,Standard,Standard,98,0.003,-0.042,,,,,0.042,,0,0,0.5,0.5,25,32,26,32,1,0,6,1,5,5,2.99,-0.63,0.63,38.5,,,,,
ST,2026-07-23,82.4,-2.17,5.23,"Dobnak, Randy",693307,677976,force_out,hit_into_play,,,,,14,"Dillon Dingler grounds into a force out, shortstop Andrew Velazquez to second baseman Michael Massey. Riley Greene out at 2nd.",R,R,R,DET,KC,X,6,ground_ball,0,2,2026,0.95,0.33,0.7170367993913817,1.3389177316382104,690993,,682985,2,1,Bot,107.72,156.75,,,,,4.541810268352781,-119.9898706217211,-2.7313422097708537,8.267038852342262,23.38741061856997,-28.63599777996952,3.271784777,1.651181102,10,81.9,-8,81.3,2667,5.5,824247,695600,686469,686681,668942,623205,686555,657041,679845,55.01,0.074,0.067,0.0,1,0,0,2,11,3,Sweeper,0,0,0,0,0,0,0,0,Standard,Standard,47,-0.029,-0.223,58.1,7.4,,0.097,0.223,88.0,0,0,0.529,0.529,31,27,31,28,1,0,5,1,6,1,3.02,-0.95,-0.95,13.8,5.053735636709895,6.058280582919755,41.61279794914108,44.247304788975505,29.16926709879725
ST,2026-07-23,82.5,-2.19,5.25,"Dobnak, Randy",693307,677976,,swinging_strike,,,,,14,,R,R,R,DET,KC,S,,,0,1,2026,0.74,0.26,1.0408640294954423,1.7444641378293633,690993,,682985,2,1,Bot,,,,,,,5.708634668697657,-119.96587617225576,-1.68342887363234,5.930200200641273,24.87475025333951,-29.598518610201943,3.271784777,1.651181102,,,,81.0,2580,5.5,824247,695600,686469,686681,668942,623205,686555,657041,679845,55.0,,,,,,,,11,2,Sweeper,0,0,0,0,0,0,0,0,Standard,Standard,45,-0.012,-0.047,38.4,7.7,2.252358744,,0.047,,0,0,0.541,0.541,31,27,31,28,1,0,5,1,6,1,3.12,-0.74,-0.74,15.8,15.51923555874636,-4.936921251238985,38.08430185374032,48.98829455204338,32.18611402148484
SI,2026-07-23,90.7,-2.01,5.34,"Dobnak, Randy",693307,677976,,called_strike,,,,,4,,R,R,R,DET,KC,S,,,0,0,2026,-1.42,-0.11,-0.5361767195367497,2.209397592572543,690993,,682985,2,1,Bot,,,,,,,6.622700485294313,-131.89471842128586,-1.4241656217033298,-17.973221134093095,28.735331362614335,-33.38559876576636,3.271784777,1.651181102,,,,89.5,1968,5.7,824247,695600,686469,686681,668942,623205,686555,657041,679845,54.84,,,,,,,,11,1,Sinker,0,0,0,0,0,0,0,0,Standard,Standard,248,-0.007,-0.028,,,,,0.028,,0,0,0.548,0.548,31,27,31,28,1,0,5,1,6,1,2.89,1.42,1.42,19.4,,,,,
SI,2026-07-23,90.3,-2.13,5.32,"Dobnak, Randy",682985,677976,single,hit_into_play,,,,,9,Riley Greene singles on a line drive to right fielder Nick Loftin. Colt Keith to 3rd.,R,L,R,DET,KC,X,9,line_drive,2,0,2026,-1.4,0.42,0.282346122465025,1.7827494417090786,,,690993,2,1,Bot,198.82,115.55,,,,,8.870767147711632,-131.24942330160476,-3.495405144317798,-18.095864350987032,28.341316264713175,-26.795633656585068,3.303379265,1.667125984,228,95.1,15,89.3,2007,5.8,824247,695600,686469,686681,668942,623205,686555,657041,679845,54.73,0.874,0.838,0.9,1,1,0,4,10,3,Sinker,0,0,0,0,0,0,0,0,Infield shade,Standard,244,0.02,0.255,77.8,7.5,,1.072,-0.255,95.1,0,0,0.528,0.528,31,25,31,26,1,0,5,1,6,1,2.39,1.4,-1.4,19.3,18.451906349706103,-3.644806849593705,51.773684922514306,30.1385544873088,37.999688188648136
FF,2026-07-23,90.2,-2.02,5.43,"Dobnak, Randy",682985,677976,,ball,,,,,11,,R,L,R,DET,KC,B,,,1,0,2026,-1.0,0.93,-1.2234638781162666,3.456336811400183,,,690993,2,1,Bot,,,,,,,4.048251877770315,-131.1904043975144,-0.7083445680657082,-12.409493704346264,31.468669664449592,-21.5879253999787,3.303379265,1.667125984,,,,88.5,2010,5.6,824247,695600,686469,686681,668942,623205,686555,657041,679845,54.94,,,,,,,,10,2,4-Seam Fastball,0,0,0,0,0,0,0,0,Infield shade,Standard,250,0.004,0.054,,,,,-0.054,,0,0,0.524,0.524,31,25,31,26,1,0,5,1,6,1,1.9,1.0,-1.0,19.9,,,,,
CH,2026-07-23,83.4,-2.15,5.33,"Dobnak, Randy",682985,677976,,ball,,,,,11,,R,L,R,DET,KC,B,,,0,0,2026,-0.82,-0.47,-0.9842474137432952,2.5575693921892957,,,690993,2,1,Bot,,,,,,,4.24027280433132,-121.43870046912735,1.2057512422502548,-8.989717397342933,24.745000412840984,-37.33493541186898,3.303379265,1.667125984,,,,82.3,1583,5.6,824247,695600,686469,686681,668942,623205,686555,657041,679845,54.93,,,,,,,,10,1,Changeup,0,0,0,0,0,0,0,0,Infield shade,Standard,277,0.002,0.035,,,,,-0.035,,0,0,0.522,0.522,31,25,31,26,1,0,5,1,6,1,3.76,0.82,-0.82,19.1,,,,,
CH,2026-07-23,84.1,-2.05,5.28,"Dobnak, Randy",690993,677976,force_out,hit_into_play,,,,,13,"Colt Keith grounds into a force out, first baseman Vinnie Pasquantino to shortstop Andrew Velazquez. Gleyber Torres out at 2nd. Colt Keith to 1st.",R,L,R,DET,KC,X,3,ground_ball,2,2,2026,-0.76,-0.13,-0.5677593679778595,1.2111833555692435,,,650402,1,1,Bot,150.42,168.1,,,,,4.855855278714945,-122.48123333489264,-2.560155538885782,-8.583667536561952,23.09223434802944,-33.244892691690254,3.27792815,1.654281496,2,59.7,-30,83.2,1655,5.5,824247,695600,686469,686681,668942,623205,686555,657041,679845,54.96,0.068,0.061,0.0,1,0,0,2,9,6,Changeup,0,0,0,0,0,0,0,0,Infield shade,Standard,275,-0.025,-0.295,71.1,7.4,,0.069,0.295,88.0,0,0,0.547,0.547,31,24,31,25,1,0,5,1,6,1,3.34,0.76,-0.76,17.7,13.25815274978415,0.3833543455943454,40.993113299930954,44.39375499614326,28.32163646508528
CH,2026-07-23,84.1,-2.16,5.27,"Dobnak, Randy",690993,677976,,foul,,,,,13,,R,L,R,DET,KC,S,,,2,2,2026,-0.89,-0.18,-0.4145181166045699,1.4083234938716305,,,650402,1,1,Bot,,,,,,,5.710487835216496,-122.36417931368636,-1.9211775675185512,-10.083387030947849,25.653912121071492,-33.76022822235486,3.27792815,1.654281496,,,,82.9,1608,5.6,824247,695600,686469,686681,668942,623205,686555,657041,679845,54.89,,,,,,,,9,5,Changeup,0,0,0,0,0,0,0,0,Infield shade,Standard,270,0.0,0.0,69.8,7.3,,,0.0,,0,0,0.547,0.547,31,24,31,25,1,0,5,1,6,1,3.42,0.89,-0.89,18.3,13.39695973322323,-0.6929603215031274,34.97774963520632,41.99714247259394,31.4285419549639
SL,2026-07-23,83.5,-2.19,5.38,"Dobnak, Randy",690993,677976,,ball,,,,,13,,R,L,R,DET,KC,B,,,1,2,2026,-0.21,-0.31,-3.165125899836863,2.0918084720901367,,,650402,1,1,Bot,,,,,,,-1.7581705454597494,-121.57166990423502,-0.2370359245093349,-1.6545939656690598,27.46620633472764,-35.40109062654505,3.27792815,1.654281496,,,,81.5,2161,5.2,824247,695600,686469,686681,668942,623205,686555,657041,679845,55.26,,,,,,,,9,4,Slider,0,0,0,0,0,0,0,0,Infield shade,Standard,37,0.005,0.054,,,,,-0.054,,0,0,0.542,0.542,31,24,31,25,1,0,5,1,6,1,3.62,0.21,-0.21,18.3,,,,,
CH,2026-07-23,83.9,-2.1,5.27,"Dobnak, Randy",690993,677976,,swinging_strike,,,,,14,,R,L,R,DET,KC,S,,,1,1,2026,-0.56,-0.36,0.260576651549294,1.2301912644621824,,,650402,1,1,Bot,,,,,,,6.423055306349914,-122.06679401001144,-2.00337334454354,-6.754946852013164,22.29063330743205,-35.667010413560554,3.27792815,1.654281496,,,,83.2,1646,5.6,824247,695600,686469,686681,668942,623205,686555,657041,679845,54.85,,,,,,,,9,3,Changeup,0,0,0,0,0,0,0,0,Infield shade,Standard,277,-0.008,-0.069,72.8,8.0,3.288544812,,0.069,,0,0,0.55,0.55,31,24,31,25,1,0,5,1,6,1,3.58,0.56,-0.56,18.2,27.842614940071066,-25.145353534779005,39.67157217840111,34.77238601802357,42.78128835875526
SI,2026-07-23,89.4,-2.06,5.42,"Dobnak, Randy",690993,677976,,called_strike,,,,,13,,R,L,R,DET,KC,S,,,1,0,2026,-1.3,0.09,-0.8329675479585734,1.7476845791905395,,,650402,1,1,Bot,,,,,,,5.711856288273558,-130.14423713462864,-2.9861002403412766,-15.965925267063303,27.42864861088376,-30.779277039250378,3.27792815,1.654281496,,,,88.5,1961,5.7,824247,695600,686469,686681,668942,623205,686555,657041,679845,54.8,,,,,,,,9,2,Sinker,0,0,0,0,0,0,0,0,Infield shade,Standard,239,-0.005,-0.046,,,,,0.046,,0,0,0.555,0.555,31,24,31,25,1,0,5,1,6,1,2.77,1.3,-1.3,20.1,,,,,
SI,2026-07-23,89.4,-2.05,5.44,"Dobnak, Randy",690993,677976,,ball,,,,,13,,R,L,R,DET,KC,B,,,0,0,2026,-1.51,0.21,-1.1400747622127287,2.4656744376578232,,,650402,1,1,Bot,,,,,,,5.371421856618667,-130.1031617432695,-1.5406011638012862,-18.23620038817579,28.265626909537996,-29.66233833093875,3.27792815,1.654281496,,,,88.3,1958,5.6,824247,695600,686469,686681,668942,623205,686555,657041,679845,54.85,,,,,,,,9,1,Sinker,0,0,0,0,0,0,0,0,Infield shade,Standard,249,0.004,0.036,,,,,-0.036,,0,0,0.551,0.551,31,24,31,25,1,0,5,1,6,1,2.65,1.51,-1.51,20.3,,,,,
SI,2026-07-23,89.9,-2.14,5.37,"Dobnak, Randy",650402,677976,single,hit_into_play,,,,,4,Gleyber Torres singles on a line drive to right fielder Nick Loftin.,R,R,R,DET,KC,X,9,line_drive,0,0,2026,-1.53,0.17,-0.3585412721156049,2.487677699898767,,,,1,1,Bot,186.19,122.89,,,,,7.513100245584213,-130.77111498470626,-1.3494855790964466,-19.12399930212461,27.132781630279663,-30.14507920504651,3.12960958,1.579429134,243,90.8,17,88.6,1930,5.5,824247,695600,686469,686681,668942,623205,686555,657041,679845,55.05,0.797,0.734,0.9,1,1,0,4,8,1,Sinker,0,0,0,0,0,0,0,0,Infield shade,Standard,245,0.025,0.418,67.3,6.6,,0.917,-0.418,90.8,0,0,0.526,0.526,31,29,31,30,1,0,5,2,6,1,2.65,1.53,1.53,20.3,0.4104653566395567,18.00575749271627,33.920287591279724,30.89766691715413,19.89311020473846
SI,2026-07-23,89.5,-1.95,5.43,"Dobnak, Randy",805808,677976,field_out,hit_into_play,,,,,8,Kevin McGonigle grounds out to first baseman Vinnie Pasquantino.,R,L,R,DET,KC,X,3,ground_ball,1,0,2026,-1.22,-0.09,0.2327673652627646,1.869727768959681,,,,0,1,Bot,155.86,170.94,,,,,7.827942733614865,-130.05966902390767,-2.3094833730758877,-15.526912059810089,28.19771784094078,-32.91879201909315,3.085728346,1.557283465,83,99.6,4,88.3,1833,5.7,824247,695600,686469,686681,668942,623205,686555,657041,679845,54.82,0.54,0.503,0.0,1,0,0,4,7,2,Sinker,0,0,0,0,0,0,0,0,Strategic,Standard,250,-0.025,-0.304,75.7,7.4,,0.61,0.304,99.6,0,0,0.551,0.551,31,21,31,22,1,0,5,1,6,2,2.95,1.22,-1.22,20.1,15.360389026860672,-2.159977309524676,38.63091995284851,34.100757395777975,36.13022940525444
SI,2026-07-23,89.4,-2.04,5.44,"Dobnak, Randy",805808,677976,,ball,,,,,11,,R,L,R,DET,KC,B,,,0,0,2026,-1.32,0.01,-0.7663007734015435,3.404245192928056,,,,0,1,Bot,,,,,,,5.829521397623803,-129.93173202512395,1.188108055798279,-16.171922817659258,29.814127377690212,-32.56484297388611,3.085728346,1.557283465,,,,87.7,1863,5.5,824247,695600,686469,686681,668942,623205,686555,657041,679845,54.99,,,,,,,,7,1,Sinker,0,0,0,0,0,0,0,0,Strategic,Standard,249,0.003,0.043,,,,,-0.043,,0,0,0.548,0.548,31,21,31,22,1,0,5,1,6,2,2.87,1.32,-1.32,20.1,,,,,
SL,2026-07-23,89.3,-1.7,5.55,"Melton, Troy",686555,675512,strikeout,swinging_strike_blocked,,,,,14,"Isaac Collins strikes out swinging, catcher Dillon Dingler to pitcher Troy Melton. Vinnie Pasquantino to 3rd. Salvador Perez to 2nd. Isaac Collins to 1st.",R,L,R,DET,KC,S,2,,0,2,2026,0.52,0.02,1.4280879990011424,-0.0816807974737541,695600,686469,521692,2,1,Top,,,,,,,6.539041810270655,-129.86911619848664,-7.687497358292722,4.588017937328364,26.44436475691171,-30.582801403082485,3.012885499,1.520521654,,,,90.3,2496,6.9,824247,693307,679529,650402,690993,805808,656716,681546,681481,53.65,,0.0,0.7,1,0,0,,6,3,Slider,0,0,0,0,0,0,0,0,Standard,Standard,93,0.044,0.498,43.7,7.3,19.669665612,,-0.498,,0,0,0.504,0.496,25,28,26,29,1,0,6,1,5,1,2.84,-0.52,0.52,39.9,24.51340430703181,-23.21082555536348,29.16722928275535,19.55903655049051,38.88923914427979
FC,2026-07-23,94.1,-1.78,5.49,"Melton, Troy",686555,675512,,swinging_strike,,,,,14,,R,L,R,DET,KC,S,,,0,1,2026,0.11,0.71,1.018547129325526,1.4737555362717063,695600,686469,521692,2,1,Top,,,,,,,6.9709951155771614,-136.83377077787873,-6.179197336560478,0.0454764202769141,27.24320385892153,-22.09376329107048,3.012885499,1.520521654,,,,95.3,2348,6.8,824247,693307,679529,650402,690993,805808,656716,681546,681481,53.72,,,,,,,,6,2,Cutter,0,0,0,0,0,0,0,0,Standard,Standard,189,0.018,-0.049,36.1,6.4,7.4511549,,0.049,,0,0,0.486,0.514,25,28,26,29,1,0,6,1,5,1,1.85,-0.11,0.11,36.5,1.4919779588163684,-2.9223705124669452,28.74711483928258,22.651626036521012,23.42508838831742
FF,2026-07-23,96.9,-1.71,5.54,"Melton, Troy",686555,675512,,foul,,,,,2,,R,L,R,DET,KC,S,,,0,0,2026,-0.74,1.29,-0.2146949226025326,2.849931437802937,695600,686469,521692,2,1,Top,,,,,,,5.704883191294364,-140.96503103472395,-4.493681206213041,-11.11937319454592,30.895621199659587,-14.132994649871684,3.012885499,1.520521654,205,81.8,19,97.9,2399,6.8,824247,693307,679529,650402,690993,805808,656716,681546,681481,53.69,,,,,,,,6,1,4-Seam Fastball,0,0,0,0,0,0,0,0,Standard,Standard,215,0.011,-0.039,73.0,6.8,,,0.039,88.0,0,0,0.475,0.525,25,28,26,29,1,0,6,1,5,1,1.13,0.74,-0.74,38.7,12.293989764715036,-17.03553019097596,22.27102516024647,37.04031524556791,40.04624876123566
CH,2026-07-23,89.7,-1.61,5.48,"Melton, Troy",686681,675512,strikeout,swinging_strike_blocked,,,,,13,Michael Massey strikes out swinging.,R,L,R,DET,KC,S,2,,0,2,2026,-1.1,-0.15,-0.6017011215023693,0.202468812294938,695600,686469,521692,1,1,Top,,,,,,,4.868178105384473,-130.62757072443867,-6.601739347545056,-13.557846477719323,24.45988229629612,-32.78209466512318,3.199819554,1.614862205,,,,91.1,1327,6.8,824247,693307,679529,650402,690993,805808,656716,681546,681481,53.68,,0.0,0.0,1,0,0,,5,4,Changeup,0,0,0,0,0,0,0,0,Standard,Standard,243,0.044,-0.197,66.7,8.2,6.412099968,,0.197,,0,0,0.431,0.569,25,28,26,28,1,0,6,1,5,1,2.95,1.1,-1.1,36.5,19.25928140557689,-11.437009039207013,38.65409774008943,43.056844994697656,37.66920544279144
FF,2026-07-23,97.7,-1.58,5.54,"Melton, Troy",686681,675512,,foul,,,,,3,,R,L,R,DET,KC,S,,,0,2,2026,-0.76,1.12,0.6851251824952784,3.0272350739144187,695600,686469,521692,1,1,Top,,,,,,,7.821572780208371,-142.12418789130876,-3.769666243492086,-11.9994341315173,29.918094508251873,-16.30726774705949,3.199819554,1.614862205,91,71.8,83,98.5,2360,6.6,824247,693307,679529,650402,690993,805808,656716,681546,681481,53.95,,,,,,,,5,3,4-Seam Fastball,0,0,0,0,0,0,0,0,Standard,Standard,213,0.0,0.0,66.3,6.6,,,0.0,88.0,0,0,0.431,0.569,25,28,26,28,1,0,6,1,5,1,1.26,0.76,-0.76,39.1,15.419862509168436,-8.097244691702157,30.38618797179918,28.03845268742116,29.817559402994135
FF,2026-07-23,97.0,-1.72,5.52,"Melton, Troy",686681,675512,,swinging_strike,,,,,11,,R,L,R,DET,KC,S,,,0,1,2026,-0.61,1.34,-0.6690667131029034,3.3792765209894946,695600,686469,521692,1,1,Top,,,,,,,4.2181983826342835,-141.27309198728494,-3.199858710114454,-9.063190300001333,30.055966741348545,-13.616209069055008,3.199819554,1.614862205,,,,97.9,2350,6.6,824247,693307,679529,650402,690993,805808,656716,681546,681481,53.91,,,,,,,,5,2,4-Seam Fastball,0,0,0,0,0,0,0,0,Standard,Standard,217,0.019,-0.087,37.7,5.4,3.486442212,,0.087,,0,0,0.412,0.588,25,28,26,28,1,0,6,1,5,1,1.06,0.61,-0.61,35.4,2.8745732369474233,40.84011088366652,29.32543292691895,45.68990544097566,4.814061073172628
FC,2026-07-23,93.0,-1.89,5.63,"Melton, Troy",686681,675512,,called_strike,,,,,7,,R,L,R,DET,KC,S,,,0,0,2026,0.07,0.73,-0.5581180912081117,1.6597803075816937,695600,686469,521692,1,1,Top,,,,,,,3.2388638373937244,-135.43571337058088,-5.923439478469069,0.2381499618281624,25.60543419669932,-22.09782813307734,3.199819554,1.614862205,,,,94.3,2198,6.7,824247,693307,679529,650402,690993,805808,656716,681546,681481,53.8,,,,,,,,5,1,Cutter,0,0,0,0,0,0,0,0,Standard,Standard,189,0.011,-0.045,,,,,0.045,,0,0,0.401,0.599,25,28,26,28,1,0,6,1,5,1,1.87,-0.07,0.07,39.1,,,,,
FC,2026-07-23,92.3,-1.68,5.51,"Melton, Troy",521692,675512,walk,ball,,,,,14,Salvador Perez walks. Carter Jensen to 3rd. Vinnie Pasquantino to 2nd.,R,R,R,DET,KC,B,,,3,2,2026,0.39,0.53,1.2896290043368237,1.9607048503535305,,695600,686469,1,1,Top,,,,,,,6.654557735691047,-134.4101533708306,-4.294212263787765,3.583139134909548,25.07684568037383,-25.01822411161112,3.312155512,1.671555118,,,,93.8,2375,6.8,824247,693307,679529,650402,690993,805808,656716,681546,681481,53.67,,0.698492,0.7,1,0,0,,4,10,Cutter,0,0,0,0,0,0,0,0,Standard,Standard,157,-0.05,0.297,,,,,-0.297,,0,0,0.451,0.549,25,36,26,36,1,0,6,1,5,1,2.11,-0.39,-0.39,41.1,,,,,
FF,2026-07-23,97.5,-1.48,5.65,"Melton, Troy",521692,675512,,ball,,,,,12,,R,R,R,DET,KC,B,,,2,2,2026,-0.47,1.28,0.1784578636021924,3.83292809807253,,695600,686469,1,1,Top,,,,,,,5.547938887410278,-141.95224667006786,-2.262936742895147,-7.606164765281548,29.76835871585168,-14.449873161294557,3.312155512,1.671555118,,,,98.6,2326,6.7,824247,693307,679529,650402,690993,805808,656716,681546,681481,53.82,,,,,,,,4,9,4-Seam Fastball,0,0,0,0,0,0,0,0,Standard,Standard,210,-0.016,0.096,,,,,-0.096,,0,0,0.467,0.533,25,36,26,36,1,0,6,1,5,1,1.1,0.47,0.47,38.1,,,,,
CU,2026-07-23,82.7,-1.62,5.69,"Melton, Troy",521692,675512,,foul,,,,,14,,R,R,R,DET,KC,S,,,2,2,2026,1.52,-0.99,1.0859920339941989,0.8676932927033598,,695600,686469,1,1,Top,,,,,,,3.0996198492648457,-120.2644123181088,-2.1135827382118286,13.704783117188803,28.802979216001777,-41.33774804979231,3.312155512,1.671555118,,,,82.7,2622,6.9,824247,693307,679529,650402,690993,805808,656716,681546,681481,53.65,,,,,,,,4,8,Curveball,0,0,0,0,0,0,0,0,Standard,Standard,40,0.0,0.0,69.3,8.3,,,0.0,,0,0,0.467,0.533,25,36,26,36,1,0,6,1,5,1,4.39,-1.52,-1.52,45.3,14.017664395313997,-5.635236329090326,34.23821892311866,47.48461706568497,35.98310279332233
SL,2026-07-23,88.1,-1.67,5.58,"Melton, Troy",521692,675512,,foul,,,,,9,,R,R,R,DET,KC,S,,,2,2,2026,0.42,-0.07,0.3152672530387492,1.5642589456253426,,695600,686469,1,1,Top,,,,,,,3.894672530026064,-128.30539714573104,-3.323595182420978,3.845072170628264,26.452461569708937,-32.42540487717291,3.312155512,1.671555118,,,,88.9,2442,6.7,824247,693307,679529,650402,690993,805808,656716,681546,681481,53.76,,,,,,,,4,7,Slider,0,0,0,0,0,0,0,0,Standard,Standard,87,0.0,0.0,71.5,7.9,,,0.0,,0,0,0.467,0.533,25,36,26,36,1,0,6,1,5,1,3.0,-0.42,-0.42,39.5,15.04237737144788,-2.0793094071418157,40.40841367563003,39.6952853693785,28.659251356026267
FF,2026-07-23,97.6,-1.53,5.58,"Melton, Troy",521692,675512,,foul,,,,,8,,R,R,R,DET,KC,S,,,2,2,2026,-0.5,1.29,-0.1762250120324004,1.8553415454337725,,695600,686469,1,1,Top,,,,,,,4.796911194962655,-141.9344241689133,-7.367455881581575,-7.813654682004707,32.16995542754399,-13.224787679350278,3.312155512,1.671555118,194,81.5,60,98.5,2302,6.8,824247,693307,679529,650402,690993,805808,656716,681546,681481,53.7,,,,,,,,4,6,4-Seam Fastball,0,0,0,0,0,0,0,0,Standard,Standard,214,0.0,0.0,76.2,7.6,,,0.0,88.0,0,0,0.467,0.533,25,36,26,36,1,0,6,1,5,1,1.1,0.5,0.5,38.8,10.285023064008442,1.9596600903079615,33.56780830939631,33.33888921751449,26.84719530980376
FC,2026-07-23,91.8,-1.88,5.57,"Melton, Troy",521692,675512,,foul,,,,,9,,R,R,R,DET,KC,S,,,2,2,2026,0.49,0.27,0.7643193789404834,1.729356144162495,,695600,686469,1,1,Top,,,,,,,5.552987933679338,-133.6028196015658,-4.265267385930889,4.736026977365265,28.072272335383353,-28.291604794486165,3.312155512,1.671555118,60,67.2,6,92.6,2484,6.7,824247,693307,679529,650402,690993,805808,656716,681546,681481,53.83,,,,,,,,4,5,Cutter,0,0,0,0,0,0,0,0,Standard,Standard,150,0.0,0.0,65.6,8.1,,,0.0,88.0,0,0,0.467,0.533,25,36,26,36,1,0,6,1,5,1,2.43,-0.49,-0.49,37.8,12.373950052436134,-13.032053696335222,31.862893528006765,44.01607643277461,37.19954549078881
FC,2026-07-23,92.6,-1.74,5.53,"Melton, Troy",521692,675512,,ball,,,,,14,,R,R,R,DET,KC,B,,,1,2,2026,0.39,0.36,1.394552472822452,1.3283986614013572,,695600,686469,1,1,Top,,,,,,,7.09031524856401,-134.8083062472196,-5.5882254662799795,3.376097010935571,26.306684087924296,-26.862400171985936,3.312155512,1.671555118,,,,93.8,2435,6.7,824247,693307,679529,650402,690993,805808,656716,681546,681481,53.77,,,,,,,,4,4,Cutter,0,0,0,0,0,0,0,0,Standard,Standard,153,-0.007,0.053,,,,,-0.053,,0,0,0.474,0.526,25,36,26,36,1,0,6,1,5,1,2.28,-0.39,-0.39,37.0,,,,,
CU,2026-07-23,81.4,-1.53,5.67,"Melton, Troy",521692,675512,,ball,,,,,13,,R,R,R,DET,KC,B,,,0,2,2026,1.14,-0.95,-0.3438772500956242,0.9644287046514344,,695600,686469,1,1,Top,,,,,,,0.3916080009741214,-118.51791721977666,-1.8070897296093815,10.579795982267669,24.584235260815177,-40.96109216940196,3.312155512,1.671555118,,,,82.2,2614,7.0,824247,693307,679529,650402,690993,805808,656716,681546,681481,53.54,,,,,,,,4,3,Curveball,0,0,0,0,0,0,0,0,Standard,Standard,41,-0.004,0.027,,,,,-0.027,,0,0,0.478,0.522,25,36,26,36,1,0,6,1,5,1,4.41,-1.14,-1.14,46.0,,,,,
SL,2026-07-23,87.3,-1.75,5.56,"Melton, Troy",521692,675512,,foul,,,,,14,,R,R,R,DET,KC,S,,,0,1,2026,0.62,-0.25,0.1357360330636968,1.5458748979347408,,695600,686469,1,1,Top,,,,,,,3.227991782269407,-127.17606613349211,-2.8220846853900525,6.144944495118052,23.86398002023287,-34.58184845854563,3.312155512,1.671555118,1,57.9,-62,88.5,2511,6.8,824247,693307,679529,650402,690993,805808,656716,681546,681481,53.72,,,,,,,,4,2,Slider,0,0,0,0,0,0,0,0,Standard,Standard,95,0.011,-0.062,68.3,8.3,,,0.062,88.0,0,0,0.467,0.533,25,36,26,36,1,0,6,1,5,1,3.21,-0.62,-0.62,39.2,25.36996816366622,-15.238860816770028,36.82084948849094,37.031418873688615,42.18719808884865
CU,2026-07-23,79.1,-1.6,5.79,"Melton, Troy",521692,675512,,called_strike,,,,,6,,R,R,R,DET,KC,S,,,0,0,2026,1.28,-0.64,0.5177358436742305,2.376243673396059,,695600,686469,1,1,Top,,,,,,,2.136086367195496,-115.1504910367144,0.8463100138415571,10.933211884272373,22.97472278768536,-38.26598616704381,3.312155512,1.671555118,,,,79.6,2503,6.8,824247,693307,679529,650402,690993,805808,656716,681546,681481,53.71,,,,,,,,4,1,Curveball,0,0,0,0,0,0,0,0,Standard,Standard,39,0.007,-0.041,,,,,0.041,,0,0,0.46,0.54,25,36,26,36,1,0,6,1,5,1,4.31,-1.28,-1.28,44.7,,,,,
CH,2026-07-23,90.6,-1.67,5.48,"Melton, Troy",686469,675512,single,hit_into_play,,,,,7,Vinnie Pasquantino singles on a line drive to left fielder Zach McKinstry. Carter Jensen to 2nd.,R,L,R,DET,KC,X,7,line_drive,1,2,2026,-1.07,-0.09,-0.7119080119519887,2.018756484107258,,,695600,1,1,Top,87.45,116.21,,,,,4.726796648404357,-131.96085548518974,-2.363982220624325,-13.493677853886318,26.10090493659149,-32.95385980379568,3.363057743,1.697244095,197,85.3,13,91.8,1366,6.8,824247,693307,679529,650402,690993,805808,656716,681546,681481,53.7,0.8,0.776,0.9,1,1,0,4,3,4,Changeup,0,0,0,0,0,0,0,0,Infield shade,Standard,241,-0.046,0.489,60.8,7.1,,0.939,-0.489,88.0,0,0,0.506,0.494,25,28,26,29,1,0,6,1,5,1,2.85,1.07,-1.07,41.3,2.6070360648209125,20.611629150655023,28.585876678383357,49.31262404586754,16.318020596953396
FC,2026-07-23,91.6,-1.72,5.56,"Melton, Troy",686469,675512,,foul,,,,,14,,R,L,R,DET,KC,S,,,1,1,2026,0.36,0.39,1.132000848011889,2.204810311748958,,,695600,1,1,Top,,,,,,,6.359024040631777,-133.31337309059904,-3.2905901483802418,2.980196151005688,28.20274056315764,-26.978637068975587,3.363057743,1.697244095,271,85.2,24,92.3,2467,6.7,824247,693307,679529,650402,690993,805808,656716,681546,681481,53.81,,,,,,,,3,3,Cutter,0,0,0,0,0,0,0,0,Infield shade,Standard,160,0.007,-0.069,77.9,8.1,,,0.069,88.0,0,0,0.499,0.501,25,28,26,29,1,0,6,1,5,1,2.32,-0.36,0.36,38.2,17.668088981950106,-30.31205503641258,33.861975518289945,27.90192885903319,32.945602341532286
FF,2026-07-23,97.5,-1.79,5.55,"Melton, Troy",686469,675512,,ball,,,,,11,,R,L,R,DET,KC,B,,,0,1,2026,-0.71,1.32,-0.7285695619380652,3.7297820211801898,,,695600,1,1,Top,,,,,,,4.5020505016856,-141.95407058334803,-2.3241067588987216,-10.597291501586083,33.063870236677296,-13.975835690554446,3.363057743,1.697244095,,,,98.0,2297,6.6,824247,693307,679529,650402,690993,805808,656716,681546,681481,53.95,,,,,,,,3,2,4-Seam Fastball,0,0,0,0,0,0,0,0,Infield shade,Standard,214,-0.003,0.029,,,,,-0.029,,0,0,0.502,0.498,25,28,26,29,1,0,6,1,5,1,1.08,0.71,-0.71,32.5,,,,,
FC,2026-07-23,91.4,-1.95,5.52,"Melton, Troy",686469,675512,,called_strike,,,,,5,,R,L,R,DET,KC,S,,,0,0,2026,0.34,0.56,-0.2099437674343016,2.847589392047317,,,695600,1,1,Top,,,,,,,3.620803884743891,-133.17660364857383,-1.92536685706312,3.24848052795496,27.590220114083532,-25.32748712466142,3.363057743,1.697244095,,,,92.2,2408,6.6,824247,693307,679529,650402,690993,805808,656716,681546,681481,53.86,,,,,,,,3,1,Cutter,0,0,0,0,0,0,0,0,Infield shade,Standard,168,0.004,-0.039,,,,,0.039,,0,0,0.498,0.502,25,28,26,29,1,0,6,1,5,1,2.16,-0.34,0.34,38.2,,,,,
FF,2026-07-23,95.8,-1.66,5.63,"Melton, Troy",657041,675512,field_out,hit_into_play,,,,,11,Lane Thomas pops out to shortstop Kevin McGonigle.,R,R,R,DET,KC,X,6,popup,0,0,2026,-0.51,1.37,-0.679506208226868,3.293404194812224,,,695600,0,1,Top,83.89,137.78,,,,,3.759242384421256,-139.48487855388512,-3.5679652652212246,-7.548199330546387,30.491762570131883,-13.72044397592566,3.146284449,1.587844488,187,89.2,59,96.6,2258,6.7,824247,693307,679529,650402,690993,805808,656716,681546,681481,53.83,0.023,0.031,0.0,1,0,0,3,2,1,4-Seam Fastball,0,0,0,0,0,0,0,0,Standard,Standard,212,0.034,-0.248,70.5,6.4,,0.043,0.248,89.2,0,0,0.464,0.536,25,30,26,31,1,0,6,1,5,1,1.11,0.51,0.51,41.7,12.47483615648097,-11.3957424599282,18.765671708407915,30.358067948980363,29.60553103348588
FF,2026-07-23,96.3,-1.77,5.62,"Melton, Troy",695600,675512,walk,ball,,,,,11,Carter Jensen walks.,R,L,R,DET,KC,B,,,3,2,2026,-0.49,1.4,-1.2210884778125657,4.504590543433912,,,,0,1,Top,,,,,,,2.598667228846316,-140.24459987030045,-0.5055804339805635,-7.029578952685852,31.54347321742371,-13.781375188239512,3.191043307,1.610433071,,,,97.0,2234,6.7,824247,693307,679529,650402,690993,805808,656716,681546,681481,53.84,,0.698492,0.7,1,0,0,,1,6,4-Seam Fastball,0,0,0,0,0,0,0,0,Infield shade,Standard,207,-0.031,0.362,,,,,-0.362,,0,0,0.495,0.505,25,22,26,23,1,0,6,1,5,1,1.05,0.49,-0.49,37.6,,,,,
FF,2026-07-23,95.7,-1.82,5.6,"Melton, Troy",695600,675512,,ball,,,,,11,,R,L,R,DET,KC,B,,,2,2,2026,-0.51,1.37,-0.8029422268344856,4.722232982395875,,,,0,1,Top,,,,,,,3.834171157546161,-139.4081379129322,0.2653755396779284,-7.443437624028252,30.058226918544044,-14.563258795092349,3.191043307,1.610433071,,,,96.7,2273,6.7,824247,693307,679529,650402,690993,805808,656716,681546,681481,53.81,,,,,,,,1,5,4-Seam Fastball,0,0,0,0,0,0,0,0,Infield shade,Standard,210,-0.008,0.113,,,,,-0.113,,0,0,0.503,0.497,25,22,26,23,1,0,6,1,5,1,1.11,0.51,-0.51,35.5,,,,,
FC,2026-07-23,91.0,-1.97,5.56,"Melton, Troy",695600,675512,,swinging_strike,,,,,3,,R,L,R,DET,KC,S,,,2,1,2026,0.43,0.56,0.3555735104878648,2.893969628928327,,,,0,1,Top,,,,,,,4.858524493293636,-132.55703806689476,-1.8450608687772312,4.051906321598227,28.211812711136023,-25.39265367612024,3.191043307,1.610433071,,,,92.1,2354,6.9,824247,693307,679529,650402,690993,805808,656716,681546,681481,53.65,,,,,,,,1,4,Cutter,0,0,0,0,0,0,0,0,Infield shade,Standard,155,0.007,-0.078,77.1,7.3,0.197133552,,0.078,,0,0,0.496,0.504,25,22,26,23,1,0,6,1,5,1,2.19,-0.43,0.43,38.8,13.923809108382462,-6.9802370981735615,28.793474520556035,29.751200891147157,33.21664859765538
CH,2026-07-23,88.1,-1.97,5.44,"Melton, Troy",695600,675512,,ball,,,,,13,,R,L,R,DET,KC,B,,,1,1,2026,-0.88,-0.32,-1.16766897375582,1.4413339701955912,,,,0,1,Top,,,,,,,3.8396207539428846,-128.38134425433162,-2.7699368389607493,-10.579862258331229,25.27675380038323,-35.37076761555114,3.191043307,1.610433071,,,,89.3,1376,6.8,824247,693307,679529,650402,690993,805808,656716,681546,681481,53.69,,,,,,,,1,3,Changeup,0,0,0,0,0,0,0,0,Infield shade,Standard,241,-0.005,0.063,,,,,-0.063,,0,0,0.501,0.499,25,22,26,23,1,0,6,1,5,1,3.24,0.88,-0.88,36.0,,,,,
SL,2026-07-23,83.8,-1.77,5.65,"Melton, Troy",695600,675512,,foul,,,,,8,,R,L,R,DET,KC,S,,,1,0,2026,0.48,0.04,0.060318078882122,1.7249174495530273,,,,0,1,Top,,,,,,,3.252674325987225,-122.05556604905362,-2.4864114605226844,4.036726393966418,25.955548581756187,-31.43748632134164,3.191043307,1.610433071,199,92.0,14,84.3,2429,6.7,824247,693307,679529,650402,690993,805808,656716,681546,681481,53.77,,,,,,,,1,2,Slider,0,0,0,0,0,0,0,0,Infield shade,Standard,99,0.005,-0.056,76.9,7.8,,,0.056,92.0,0,0,0.496,0.504,25,22,26,23,1,0,6,1,5,1,3.22,-0.48,0.48,43.7,22.540271373446533,-19.350124477849224,31.467401148358636,33.08328876718991,49.221503688301446
FF,2026-07-23,96.4,-1.8,5.67,"Melton, Troy",695600,675512,,ball,,,,,11,,R,L,R,DET,KC,B,,,0,0,2026,-0.51,1.51,-1.8515722829087549,4.000692734306893,,,,0,1,Top,,,,,,,1.0397675305832963,-140.23414688462887,-2.140893400410448,-6.891925539334328,36.45399471925534,-12.100109348704354,3.191043307,1.610433071,,,,96.4,2354,6.7,824247,693307,679529,650402,690993,805808,656716,681546,681481,53.85,,,,,,,,1,1,4-Seam Fastball,0,0,0,0,0,0,0,0,Infield shade,Standard,214,-0.004,0.043,,,,,-0.043,,0,0,0.5,0.5,25,22,26,23,1,0,6,1,5,1,0.97,0.51,-0.51,39.1,,,,,
SI,2026-07-23,88.2,-3.54,3.42,"Thompson, Ryan",691026,657044,field_out,hit_into_play,,,,,7,"Masyn Winn grounds out, second baseman Ildemaro Vargas to first baseman Tyler Locklear.",R,R,R,STL,AZ,X,4,ground_ball,2,1,2026,-0.81,-0.95,-0.328098984296049,1.5167165042278925,,,663457,2,9,Bot,143.19,147.63,,,,,9.501185635295192,-128.01412894435882,3.746590641848149,-10.840820854143322,26.84003109638125,-43.72910564651274,3.081340223,1.555068898,56,97.7,1,89.0,1914,7.0,823042,672515,682988,545121,571448,672695,596146,694374,682998,53.54,0.423,0.396,0.0,1,0,0,4,87,4,Sinker,6,10,6,10,10,6,6,10,Standard,Standard,285,-0.006,-0.315,72.9,6.9,,0.474,0.315,97.7,-4,-4,0.006,0.006,34,24,34,24,1,4,2,1,3,1,3.9,0.81,0.81,-14.9,-3.433018879584562,14.642440374886355,31.962145909959723,31.22907830607268,29.098339988439616
SL,2026-07-23,77.6,-3.86,3.47,"Thompson, Ryan",691026,657044,,ball,,,,,14,,R,R,R,STL,AZ,B,,,1,1,2026,1.17,0.74,1.2173564140423112,2.025237866856018,,,663457,2,9,Bot,,,,,,,8.537033101794407,-112.68820116340098,2.6558370100138355,8.412992850293984,20.59426577556676,-26.58843097143516,3.081340223,1.555068898,,,,77.6,2416,6.4,823042,672515,682988,545121,571448,672695,596146,694374,682998,54.08,,,,,,,,87,3,Slider,6,10,6,10,10,6,6,10,Standard,Standard,84,0.001,0.052,,,,,-0.052,,-4,-4,0.005,0.005,34,24,34,24,1,4,2,1,3,1,3.06,-1.17,-1.17,-11.5,,,,,
SL,2026-07-23,78.4,-3.86,3.61,"Thompson, Ryan",691026,657044,,ball,,,,,12,,R,R,R,STL,AZ,B,,,0,1,2026,0.96,0.81,1.58562374642805,2.638590820368099,,,663457,2,9,Bot,,,,,,,9.817796310563503,-113.67877667513892,3.452396489067535,6.560703699817669,20.85669976162591,-26.03119945054098,3.081340223,1.555068898,,,,78.5,2312,6.6,823042,672515,682988,545121,571448,672695,596146,694374,682998,53.94,,,,,,,,87,2,Slider,6,10,6,10,10,6,6,10,Standard,Standard,86,0.0,0.028,,,,,-0.028,,-4,-4,0.005,0.005,34,24,34,24,1,4,2,1,3,1,2.92,-0.96,-0.96,-10.3,,,,,
SL,2026-07-23,77.3,-3.73,3.6,"Thompson, Ryan",691026,657044,,called_strike,,,,,3,,R,R,R,STL,AZ,S,,,0,0,2026,0.83,0.74,0.7950452887387002,3.130371690780843,,,663457,2,9,Bot,,,,,,,7.996816092213448,-112.348308374399,4.686452398448973,5.8166649336644864,17.929614209615366,-26.87752531962511,3.081340223,1.555068898,,,,77.9,2279,6.5,823042,672515,682988,545121,571448,672695,596146,694374,682998,54.01,,,,,,,,87,1,Slider,6,10,6,10,10,6,6,10,Standard,Standard,92,0.0,-0.04,,,,,0.04,,-4,-4,0.005,0.005,34,24,34,24,1,4,2,1,3,1,3.05,-0.83,-0.83,-10.8,,,,,
SI,2026-07-23,89.0,-3.66,3.36,"Thompson, Ryan",663457,657044,single,hit_into_play,,,,,14,Lars Nootbaar singles on a line drive to right fielder Corbin Carroll. Bryan Torres scores. Alec Burleson scores.,R,L,R,STL,AZ,X,9,line_drive,0,1,2026,-1.06,-0.6,0.8498332483117346,2.1983422305126648,663494,676475,,2,9,Bot,147.18,97.31,,,,,13.20858810302176,-128.87288794432027,4.695044107953055,-14.48851981203864,26.07751382276722,-40.15444146640202,3.259498032,1.644980315,260,88.4,19,89.3,1908,6.7,823042,672515,682988,545121,571448,672695,596146,694374,682998,53.83,0.637,0.573,0.9,1,1,0,4,86,2,Sinker,4,10,4,10,10,6,6,10,Standard,Standard,288,0.003,0.791,74.1,6.7,,0.718,-0.791,88.4,-6,-6,0.002,0.002,34,28,34,29,1,4,2,2,3,1,3.5,1.06,-1.06,-17.0,9.59400625836648,2.7038439081208674,35.93146237094093,28.69960360446776,32.58333267044683
SI,2026-07-23,88.6,-3.79,3.38,"Thompson, Ryan",663457,657044,,called_strike,,,,,8,,R,L,R,STL,AZ,S,,,0,0,2026,-0.88,-0.69,-0.2526149667339163,1.669363261630307,663494,676475,,2,9,Bot,,,,,,,10.447056085044954,-128.49074269287152,3.598196935811548,-11.9424532410331,26.6485139056012,-40.90748479696197,3.259498032,1.644980315,,,,89.1,1968,6.8,823042,672515,682988,545121,571448,672695,596146,694374,682998,53.73,,,,,,,,86,1,Sinker,4,10,4,10,10,4,4,10,Standard,Standard,283,0.0,-0.025,,,,,0.025,,-6,-6,0.002,0.002,34,28,34,29,1,4,2,2,3,1,3.62,0.88,-0.88,-17.1,,,,,
SI,2026-07-23,88.8,-3.72,3.51,"Thompson, Ryan",676475,657044,double,hit_into_play,,,,,12,Alec Burleson doubles (25) on a line drive to right fielder Corbin Carroll. Bryan Torres to 3rd.,R,L,R,STL,AZ,X,9,line_drive,0,0,2026,-0.82,-0.72,0.8735254644812182,2.693469095889105,,,663494,2,9,Bot,196.02,128.09,,,,,12.94989944458216,-128.55693809029182,5.808642498523381,-11.60465037547823,23.970110406515275,-41.62105726699575,3.215616798,1.622834646,193,76.3,19,89.8,1972,7.0,823042,672515,682988,545121,571448,672695,596146,694374,682998,53.53,0.986,0.898,1.25,1,1,1,4,85,1,Sinker,4,10,4,10,10,4,4,10,Infield shade,Standard,281,0.001,0.825,78.3,7.7,,1.051,-0.825,88.0,-6,-6,0.001,0.001,34,27,34,28,1,4,2,1,3,1,3.61,0.82,-0.82,-15.5,17.753993176465343,0.2606625629584467,36.6889270913364,21.60451611859535,35.00804849645117
SL,2026-07-23,77.8,-3.92,3.41,"Thompson, Ryan",663494,657044,single,hit_into_play,,,,,3,Bryan Torres singles on a line drive to right fielder Corbin Carroll. Nathan Church scores. JJ Wetherholt scores.,R,L,R,STL,AZ,X,9,line_drive,1,2,2026,1.15,0.72,0.325119763528893,2.8539722803786876,701675,802139,,2,9,Bot,177.84,111.76,,,,,6.82932440186323,-112.95318821503768,4.619711696275713,8.489828815717296,22.11837889790619,-27.252387703475232,2.975147638,1.501476378,179,93.3,14,77.6,2320,6.5,823042,672515,682988,545121,571448,672695,596146,694374,682998,54.05,0.969,0.904,0.9,1,1,0,4,84,6,Slider,2,10,2,10,10,4,4,10,Standard,Standard,94,0.0,0.849,60.9,6.0,,1.094,-0.849,93.3,-8,-8,0.001,0.001,34,28,34,29,1,0,2,2,3,2,3.09,-1.15,1.15,-13.0,20.09148098623549,-0.0614834938308331,29.54606116661408,33.49431291003504,34.912936036487714
SI,2026-07-23,90.4,-3.72,3.46,"Thompson, Ryan",663494,657044,,foul,,,,,9,,R,L,R,STL,AZ,S,,,1,2,2026,-1.17,-0.86,0.3661117822307171,1.4852950924478807,701675,802139,,2,9,Bot,,,,,,,12.66273584626143,-130.9426591522282,3.1994556457885563,-16.143384789866307,28.70898129121251,-43.06125540858056,2.975147638,1.501476378,,,,90.9,2021,6.9,823042,672515,682988,545121,571448,672695,596146,694374,682998,53.59,,,,,,,,84,5,Sinker,2,10,2,10,10,2,2,10,Standard,Standard,281,0.0,0.0,70.4,6.8,,,0.0,,-8,-8,0.001,0.001,34,28,34,29,1,0,2,2,3,2,3.68,1.17,-1.17,-15.0,16.347418046525174,-9.414998617655868,38.186753933975616,31.62339049497158,36.15747059160507
SL,2026-07-23,78.1,-3.89,3.43,"Thompson, Ryan",663494,657044,,foul,,,,,5,,R,L,R,STL,AZ,S,,,1,2,2026,1.23,0.86,0.074502853413694,2.3617776674662947,701675,802139,,2,9,Bot,,,,,,,6.139665960666923,-113.5476804335106,3.24282810202801,9.302044572587649,23.405976034503695,-25.729873527364948,2.975147638,1.501476378,2,62.3,-45,78.0,2400,6.6,823042,672515,682988,545121,571448,672695,596146,694374,682998,53.91,,,,,,,,84,4,Slider,2,10,2,10,10,2,2,10,Standard,Standard,92,0.0,0.0,58.8,6.1,,,0.0,88.0,-8,-8,0.001,0.001,34,28,34,29,1,0,2,2,3,2,2.92,-1.23,1.23,-12.5,14.183865630278698,3.600345184967848,30.66266830737657,36.265684945775504,33.89372073044098
SI,2026-07-23,90.5,-3.54,3.48,"Thompson, Ryan",663494,657044,,ball,,,,,14,,R,L,R,STL,AZ,B,,,0,2,2026,-1.23,-1.12,1.1785452812139,-0.0733296964853429,,701675,802139,2,9,Bot,,,,,,,14.411285919873489,-130.84831291449456,-0.0639659908299485,-17.472196669429497,32.27480047026369,-45.148395421924285,2.975147638,1.501476378,,,,90.5,2081,7.0,823042,672515,682988,545121,571448,672695,596146,694374,682998,53.46,,,,,,,,84,3,Sinker,2,10,2,10,10,2,2,10,Standard,Standard,284,0.0,0.013,,,,,-0.013,,-8,-8,0.001,0.001,34,28,34,29,1,0,2,2,3,2,3.98,1.23,-1.23,-14.6,,,,,
SL,2026-07-23,77.9,-3.85,3.47,"Thompson, Ryan",663494,657044,,foul,,,,,6,,R,L,R,STL,AZ,S,,,0,1,2026,1.04,0.88,0.653801295724067,2.4408540196406854,,701675,802139,2,9,Bot,,,,,,,7.734285239934685,-113.12440541347492,3.387754359903513,7.237703447563025,23.14206592845227,-25.643389025675887,2.975147638,1.501476378,,,,78.9,2337,7.4,823042,672515,682988,545121,571448,672695,596146,694374,682998,53.15,,,,,,,,84,2,Slider,2,10,2,10,10,2,2,10,Standard,Standard,89,0.0,-0.057,,,,,0.057,,-8,-8,0.001,0.001,34,28,34,29,1,0,2,2,3,2,2.93,-1.04,1.04,-12.8,,,,,
SI,2026-07-23,88.5,-3.76,3.39,"Thompson, Ryan",663494,657044,,called_strike,,,,,9,,R,L,R,STL,AZ,S,,,0,0,2026,-0.98,-1.07,0.7154575633414029,1.7611049174155309,,701675,802139,2,9,Bot,,,,,,,12.90146673677336,-127.92439835244308,4.770671984168757,-13.73501446393564,31.48504176439053,-45.27968302825447,2.975147638,1.501476378,,,,88.0,2069,6.8,823042,672515,682988,545121,571448,672695,596146,694374,682998,53.7,,,,,,,,84,1,Sinker,2,10,2,10,10,2,2,10,Standard,Standard,280,0.0,-0.034,,,,,0.034,,-8,-8,0.001,0.001,34,28,34,29,1,0,2,2,3,2,4.06,0.98,-0.98,-15.7,,,,,
SI,2026-07-23,89.2,-3.6,3.4,"Thompson, Ryan",802139,657044,single,hit_into_play,,,,,5,JJ Wetherholt singles on a ground ball to left fielder Max Kepler. Nathan Church to 2nd.,R,L,R,STL,AZ,X,7,ground_ball,2,2,2026,-0.99,-0.72,0.2162630003767491,2.4927668893631725,,,701675,2,9,Bot,57.56,116.21,,,,,11.420298678772934,-129.3175871756849,5.548552032676062,-13.426863782949171,26.48583537165849,-41.729423632020335,3.096259843,1.562598425,29,89.3,-3,89.7,1998,6.7,823042,672515,682988,545121,571448,672695,596146,694374,682998,53.76,0.228,0.216,0.9,1,1,0,2,83,5,Sinker,2,10,2,10,10,2,2,10,Infield shade,Standard,284,0.0,0.372,67.8,6.0,,0.266,-0.372,89.3,-8,-8,0.001,0.001,34,23,34,24,1,4,2,1,3,1,3.6,0.99,-0.99,-14.9,-5.320131753868303,35.12051625079653,33.966965339657804,32.427222960572706,16.036133046215436
SI,2026-07-23,89.3,-3.43,3.33,"Thompson, Ryan",802139,657044,,ball,,,,,14,,R,L,R,STL,AZ,B,,,1,2,2026,-0.9,-0.8,1.3692232982399148,1.5359542560680706,,,701675,2,9,Bot,,,,,,,13.665458996571566,-129.32810347960591,3.5839580441544534,-12.89579061625275,26.89002362596846,-42.197234266833206,3.096259843,1.562598425,,,,89.9,1927,6.9,823042,672515,682988,545121,571448,672695,596146,694374,682998,53.57,,,,,,,,83,4,Sinker,2,10,2,10,10,2,2,10,Infield shade,Standard,284,0.0,0.051,,,,,-0.051,,-8,-8,0.001,0.001,34,23,34,24,1,4,2,1,3,1,3.68,0.9,-0.9,-14.7,,,,,
SI,2026-07-23,89.5,-3.66,3.41,"Thompson, Ryan",802139,657044,,swinging_strike,,,,,4,,R,L,R,STL,AZ,S,,,1,1,2026,-0.91,-0.52,-0.5712779719274622,2.340598741088637,,,701675,2,9,Bot,,,,,,,9.521464214032646,-129.9314809194131,4.712920848015315,-12.265714291569902,27.38735449950359,-39.31286597230575,3.096259843,1.562598425,,,,90.1,1972,6.8,823042,672515,682988,545121,571448,672695,596146,694374,682998,53.72,,,,,,,,83,3,Sinker,2,10,2,10,10,2,2,10,Infield shade,Standard,284,0.0,-0.067,73.1,6.6,0.294356688,,0.067,,-8,-8,0.001,0.001,34,23,34,24,1,4,2,1,3,1,3.38,0.91,-0.91,-15.0,-6.360845026291118,36.18553048428171,35.45458413796401,41.705949560773306,10.929942639799307
SI,2026-07-23,89.2,-3.64,3.36,"Thompson, Ryan",802139,657044,,blocked_ball,,,,,13,,R,L,R,STL,AZ,B,,,0,1,2026,-0.76,-0.7,-1.063343027615726,0.5919043778570892,,,701675,2,9,Bot,,,,,,,7.914213856986727,-129.63424727556512,0.9421939631830452,-10.167511705567916,26.62805854916918,-40.55536529087159,3.096259843,1.562598425,,,,89.8,1919,6.7,823042,672515,682988,545121,571448,672695,596146,694374,682998,53.8,,,,,,,,83,2,Sinker,2,10,2,10,10,2,2,10,Infield shade,Standard,280,0.0,0.028,,,,,-0.028,,-8,-8,0.001,0.001,34,23,34,24,1,4,2,1,3,1,3.57,0.76,-0.76,-17.1,,,,,
SL,2026-07-23,76.3,-3.85,3.52,"Thompson, Ryan",802139,657044,,called_strike,,,,,8,,R,L,R,STL,AZ,S,,,0,0,2026,1.08,0.61,0.0799483172382573,1.965814609796664,,,701675,2,9,Bot,,,,,,,6.208678933939045,-111.02840045930203,2.7800056912984923,7.908163369890802,18.54874797380149,-27.749619267959655,3.096259843,1.562598425,,,,76.6,2097,6.4,823042,672515,682988,545121,571448,672695,596146,694374,682998,54.12,,,,,,,,83,1,Slider,2,10,2,10,10,2,2,10,Infield shade,Standard,94,0.0,-0.04,,,,,0.04,,-8,-8,0.001,0.001,34,23,34,24,1,4,2,1,3,1,3.28,-1.08,1.08,-12.5,,,,,
SL,2026-07-23,78.3,-3.66,3.51,"Thompson, Ryan",686780,657044,field_out,hit_into_play,,,,,3,Pedro Pagés pops out to catcher Gabriel Moreno in foul territory.,R,R,R,STL,AZ,X,2,popup,1,2,2026,1.04,0.99,0.7638600162507599,3.1007089468294606,,,701675,1,9,Bot,136.61,213.5,,,,,7.500847184023838,-113.72355021535223,4.33835194269173,7.518976530955719,21.922887950272056,-24.696171168920102,3.174368438,1.602017717,22,75.5,84,78.5,2310,6.7,823042,672515,682988,545121,571448,672695,596146,694374,682998,53.82,0.003,0.003,0.0,1,0,0,3,82,6,Slider,2,10,2,10,10,2,2,10,Standard,Standard,89,0.0,-0.181,63.6,6.7,,0.003,0.181,88.0,-8,-8,0.001,0.001,34,27,34,28,1,0,2,5,3,3,2.75,-1.04,-1.04,-10.8,19.104567145162832,-7.07573700435544,27.476275513118622,43.61128400118732,46.41609517954698
SI,2026-07-23,88.1,-3.48,3.44,"Thompson, Ryan",686780,657044,,foul,,,,,7,,R,R,R,STL,AZ,S,,,1,2,2026,-0.97,-1.11,-0.5308732731216674,1.6623355783210028,,,701675,1,9,Bot,,,,,,,9.217548994540726,-127.84354124651672,4.441804416048529,-12.69266908782835,28.865530251941465,-45.5577383744283,3.174368438,1.602017717,3,87.1,-32,88.5,1984,6.9,823042,672515,682988,545121,571448,672695,596146,694374,682998,53.62,,,,,,,,82,5,Sinker,2,10,2,10,10,2,2,10,Standard,Standard,275,0.0,0.0,80.0,7.8,,,0.0,88.0,-8,-8,0.001,0.001,34,27,34,28,1,0,2,5,3,3,4.08,0.97,0.97,-14.4,21.10574217867393,-25.314250012267927,34.74624809284555,29.575510507724935,47.84394314280157
SL,2026-07-23,77.8,-3.7,3.54,"Thompson, Ryan",686780,657044,,ball,,,,,12,,R,R,R,STL,AZ,B,,,0,2,2026,1.4,0.77,2.3600075284795823,2.754770125018334,,,701675,1,9,Bot,,,,,,,10.23522541250272,-112.61554542877346,4.163139287404473,9.49727332040817,24.33583570874682,-26.927254519262835,3.174368438,1.602017717,,,,77.3,2431,6.7,823042,672515,682988,545121,571448,672695,596146,694374,682998,53.81,,,,,,,,82,4,Slider,2,10,2,10,10,2,2,10,Standard,Standard,90,0.0,0.02,,,,,-0.02,,-8,-8,0.001,0.001,34,27,34,28,1,0,2,5,3,3,3.09,-1.4,-1.4,-9.6,,,,,
SI,2026-07-23,88.8,-3.47,3.41,"Thompson, Ryan",686780,657044,,foul,,,,,7,,R,R,R,STL,AZ,S,,,0,2,2026,-1.06,-0.88,-0.3800192144568699,1.8227305316914224,,,701675,1,9,Bot,,,,,,,9.7903790234347,-128.78996856489704,4.347094903124706,-13.92254657150024,29.6516208879581,-43.182393408751494,3.174368438,1.602017717,,,,88.9,1945,6.8,823042,672515,682988,545121,571448,672695,596146,694374,682998,53.71,,,,,,,,82,3,Sinker,2,10,2,10,10,2,2,10,Standard,Standard,284,0.0,0.0,70.9,7.6,,,0.0,,-8,-8,0.001,0.001,34,27,34,28,1,0,2,5,3,3,3.81,1.06,1.06,-14.3,20.065548894299592,-13.47626707546172,30.733686029373207,31.173700148448205,40.46553102537395
SI,2026-07-23,88.5,-3.46,3.46,"Thompson, Ryan",686780,657044,,swinging_strike,,,,,8,,R,R,R,STL,AZ,S,,,0,1,2026,-1.04,-0.84,0.2063639302481892,1.6940234836326755,,,701675,1,9,Bot,,,,,,,11.133936935002676,-128.1615087948107,3.915956408107447,-13.920253375292916,29.446272067556905,-42.629568816578285,3.174368438,1.602017717,,,,88.8,1980,7.0,823042,672515,682988,545121,571448,672695,596146,694374,682998,53.49,,,,,,,,82,2,Sinker,2,10,2,10,10,2,2,10,Standard,Standard,277,0.0,-0.06,75.2,6.9,1.299679332,,0.06,,-8,-8,0.001,0.001,34,27,34,28,1,0,2,5,3,3,3.81,1.04,1.04,-14.4,6.2146566990009555,5.610712310413811,30.655885803715115,38.83919560412694,33.518549112352304
SI,2026-07-23,87.6,-3.64,3.43,"Thompson, Ryan",686780,657044,,called_strike,,,,,9,,R,R,R,STL,AZ,S,,,0,0,2026,-0.87,-0.93,0.4339985688758844,2.0264995185173107,,,701675,1,9,Bot,,,,,,,11.552617644484046,-126.80779297447287,5.021666438307309,-11.886629181272554,28.52353613693535,-43.63214013536215,3.174368438,1.602017717,,,,87.3,1939,6.6,823042,672515,682988,545121,571448,672695,596146,694374,682998,53.86,,,,,,,,82,1,Sinker,2,10,2,10,10,2,2,10,Standard,Standard,282,0.0,-0.039,,,,,0.039,,-8,-8,0.001,0.001,34,27,34,28,1,0,2,5,3,3,3.96,0.87,0.87,-16.1,,,,,
SL,2026-07-23,77.7,-3.76,3.66,"Thompson, Ryan",691458,657044,field_out,hit_into_play,,,,,3,Blaze Jordan pops out to shortstop Geraldo Perdomo.,R,R,R,STL,AZ,X,6,popup,1,1,2026,1.16,0.72,0.8112290020318779,3.0999742874487297,,,701675,0,9,Bot,127.8,120.77,,,,,7.550476119961829,-112.82479020095144,4.595164418538349,8.480408479452429,21.00594342020373,-27.1542921418047,3.23667979,1.633464567,198,65.7,46,78.1,2318,6.8,823042,672515,682988,545121,571448,672695,596146,694374,682998,53.74,0.234,0.22,0.0,1,0,0,3,81,3,Slider,2,10,2,10,10,2,2,10,Standard,Standard,88,-0.001,-0.232,68.0,8.0,,0.277,0.232,88.0,-8,-8,0.002,0.002,34,23,34,24,1,3,2,1,3,1,3.08,-1.16,-1.16,-10.0,16.979826376919213,-17.126181620724804,23.374934592752172,48.97879730600991,46.13536861752524
SI,2026-07-23,88.2,-3.55,3.43,"Thompson, Ryan",691458,657044,,swinging_strike,,,,,14,,R,R,R,STL,AZ,S,,,1,0,2026,-1.04,-0.93,1.1408293418837618,1.7377345704697975,,,701675,0,9,Bot,,,,,,,13.54955117405223,-127.65006251292604,4.269107879186638,-14.123438386112252,26.402043797679795,-43.621823241742625,3.23667979,1.633464567,,,,88.9,1985,7.0,823042,672515,682988,545121,571448,672695,596146,694374,682998,53.48,,,,,,,,81,2,Sinker,2,10,2,10,10,2,2,10,Standard,Standard,281,0.0,-0.053,73.5,7.6,5.036187036,,0.053,,-8,-8,0.002,0.002,34,23,34,24,1,3,2,1,3,1,3.9,1.04,1.04,-16.2,4.359846573303669,5.824935646978666,28.85246871872568,55.37738164893597,27.32188295132181
SI,2026-07-23,87.0,-3.83,3.47,"Thompson, Ryan",691458,657044,,ball,,,,,13,,R,R,R,STL,AZ,B,,,0,0,2026,-0.96,-0.85,-1.6690811717941774,1.735662851618066,,,701675,0,9,Bot,,,,,,,7.157782294223083,-126.432495347314,4.061560298270722,-11.784933982140974,27.650528118735068,-42.41377492625034,3.23667979,1.633464567,,,,87.3,1896,6.7,823042,672515,682988,545121,571448,672695,596146,694374,682998,53.78,,,,,,,,81,1,Sinker,2,10,2,10,10,2,2,10,Standard,Standard,282,0.0,0.037,,,,,-0.037,,-8,-8,0.002,0.002,34,23,34,24,1,3,2,1,3,1,3.89,0.96,0.96,-17.2,,,,,
SI,2026-07-23,88.7,-3.76,3.37,"Thompson, Ryan",701675,657044,single,hit_into_play,,,,,14,Nathan Church singles on a ground ball to right fielder Corbin Carroll.,R,L,R,STL,AZ,X,9,ground_ball,0,1,2026,-0.91,-0.63,0.7461862752331512,1.1520145248844416,,,,0,9,Bot,188.29,107.09,,,,,12.856948014008507,-128.43993993860178,2.245155445396546,-12.783003124890133,26.750033660734275,-39.89875190086965,3.112934711,1.57101378,3,105.3,-20,89.0,1981,6.7,823042,672515,682988,545121,571448,672695,596146,694374,682998,53.76,0.239,0.22,0.9,1,1,0,2,80,2,Sinker,2,10,2,10,10,2,2,10,Standard,Standard,285,0.001,0.488,71.1,6.9,,0.256,-0.488,105.3,-8,-8,0.001,0.001,34,25,34,26,1,3,2,1,3,1,3.56,0.91,-0.91,-17.4,-0.5141597960281349,6.757979195076333,47.76461937193596,29.329154961013035,25.752903870963717
SI,2026-07-23,86.1,-3.73,3.38,"Thompson, Ryan",701675,657044,,foul_bunt,,,,,14,,R,L,R,STL,AZ,S,,,0,0,2026,-0.73,-0.8,1.2090870783949823,1.311021237691414,,,,0,9,Bot,,,,,,,13.132198120590028,-124.6612037691183,3.2185321976560477,-10.11395631404255,23.214199295426457,-41.49960377549442,3.112934711,1.57101378,,,,86.7,1961,6.8,823042,672515,682988,545121,571448,672695,596146,694374,682998,53.72,,,,,,,,80,1,Sinker,2,10,2,10,10,2,2,10,Strategic,Standard,286,0.0,-0.042,11.4,2.2,,,0.042,,-8,-8,0.001,0.001,34,25,34,26,1,3,2,1,3,1,3.89,0.73,-0.73,-19.1,-58.6687893371672,-103.39881073226458,89.76295916015842,26.504217816801983,24.686606749136644
CH,2026-07-23,87.1,-1.51,5.79,"Graceffo, Gordon",682998,700669,force_out,hit_into_play,,,,,8,"Corbin Carroll grounds into a force out, second baseman JJ Wetherholt to shortstop Masyn Winn. Nolan Arenado out at 2nd.",R,L,R,STL,AZ,X,4,ground_ball,1,1,2026,-1.27,0.45,-0.147973022664746,1.6249804033805892,,545121,571448,2,9,Top,144.72,136.43,,,,,5.90816762095439,-126.77236024407136,-4.597227565586818,-14.86287362646655,24.54878374627888,-26.541101644208492,3.10328084,1.566141732,116,80.0,10,87.7,1413,6.5,823042,686780,691458,802139,665877,691026,663457,701675,691023,53.96,0.366,0.329,0.0,1,0,0,4,79,3,Changeup,2,10,10,2,10,2,10,2,Standard,Standard,239,0.0,-0.269,77.2,8.3,,0.389,0.269,88.0,-8,8,0.001,0.999,26,25,26,26,1,5,4,1,2,1,2.54,1.27,-1.27,47.3,21.384028069348005,-21.695692295952657,28.881386921382585,40.586886370164784,49.05352918045981
CH,2026-07-23,89.5,-1.4,5.77,"Graceffo, Gordon",682998,700669,,blocked_ball,,,,,13,,R,L,R,STL,AZ,B,,,0,1,2026,-1.12,0.44,-0.8871895831819723,0.4055669538077668,,545121,571448,2,9,Top,,,,,,,3.6555299209240193,-130.0847286169515,-7.932593392892553,-13.45368954233526,26.998143215634503,-25.73698586866226,3.10328084,1.566141732,,,,90.0,1242,6.6,823042,686780,691458,802139,665877,691026,663457,701675,691023,53.89,,,,,,,,79,2,Changeup,2,10,10,2,10,2,10,2,Standard,Standard,243,0.0,0.019,,,,,-0.019,,-8,8,0.001,0.999,26,25,26,26,1,5,4,1,2,1,2.41,1.12,-1.12,48.7,,,,,
FF,2026-07-23,95.0,-1.14,6.03,"Graceffo, Gordon",682998,700669,,foul,,,,,3,,R,L,R,STL,AZ,S,,,0,0,2026,-0.61,1.27,0.4228164515861633,3.092818460877102,,545121,571448,2,9,Top,,,,,,,5.457446855407057,-138.28836444802874,-4.739607825706404,-9.085806144913876,30.512170126337363,-15.033353955573167,3.10328084,1.566141732,212,73.7,53,95.4,1935,6.4,823042,686780,691458,802139,665877,691026,663457,701675,691023,54.05,,,,,,,,79,1,4-Seam Fastball,2,10,10,2,10,2,10,2,Standard,Standard,215,0.0,-0.034,58.4,6.0,,,0.034,88.0,-8,8,0.001,0.999,26,25,26,26,1,5,4,1,2,1,1.25,0.61,-0.61,52.5,1.167022773641012,30.72934050660982,19.280816084171654,35.33968670653721,22.803180474244243
SI,2026-07-23,95.8,-1.32,5.85,"Graceffo, Gordon",571448,700669,single,hit_into_play,,,,,8,Nolan Arenado singles on a line drive to left fielder Lars Nootbaar. Adrian Del Castillo scores. Ildemaro Vargas to 2nd.,R,R,R,STL,AZ,X,7,line_drive,1,2,2026,-1.25,1.08,0.1841301324093691,1.7867417307977502,,680728,545121,2,9,Top,82.07,110.42,,,,,6.800743594043324,-139.2780848020283,-7.4250589164153,-17.709651744688628,28.52438648179902,-16.634164333888982,3.277050525,1.653838583,161,93.8,9,96.5,1950,6.5,823042,686780,691458,802139,665877,691026,663457,701675,691023,53.97,0.611,0.579,0.9,1,1,0,4,78,6,Sinker,2,9,9,2,10,2,10,2,Standard,Standard,214,0.0,0.63,73.7,8.9,,0.717,-0.63,93.8,-7,7,0.001,0.999,26,35,26,35,1,1,4,1,2,1,1.39,1.25,1.25,48.4,9.545030087386372,-8.192741957163872,32.73960727111668,39.773379035356186,33.175231107820494
SL,2026-07-23,87.7,-1.17,6.06,"Graceffo, Gordon",571448,700669,,ball,,,,,14,,R,R,R,STL,AZ,B,,,0,2,2026,0.19,-0.6,1.208987422182971,0.9550195305221134,,680728,545121,2,9,Top,,,,,,,5.288751729080487,-127.68675124871666,-4.741066077870217,1.0313542656396544,24.289439941054,-38.04758272966428,3.277050525,1.653838583,,,,88.0,2418,6.3,823042,686780,691458,802139,665877,691026,663457,701675,691023,54.22,,,,,,,,78,5,Slider,2,9,9,2,9,2,9,2,Standard,Standard,12,0.0,0.013,,,,,-0.013,,-7,7,0.001,0.999,26,35,26,35,1,1,4,1,2,1,3.54,-0.19,-0.19,53.6,,,,,
FF,2026-07-23,97.1,-1.22,6.07,"Graceffo, Gordon",571448,700669,,foul,,,,,12,,R,R,R,STL,AZ,S,,,0,2,2026,-0.62,1.28,1.0281615320799893,3.1653751571002453,,680728,545121,2,9,Top,,,,,,,7.397050627707645,-141.29169529894827,-5.07213398941603,-10.00993568473992,30.7350900428012,-13.983758880085835,3.277050525,1.653838583,204,76.6,55,97.5,1988,6.4,823042,686780,691458,802139,665877,691026,663457,701675,691023,54.08,,,,,,,,78,4,4-Seam Fastball,2,9,9,2,9,2,9,2,Standard,Standard,214,0.0,0.0,68.9,8.3,,,0.0,88.0,-7,7,0.001,0.999,26,35,26,35,1,1,4,1,2,1,1.12,0.62,0.62,53.9,9.043315819553092,-7.579068312879413,25.89095371291513,50.188280712149904,32.399785777153326
CH,2026-07-23,89.4,-1.34,5.87,"Graceffo, Gordon",571448,700669,,foul,,,,,5,,R,R,R,STL,AZ,S,,,0,2,2026,-1.05,0.3,0.0374471009208501,2.7480533113705796,,680728,545121,2,9,Top,,,,,,,5.607723377886313,-130.08570238797228,-2.130743842379147,-13.086069368852332,26.462404272521372,-28.55328248308905,3.277050525,1.653838583,187,69.0,53,89.7,1167,6.4,823042,686780,691458,802139,665877,691026,663457,701675,691023,54.08,,,,,,,,78,3,Changeup,2,9,9,2,9,2,9,2,Standard,Standard,242,0.0,0.0,70.4,7.5,,,0.0,88.0,-7,7,0.001,0.999,26,35,26,35,1,1,4,1,2,1,2.55,1.05,1.05,49.0,2.9668674429944355,5.56388107837756,33.687690613218926,39.89623257259843,27.48974404064013
SI,2026-07-23,95.0,-1.31,5.96,"Graceffo, Gordon",571448,700669,,foul,,,,,7,,R,R,R,STL,AZ,S,,,0,1,2026,-1.17,0.91,-0.6427012395811358,1.868553087366318,,680728,545121,2,9,Top,,,,,,,4.399585033480139,-138.27461031628914,-6.925037188814549,-16.021096182536475,29.62278711031221,-19.205927954311537,3.277050525,1.653838583,,,,95.4,1920,6.4,823042,686780,691458,802139,665877,691026,663457,701675,691023,54.1,,,,,,,,78,2,Sinker,2,9,9,2,9,2,9,2,Standard,Standard,213,0.0,-0.057,73.7,8.1,,,0.057,,-7,7,0.001,0.999,26,35,26,35,1,1,4,1,2,1,1.61,1.17,1.17,48.3,5.050164212958945,-3.288334551960214,40.317637506294055,30.523040629751705,28.02362047264535
FF,2026-07-23,95.9,-1.21,6.1,"Graceffo, Gordon",571448,700669,,called_strike,,,,,6,,R,R,R,STL,AZ,S,,,0,0,2026,-0.56,1.34,0.433347302613942,2.7733777430949806,,680728,545121,2,9,Top,,,,,,,5.570345273771428,-139.46140866604932,-6.067348637393942,-8.551651740355975,30.16669663906721,-13.53750250992425,3.277050525,1.653838583,,,,96.1,2078,6.4,823042,686780,691458,802139,665877,691026,663457,701675,691023,54.15,,,,,,,,78,1,4-Seam Fastball,2,9,9,2,9,2,9,2,Standard,Standard,206,0.0,-0.034,,,,,0.034,,-7,7,0.001,0.999,26,35,26,35,1,1,4,1,2,1,1.14,0.56,0.56,54.5,,,,,
SL,2026-07-23,86.9,-1.43,5.92,"Graceffo, Gordon",682988,700669,strikeout,swinging_strike,,,,,14,Tyler Locklear strikes out swinging.,R,R,R,STL,AZ,S,2,,1,2,2026,-0.11,-0.16,0.6396691621543945,1.336701508175817,,680728,545121,1,9,Top,,,,,,,5.121129878037576,-126.26787634409077,-4.078332965420925,-2.418311229319453,30.839147444375772,-33.07188495510405,3.283193898,1.656938976,,,,86.2,2405,6.4,823042,686780,691458,802139,665877,691026,663457,701675,691023,54.13,,0.0,0.0,1,0,0,,77,6,Slider,2,9,9,2,9,2,9,2,Standard,Standard,359,0.0,-0.168,66.4,8.2,1.458373008,,0.168,,-7,7,0.001,0.999,26,25,26,26,1,4,4,1,2,1,3.23,0.11,0.11,51.4,23.52576938459947,-15.26435326019061,31.697595705963053,48.94477556288216,39.91756247288694
SL,2026-07-23,88.0,-1.54,5.96,"Graceffo, Gordon",682988,700669,,blocked_ball,,,,,14,,R,R,R,STL,AZ,B,,,0,2,2026,0.28,-0.46,1.072613565916173,0.25782576477941,,680728,545121,1,9,Top,,,,,,,5.687355608809291,-127.96326135730637,-6.443042460784814,1.8004328002256302,27.47565878509221,-36.017229543787074,3.283193898,1.656938976,,,,88.0,2391,6.4,823042,686780,691458,802139,665877,691026,663457,701675,691023,54.1,,,,,,,,77,5,Slider,2,9,9,2,9,2,9,2,Standard,Standard,353,0.0,0.027,,,,,-0.027,,-7,7,0.001,0.999,26,25,26,26,1,4,4,1,2,1,3.42,-0.28,-0.28,52.7,,,,,
CH,2026-07-23,88.6,-1.38,5.92,"Graceffo, Gordon",682988,700669,,foul,,,,,11,,R,R,R,STL,AZ,S,,,0,2,2026,-1.06,0.48,-0.9765549144582474,3.619315933323677,,680728,545121,1,9,Top,,,,,,,3.243677420769714,-129.18249290501873,-0.5188319337896816,-12.612944935981275,22.425591847028976,-26.82147028844316,3.283193898,1.656938976,,,,89.6,1126,6.4,823042,686780,691458,802139,665877,691026,663457,701675,691023,54.06,,,,,,,,77,4,Changeup,2,9,9,2,9,2,9,2,Standard,Standard,237,0.0,0.0,76.8,6.7,,,0.0,,-7,7,0.001,0.999,26,25,26,26,1,4,4,1,2,1,2.37,1.06,1.06,48.7,21.219736702418395,-12.85525666779955,23.07212099336527,32.003100974361885,30.942925300033
FF,2026-07-23,95.3,-1.14,6.01,"Graceffo, Gordon",682988,700669,,foul,,,,,11,,R,R,R,STL,AZ,S,,,0,2,2026,-1.02,1.43,-0.2153095503252741,3.51600777652016,,680728,545121,1,9,Top,,,,,,,4.738657104918884,-138.7295768015318,-4.009592552092222,-14.227164573771097,31.02642082644639,-13.043282663602753,3.283193898,1.656938976,163,78.2,26,95.4,2044,6.3,823042,686780,691458,802139,665877,691026,663457,701675,691023,54.16,,,,,,,,77,3,4-Seam Fastball,2,9,9,2,9,2,9,2,Standard,Standard,213,0.0,0.0,70.4,6.3,,,0.0,88.0,-7,7,0.001,0.999,26,25,26,26,1,4,4,1,2,1,1.08,1.02,1.02,53.0,8.13542230944967,10.786863057091011,23.965613182173396,39.97845525262975,19.578842489916624
FF,2026-07-23,95.1,-1.26,6.01,"Graceffo, Gordon",682988,700669,,foul,,,,,8,,R,R,R,STL,AZ,S,,,0,1,2026,-0.89,1.39,-0.1401099439702871,2.1167082664976187,,680728,545121,1,9,Top,,,,,,,4.946253685151589,-138.2658816301525,-7.505552222740115,-12.538468442718184,30.078174260209757,-12.885093893118214,3.283193898,1.656938976,137,72.9,24,95.4,2105,6.4,823042,686780,691458,802139,665877,691026,663457,701675,691023,54.07,,,,,,,,77,2,4-Seam Fastball,2,9,9,2,9,2,9,2,Standard,Standard,212,0.0,-0.062,86.0,6.4,,,0.062,88.0,-7,7,0.001,0.999,26,25,26,26,1,4,4,1,2,1,1.13,0.89,0.89,52.8,-23.727669070242527,-11.245116074765786,53.78307866554708,40.996454338285105,23.4686540429658
SL,2026-07-23,87.9,-1.34,6.08,"Graceffo, Gordon",682988,700669,,called_strike,,,,,2,,R,R,R,STL,AZ,S,,,0,0,2026,-0.08,-0.01,0.240626325427544,3.1326975665381696,,680728,545121,1,9,Top,,,,,,,3.934247349433302,-127.96027908177518,-0.7706160676192542,-1.735207578822546,28.249502280756065,-32.34612917875567,3.283193898,1.656938976,,,,87.5,2329,6.2,823042,686780,691458,802139,665877,691026,663457,701675,691023,54.3,,,,,,,,77,1,Slider,2,9,9,2,9,2,9,2,Standard,Standard,25,0.0,-0.041,,,,,0.041,,-7,7,0.001,0.999,26,25,26,26,1,4,4,1,2,1,2.97,0.08,0.08,51.5,,,,,
FF,2026-07-23,94.1,-1.19,6.05,"Graceffo, Gordon",545121,700669,single,hit_into_play,,,,,2,Ildemaro Vargas singles on a sharp ground ball to right fielder Jordan Walker. Adrian Del Castillo to 2nd.,R,L,R,STL,AZ,X,9,ground_ball,3,1,2026,-0.92,1.23,-0.1689116651382549,2.9503933856381215,,,680728,1,9,Top,178.67,106.08,,,,,4.703199559088001,-136.85749536436228,-4.8551218677940176,-12.657748700559829,32.80372972571977,-15.875101467285171,3.161204068,1.595374016,133,104.0,7,93.9,1964,6.4,823042,686780,691458,802139,665877,691026,663457,701675,691023,54.12,0.646,0.597,0.9,1,1,0,4,76,5,4-Seam Fastball,2,9,9,2,9,2,9,2,Infield shade,Standard,214,0.0,0.257,73.6,7.6,,0.716,-0.257,104.0,-7,7,0.001,0.999,26,34,26,35,1,4,4,1,2,2,1.37,0.92,-0.92,52.6,17.145378932494847,-8.369054018688603,19.17993378433541,36.859104124125864,27.514325530979576
CH,2026-07-23,87.6,-1.49,5.76,"Graceffo, Gordon",545121,700669,,ball,,,,,11,,R,L,R,STL,AZ,B,,,2,1,2026,-1.38,0.39,-1.4296445682975427,4.721846949822603,,,680728,1,9,Top,,,,,,,3.032507911615425,-127.5128813359979,2.9652064672783096,-15.632932938402414,27.54095579763881,-28.791354592112672,3.161204068,1.595374016,,,,87.5,1175,6.3,823042,686780,691458,802139,665877,691026,663457,701675,691023,54.19,,,,,,,,76,4,Changeup,2,9,9,2,9,2,9,2,Infield shade,Standard,245,0.0,0.098,,,,,-0.098,,-7,7,0.001,0.999,26,34,26,35,1,4,4,1,2,2,2.59,1.38,-1.38,46.6,,,,,
CH,2026-07-23,88.1,-1.32,5.87,"Graceffo, Gordon",545121,700669,,blocked_ball,,,,,13,,R,L,R,STL,AZ,B,,,1,1,2026,-1.16,0.4,-0.5827117445555354,0.2353935535177438,,,680728,1,9,Top,,,,,,,4.211983819687486,-128.09587967010975,-8.18865098199173,-13.627161277731217,24.37030050718974,-26.355190021849086,3.161204068,1.595374016,,,,88.5,1364,6.4,823042,686780,691458,802139,665877,691026,663457,701675,691023,54.12,,,,,,,,76,3,Changeup,2,9,9,2,9,2,9,2,Infield shade,Standard,242,0.0,0.065,,,,,-0.065,,-7,7,0.001,0.999,26,34,26,35,1,4,4,1,2,2,2.52,1.16,-1.16,49.8,,,,,
FF,2026-07-23,95.3,-1.18,6.03,"Graceffo, Gordon",545121,700669,,called_strike,,,,,13,,R,L,R,STL,AZ,S,,,1,0,2026,-0.75,1.38,-0.3513370079986235,1.324904550823791,,,680728,1,9,Top,,,,,,,3.888464616008838,-138.5774038752966,-9.655428505657516,-10.588248468536706,29.278636678353912,-12.425232491077397,3.161204068,1.595374016,,,,95.7,2162,6.4,823042,686780,691458,802139,665877,691026,663457,701675,691023,54.08,,,,,,,,76,2,4-Seam Fastball,2,9,9,2,9,2,9,2,Infield shade,Standard,213,0.0,-0.046,,,,,0.046,,-7,7,0.001,0.999,26,34,26,35,1,4,4,1,2,2,1.12,0.75,-0.75,51.3,,,,,
FF,2026-07-23,94.9,-1.06,6.02,"Graceffo, Gordon",545121,700669,,ball,,,,,14,,R,L,R,STL,AZ,B,,,0,0,2026,-0.63,1.36,0.4465799740682147,0.9517685496050502,,,680728,1,9,Top,,,,,,,5.330182881544102,-137.82788853799286,-10.391552756736557,-9.196526648650776,31.441377438569805,-12.627792799922172,3.161204068,1.595374016,,,,94.8,2064,6.4,823042,686780,691458,802139,665877,691026,663457,701675,691023,54.08,,,,,,,,76,1,4-Seam Fastball,2,9,9,2,9,2,9,2,Infield shade,Standard,211,0.0,0.036,,,,,-0.036,,-7,7,0.001,0.999,26,34,26,35,1,4,4,1,2,2,1.18,0.63,-0.63,53.9,,,,,
CH,2026-07-23,88.3,-1.28,5.9,"Graceffo, Gordon",694374,700669,strikeout,swinging_strike,,,,,13,Tim Tawa strikes out swinging.,R,R,R,STL,AZ,S,2,,1,2,2026,-1.09,0.43,-0.3387278092126662,1.0678957440444412,,,680728,0,9,Top,,,,,,,4.578066632626773,-128.4322628978849,-6.396695496829493,-13.02253749971467,24.90171371878037,-26.310429563067046,3.162959318,1.596259843,,,,88.9,1323,6.5,823042,686780,691458,802139,665877,691026,663457,701675,691023,53.98,,0.0,0.0,1,0,0,,75,4,Changeup,2,9,9,2,9,2,9,2,Standard,Standard,238,0.0,-0.174,76.4,8.3,8.8379013,,0.174,,-7,7,0.001,0.999,26,27,26,27,1,4,4,1,2,1,2.48,1.09,1.09,50.7,30.143612600185588,-45.513822485396155,40.788879054116975,29.93237901474371,53.91964815186749
SL,2026-07-23,89.2,-1.45,6.11,"Graceffo, Gordon",694374,700669,,blocked_ball,,,,,13,,R,R,R,STL,AZ,B,,,0,2,2026,-0.02,-0.02,-0.0447946829543035,0.6277563446166798,,,680728,0,9,Top,,,,,,,3.4515587013000557,-129.78723273722912,-7.1067800137784385,-0.9502703899696632,28.045159925548916,-31.103927380528663,3.162959318,1.596259843,,,,89.0,2449,6.2,823042,686780,691458,802139,665877,691026,663457,701675,691023,54.26,,,,,,,,75,3,Slider,2,9,9,2,9,2,9,2,Standard,Standard,314,0.0,0.019,,,,,-0.019,,-7,7,0.001,0.999,26,27,26,27,1,4,4,1,2,1,2.9,0.02,0.02,53.7,,,,,
SI,2026-07-23,95.1,-1.21,5.97,"Graceffo, Gordon",694374,700669,,foul,,,,,13,,R,R,R,STL,AZ,S,,,0,1,2026,-1.17,1.04,-1.4643387404218604,2.0123254583917265,,,680728,0,9,Top,,,,,,,2.008682430740648,-138.47843242781914,-6.88825880729081,-15.563359758565122,30.044495510448993,-17.45157083669399,3.162959318,1.596259843,4,98.1,-27,95.4,1850,6.3,823042,686780,691458,802139,665877,691026,663457,701675,691023,54.15,,,,,,,,75,2,Sinker,2,9,9,2,9,2,9,2,Standard,Standard,213,0.0,-0.05,69.5,6.9,,,0.05,98.1,-7,7,0.001,0.999,26,27,26,27,1,4,4,1,2,1,1.47,1.17,1.17,49.6,16.662090392195896,-16.096663822855344,43.63155276271907,17.97090937822709,32.540652868885545
FF,2026-07-23,94.4,-1.2,6.15,"Graceffo, Gordon",694374,700669,,foul,,,,,1,,R,R,R,STL,AZ,S,,,0,0,2026,-0.75,1.45,-0.5776332219106081,3.240603771403567,,,680728,0,9,Top,,,,,,,3.3057022224985095,-137.3739791278383,-4.943827636914954,-10.214824477337412,32.63082472106623,-12.902727365164017,3.162959318,1.596259843,147,73.1,13,94.3,2035,6.4,823042,686780,691458,802139,665877,691026,663457,701675,691023,54.11,,,,,,,,75,1,4-Seam Fastball,2,9,9,2,9,2,9,2,Standard,Standard,210,0.0,-0.04,,,,,0.04,88.0,-7,7,0.001,0.999,26,27,26,27,1,4,4,1,2,1,1.12,0.75,0.75,54.3,,,,,
SL,2026-07-23,89.1,-1.37,6.05,"Graceffo, Gordon",680728,700669,single,hit_into_play,,,,,5,Adrian Del Castillo singles on a sharp ground ball to right fielder Jordan Walker.,R,L,R,STL,AZ,X,9,ground_ball,3,2,2026,-0.01,-0.07,-0.0033676329366939,2.0866845801981277,,,,0,9,Top,191.84,110.13,,,,,3.349288645942593,-129.7168735200966,-3.323038525537161,-0.8652059188828012,28.041558037721796,-32.41326353219047,3.090994095,1.559940945,122,104.9,7,89.2,2386,6.4,823042,686780,691458,802139,665877,691026,663457,701675,691023,54.12,0.629,0.581,0.9,1,1,0,4,74,6,Slider,2,9,9,2,9,2,9,2,Infield shade,Standard,11,0.0,0.36,75.7,6.9,,0.7,-0.36,104.9,-7,7,0.001,0.999,26,26,26,27,1,4,4,4,2,1,2.94,0.01,-0.01,53.6,12.862253743024336,-2.000560011733556,33.94964242548137,35.36624021530209,39.40051565961326
CH,2026-07-23,89.9,-1.23,5.87,"Graceffo, Gordon",680728,700669,,swinging_strike,,,,,8,,R,L,R,STL,AZ,S,,,3,1,2026,-1.15,0.69,0.028289820686697,1.8199137938038592,,,,0,9,Top,,,,,,,5.590950905281361,-130.77780210576552,-5.382790422405761,-14.376726937686104,25.14837673213081,-23.391547694019938,3.090994095,1.559940945,,,,90.6,1280,6.6,823042,686780,691458,802139,665877,691026,663457,701675,691023,53.95,,,,,,,,74,5,Changeup,2,9,9,2,9,2,9,2,Infield shade,Standard,238,0.0,-0.103,76.5,8.0,1.713932412,,0.103,,-7,7,0.001,0.999,26,26,26,27,1,4,4,4,2,1,2.12,1.15,-1.15,49.4,30.365960189733652,-29.16785790787027,37.86760749986048,35.26211149535148,50.41191788379696
FF,2026-07-23,94.3,-1.28,6.01,"Graceffo, Gordon",680728,700669,,called_strike,,,,,7,,R,L,R,STL,AZ,S,,,3,0,2026,-0.99,1.34,-0.6750516497841529,1.545440069406196,,,,0,9,Top,,,,,,,3.814540439765382,-137.15748011433348,-8.743305799229402,-13.407654596077126,28.58099233876603,-13.604655737070845,3.090994095,1.559940945,,,,95.0,2084,6.6,823042,686780,691458,802139,665877,691026,663457,701675,691023,53.9,,,,,,,,74,4,4-Seam Fastball,2,9,9,2,9,2,9,2,Infield shade,Standard,211,0.0,-0.086,,,,,0.086,,-7,7,0.001,0.999,26,26,26,27,1,4,4,4,2,1,1.22,0.99,-0.99,52.8,,,,,
FF,2026-07-23,95.0,-1.24,6.03,"Graceffo, Gordon",680728,700669,,ball,,,,,11,,R,L,R,STL,AZ,B,,,2,0,2026,-0.8,1.38,-0.8531992494451638,3.4746625569896894,,,,0,9,Top,,,,,,,2.8327000922263936,-138.30422874965728,-4.040680757168252,-10.90367941229686,29.27539943594464,-13.774682443728745,3.090994095,1.559940945,,,,95.4,1944,6.4,823042,686780,691458,802139,665877,691026,663457,701675,691023,54.09,,,,,,,,74,3,4-Seam Fastball,2,9,9,2,9,2,9,2,Infield shade,Standard,216,0.0,0.149,,,,,-0.149,,-7,7,0.001,0.999,26,26,26,27,1,4,4,4,2,1,1.14,0.8,-0.8,51.0,,,,,
CH,2026-07-23,89.0,-1.28,5.87,"Graceffo, Gordon",680728,700669,,ball,,,,,11,,R,L,R,STL,AZ,B,,,1,0,2026,-1.15,0.42,-0.9942671669727844,3.3142623140516787,,,,0,9,Top,,,,,,,3.156631269970983,-129.83859033072568,-1.0694934223668084,-13.721428776977422,22.382229504769683,-27.338196661966837,3.090994095,1.559940945,,,,90.3,1310,6.5,823042,686780,691458,802139,665877,691026,663457,701675,691023,53.96,,,,,,,,74,2,Changeup,2,9,9,2,9,2,9,2,Infield shade,Standard,244,0.0,0.082,,,,,-0.082,,-7,7,0.001,0.999,26,26,26,27,1,4,4,4,2,1,2.4,1.15,-1.15,48.5,,,,,
FF,2026-07-23,95.6,-1.2,6.09,"Graceffo, Gordon",680728,700669,,ball,,,,,11,,R,L,R,STL,AZ,B,,,0,0,2026,-0.69,1.2,-0.3097914216126937,3.8561542153766135,,,,0,9,Top,,,,,,,3.940136303681189,-139.2531587230821,-2.9264371267687266,-9.881902198115885,28.740180902880624,-16.0428185590193,3.090994095,1.559940945,,,,96.7,1925,6.7,823042,686780,691458,802139,665877,691026,663457,701675,691023,53.8,,,,,,,,74,1,4-Seam Fastball,2,9,9,2,9,2,9,2,Infield shade,Standard,211,0.0,0.043,,,,,-0.043,,-7,7,0.001,0.999,26,26,26,27,1,4,4,4,2,1,1.27,0.69,-0.69,53.4,,,,,
SI,2026-07-23,95.4,-0.95,6.03,"Clarke, Taylor",665877,664199,field_out,hit_into_play,,,,,2,José Fermín pops out to first baseman Tyler Locklear.,R,R,R,STL,AZ,X,3,popup,0,0,2026,-1.51,1.26,-0.0184985635747556,2.838247354267227,,,,2,8,Bot,147.25,179.55,,,,,5.873564243129782,-138.8107421136233,-5.449305014689548,-20.883344364964117,31.64051822269572,-14.799739754760536,3.137508202,1.583415354,82,67.4,70,95.3,2462,6.3,823042,672515,682988,545121,571448,672695,596146,694374,682998,54.2,0.001,0.0,0.0,1,0,0,3,73,1,Sinker,2,9,2,9,9,2,2,9,Standard,Standard,210,-0.001,-0.26,67.7,7.0,,0.001,0.26,88.0,-7,-7,0.002,0.002,33,27,33,27,1,3,2,1,2,2,1.24,1.51,1.51,42.1,7.346722411514846,4.393608979145951,29.16438818321819,35.34696478651682,22.958167916387517
SI,2026-07-23,95.3,-0.97,6.03,"Clarke, Taylor",691026,664199,field_out,hit_into_play,,,,,4,Masyn Winn flies out to right fielder Corbin Carroll.,R,R,R,STL,AZ,X,9,fly_ball,2,0,2026,-1.48,1.26,-0.3924316484295895,2.6023067638217037,,,,1,8,Bot,202.18,115.19,,,,,4.88673400376498,-138.5557034298826,-5.998757892888195,-20.194389942063932,32.10941387824827,-14.791440499307551,3.081340223,1.555068898,281,86.6,38,95.0,2495,6.2,823042,672515,682988,545121,571448,672695,596146,694374,682998,54.27,0.011,0.014,0.0,1,0,0,3,72,3,Sinker,2,9,2,9,9,2,2,9,Standard,Standard,213,-0.002,-0.379,69.8,6.6,,0.023,0.379,88.0,-7,-7,0.004,0.004,33,24,33,24,1,3,2,1,2,1,1.26,1.48,1.48,44.7,3.167849773452325,14.616846105069197,24.5707900172041,31.384580366486347,26.865506369952165
SL,2026-07-23,88.0,-0.99,6.03,"Clarke, Taylor",691026,664199,,ball,,,,,11,,R,R,R,STL,AZ,B,,,1,0,2026,0.13,0.6,-0.5107600780570951,3.604560299795293,,,,1,8,Bot,,,,,,,0.8628042299831767,-128.33670119081796,-0.9440086146602508,1.3213526931152138,24.055928461369913,-25.52739968661577,3.081340223,1.555068898,,,,88.2,2264,6.1,823042,672515,682988,545121,571448,672695,596146,694374,682998,54.43,,,,,,,,72,2,Slider,2,9,2,9,9,2,2,9,Standard,Standard,164,0.001,0.076,,,,,-0.076,,-7,-7,0.003,0.003,33,24,33,24,1,3,2,1,2,1,2.31,-0.13,-0.13,42.5,,,,,
FC,2026-07-23,94.1,-0.83,6.16,"Clarke, Taylor",691026,664199,,ball,,,,,11,,R,R,R,STL,AZ,B,,,0,0,2026,-0.61,0.86,-0.1377879635226406,3.892621862923191,,,,1,8,Bot,,,,,,,3.1379714150049383,-137.04875424371502,-1.990254757661748,-8.370694202175887,28.528946742838773,-21.01437500438746,3.081340223,1.555068898,,,,94.2,2309,6.2,823042,672515,682988,545121,571448,672695,596146,694374,682998,54.34,,,,,,,,72,1,Cutter,2,9,2,9,9,2,2,9,Standard,Standard,197,0.0,0.041,,,,,-0.041,,-7,-7,0.003,0.003,33,24,33,24,1,3,2,1,2,1,1.69,0.61,0.61,48.1,,,,,
SL,2026-07-23,89.2,-0.92,6.05,"Clarke, Taylor",663457,664199,field_out,hit_into_play,,,,,5,Lars Nootbaar flies out to center fielder Tim Tawa.,R,L,R,STL,AZ,X,8,fly_ball,0,1,2026,0.39,0.58,0.2044423359307795,2.245496774507032,,,,0,8,Bot,88.48,54.36,,,,,1.9088389613176784,-129.86218091990284,-4.354821334778482,3.975423369788007,26.63770911723034,-24.962130693989756,3.259498032,1.644980315,369,98.7,35,89.1,2225,6.2,823042,672515,682988,545121,571448,672695,596146,694374,682998,54.33,0.286,0.538,0.0,1,0,0,5,71,2,Slider,2,9,2,9,9,2,2,9,Infield shade,Standard,181,-0.002,-0.218,75.4,7.3,,1.039,0.218,98.7,-7,-7,0.005,0.005,33,28,33,29,1,3,2,2,2,1,2.28,-0.39,0.39,49.7,11.38605266469806,-2.50351045326739,31.448395215092265,34.00117297264015,34.209598369715806
SI,2026-07-23,94.4,-0.97,5.99,"Clarke, Taylor",663457,664199,,called_strike,,,,,3,,R,L,R,STL,AZ,S,,,0,0,2026,-1.24,0.79,0.2992953973681918,3.1226980037527436,,,,0,8,Bot,,,,,,,6.0580257813379,-137.48503430767423,-3.418654708843779,-17.08701729307108,28.28751001846861,-21.60222126997323,3.259498032,1.644980315,,,,94.7,2126,6.2,823042,672515,682988,545121,571448,672695,596146,694374,682998,54.25,,,,,,,,71,1,Sinker,2,9,2,9,9,2,2,9,Infield shade,Standard,212,0.0,-0.042,,,,,0.042,,-7,-7,0.005,0.005,33,28,33,29,1,3,2,2,2,1,1.75,1.24,-1.24,44.1,,,,,
FC,2026-07-23,91.5,-1.83,5.34,"Svanson, Matt",596146,694335,field_out,hit_into_play,,,,,3,Max Kepler pops out to third baseman José Fermín in foul territory.,R,L,R,STL,AZ,X,5,popup,2,2,2026,0.18,0.53,0.3999459291853403,3.061981466040974,571448,672695,672515,2,8,Top,78.3,172.33,,,,,5.2102046588978626,-133.31745693350294,-0.9123201198390104,1.1391286615221925,27.020580095874045,-25.88144022553563,3.376222113,1.703887795,138,63.8,63,92.9,2364,6.9,823042,686780,691458,802139,665877,691026,663457,701675,691023,53.58,0.003,0.003,0.0,1,0,0,3,70,5,Cutter,2,9,9,2,9,2,9,2,Strategic,Standard,193,0.001,-0.202,67.3,6.5,,0.003,0.202,88.0,-7,7,0.004,0.996,27,33,27,33,1,4,2,1,3,1,2.18,-0.18,0.18,26.9,0.3060735738552523,2.171400096024729,28.90159356755451,32.83167057074913,28.13931287393047
FC,2026-07-23,90.5,-1.95,5.37,"Svanson, Matt",596146,694335,,called_strike,,,,,1,,R,L,R,STL,AZ,S,,,2,1,2026,0.36,0.38,-0.6390676921854648,2.876237462445078,571448,672695,672515,2,8,Top,,,,,,,2.475483530450386,-131.962305256504,-0.9793515566472976,3.768915951852188,25.984138123733334,-27.75457466453627,3.376222113,1.703887795,,,,91.6,2269,6.7,823042,686780,691458,802139,665877,691026,663457,701675,691023,53.81,,,,,,,,70,4,Cutter,2,9,9,2,9,2,9,2,Standard,Standard,164,0.0,-0.095,,,,,0.095,,-7,7,0.004,0.996,27,33,27,33,1,4,2,1,3,1,2.38,-0.36,0.36,26.7,,,,,
SI,2026-07-23,94.6,-1.75,5.37,"Svanson, Matt",596146,694335,,ball,,,,,11,,R,L,R,STL,AZ,B,,,1,1,2026,-1.03,0.46,-0.2365526796114243,4.224401824416373,571448,672695,672515,2,8,Top,,,,,,,6.283524087256597,-137.7330944680144,1.7688315253955649,-14.541519318660882,29.080773770076036,-26.909372883998888,3.376222113,1.703887795,,,,95.4,2153,6.6,823042,686780,691458,802139,665877,691026,663457,701675,691023,53.89,,,,,,,,70,3,Sinker,2,9,9,2,9,2,9,2,Standard,Standard,221,0.0,0.061,,,,,-0.061,,-7,7,0.004,0.996,27,33,27,33,1,4,2,1,3,1,2.08,1.03,-1.03,26.9,,,,,
ST,2026-07-23,84.7,-1.8,5.5,"Svanson, Matt",596146,694335,,foul,,,,,14,,R,L,R,STL,AZ,S,,,1,0,2026,0.95,-0.05,0.8310191295686282,2.0292099305807745,571448,672695,672515,2,8,Top,,,,,,,4.142665633987042,-123.31194904723156,-1.3682024902285623,8.755481865380764,27.08730303567733,-32.658551265845624,3.376222113,1.703887795,151,85.9,71,84.6,2235,6.4,823042,686780,691458,802139,665877,691026,663457,701675,691023,54.06,,,,,,,,70,2,Sweeper,2,9,9,2,9,2,9,2,Standard,Standard,67,0.0,-0.042,78.5,8.8,,,0.042,88.0,-7,7,0.004,0.996,27,33,27,33,1,4,2,1,3,1,3.26,-0.95,0.95,27.4,26.89029931998792,-42.21451580741245,34.73504269361394,29.993406672645996,53.28694928821986
FC,2026-07-23,91.5,-1.77,5.32,"Svanson, Matt",596146,694335,,ball,,,,,14,,R,L,R,STL,AZ,B,,,0,0,2026,0.28,0.42,0.8300842414514701,1.4895157601732814,571448,672695,672515,2,8,Top,,,,,,,5.92383329187692,-133.19481526777707,-4.569211848485529,2.075047979638757,27.56525224384771,-26.34469867031932,3.376222113,1.703887795,,,,92.5,2345,6.8,823042,686780,691458,802139,665877,691026,663457,701675,691023,53.7,,,,,,,,70,1,Cutter,2,9,9,2,9,2,9,2,Standard,Standard,198,0.0,0.026,,,,,-0.026,,-7,7,0.004,0.996,27,33,27,33,1,4,2,1,3,1,2.29,-0.28,0.28,26.2,,,,,
SI,2026-07-23,97.1,-1.5,5.38,"Svanson, Matt",672515,694335,single,hit_into_play,,,,,6,Gabriel Moreno singles on a line drive to right fielder Jordan Walker. Tyler Locklear scores. Nolan Arenado to 3rd. Geraldo Perdomo to 2nd.,R,R,R,STL,AZ,X,9,line_drive,0,1,2026,-0.94,0.51,0.3253591357575842,2.1117575782476736,682988,571448,672695,2,8,Top,170.88,113.46,,,,,7.079855145897781,-141.35014190109345,-4.300277674380773,-14.148876498073694,29.29159596857415,-24.56791804948932,3.071686352,1.55019685,149,92.4,9,98.5,2199,6.9,823042,686780,691458,802139,665877,691026,663457,701675,691023,53.64,0.626,0.58,0.9,1,1,0,4,69,2,Sinker,2,8,8,2,9,2,9,2,Standard,Standard,224,-0.004,0.577,71.9,6.6,,0.704,-0.577,92.4,-6,6,0.008,0.992,27,26,27,26,1,4,2,1,3,1,1.89,0.94,0.94,28.5,0.6209027728219796,16.219482654966853,36.97610291060753,38.86914868639903,24.955371275888744
FC,2026-07-23,91.0,-1.87,5.42,"Svanson, Matt",672515,694335,,called_strike,,,,,5,,R,R,R,STL,AZ,S,,,0,0,2026,0.45,0.33,-0.2503156280454597,2.503742255888499,682988,571448,672695,2,8,Top,,,,,,,3.0616563914600334,-132.52622671286468,-1.980401998258567,4.680137615925174,27.250266483267374,-28.060934293452537,3.071686352,1.55019685,,,,92.0,2303,6.8,823042,686780,691458,802139,665877,691026,663457,701675,691023,53.74,,,,,,,,69,1,Cutter,2,8,8,2,8,2,8,2,Standard,Standard,164,0.0,-0.039,,,,,0.039,,-6,6,0.008,0.992,27,26,27,26,1,4,2,1,3,1,2.41,-0.45,-0.45,27.3,,,,,
SI,2026-07-23,95.0,-1.57,5.41,"Svanson, Matt",672695,694335,walk,ball,,,,,11,Geraldo Perdomo walks. Tyler Locklear to 3rd. Nolan Arenado to 2nd.,R,L,R,STL,AZ,B,,,3,1,2026,-0.77,0.61,-0.0576597887304243,3.616795214117981,,682988,571448,2,8,Top,,,,,,,5.733977785402561,-138.31060950686626,-0.3177925292175043,-11.172943662293132,29.214745938928935,-24.408487296188778,3.31742126,1.674212598,,,,96.4,2322,6.9,823042,686780,691458,802139,665877,691026,663457,701675,691023,53.56,,0.698492,0.7,1,0,0,,68,5,Sinker,2,8,8,2,8,2,8,2,Standard,Standard,222,-0.001,0.11,,,,,-0.11,,-6,6,0.009,0.991,27,26,27,27,1,4,2,1,3,1,1.9,0.77,-0.77,27.5,,,,,
SI,2026-07-23,95.7,-1.54,5.42,"Svanson, Matt",672695,694335,,called_strike,,,,,9,,R,L,R,STL,AZ,S,,,3,0,2026,-1.02,0.6,0.4608597113540376,1.9655073386353312,,682988,571448,2,8,Top,,,,,,,7.607290308302364,-139.20666902876317,-4.716240672778886,-14.934475413546606,30.472970283508555,-23.47196885475606,3.31742126,1.674212598,,,,96.6,2313,6.8,823042,686780,691458,802139,665877,691026,663457,701675,691023,53.73,,,,,,,,68,4,Sinker,2,8,8,2,8,2,8,2,Standard,Standard,221,0.001,-0.047,,,,,0.047,,-6,6,0.008,0.992,27,26,27,27,1,4,2,1,3,1,1.88,1.02,-1.02,26.5,,,,,
FC,2026-07-23,92.3,-1.6,5.38,"Svanson, Matt",672695,694335,,ball,,,,,14,,R,L,R,STL,AZ,B,,,2,0,2026,0.34,0.49,1.6678422288373789,2.047809858598357,,682988,571448,2,8,Top,,,,,,,7.500688867316522,-134.24466119952552,-3.554219727713193,2.497492176080212,29.522803430189427,-25.623986709279848,3.31742126,1.674212598,,,,93.1,2234,6.8,823042,686780,691458,802139,665877,691026,663457,701675,691023,53.69,,,,,,,,68,3,Cutter,2,8,8,2,8,2,8,2,Standard,Standard,204,-0.001,0.059,,,,,-0.059,,-6,6,0.009,0.991,27,26,27,27,1,4,2,1,3,1,2.19,-0.34,0.34,27.6,,,,,
FC,2026-07-23,91.4,-1.85,5.4,"Svanson, Matt",672695,694335,,ball,,,,,12,,R,L,R,STL,AZ,B,,,1,0,2026,0.45,0.54,0.6774874614952886,3.5032235576997293,,682988,571448,2,8,Top,,,,,,,5.3436530855940845,-133.0300497494394,0.1089272151515955,4.074174099845828,29.77596843989883,-26.027836690181513,3.31742126,1.674212598,,,,91.9,2259,6.7,823042,686780,691458,802139,665877,691026,663457,701675,691023,53.83,,,,,,,,68,2,Cutter,2,8,8,2,8,2,8,2,Standard,Standard,182,0.0,0.031,,,,,-0.031,,-6,6,0.009,0.991,27,26,27,27,1,4,2,1,3,1,2.2,-0.45,0.45,26.9,,,,,
ST,2026-07-23,85.6,-1.75,5.5,"Svanson, Matt",672695,694335,,ball,,,,,14,,R,L,R,STL,AZ,B,,,0,0,2026,1.24,-0.02,1.0526413677013235,1.8925976500380348,,682988,571448,2,8,Top,,,,,,,4.000490862472857,-124.60151148979745,-1.8866636983763048,11.82625199604401,28.696080927890005,-32.223360415237025,3.31742126,1.674212598,,,,85.5,2245,6.5,823042,686780,691458,802139,665877,691026,663457,701675,691023,53.99,,,,,,,,68,1,Sweeper,2,8,8,2,8,2,8,2,Standard,Standard,75,0.0,0.03,,,,,-0.03,,-6,6,0.009,0.991,27,26,27,27,1,4,2,1,3,1,3.17,-1.24,1.24,29.9,,,,,
SI,2026-07-23,96.5,-1.71,5.33,"Svanson, Matt",682998,694335,sac_fly,hit_into_play,,,,,5,Corbin Carroll out on a sacrifice fly to left fielder Lars Nootbaar. Ildemaro Vargas scores.,R,L,R,STL,AZ,X,7,fly_ball,3,2,2026,-1.22,0.39,-0.1175978850532546,2.1716334728882987,545121,682988,571448,1,8,Top,68.66,74.16,,,,,7.081100875974556,-140.49355664302118,-3.602687914672202,-17.781457447942778,29.559909469957766,-26.4629810359541,3.10328084,1.566141732,340,97.3,34,97.7,2236,6.8,823042,686780,691458,802139,665877,691026,663457,701675,691023,53.71,,0.375,0.0,1,0,0,5,67,10,Sinker,2,7,7,2,8,2,8,2,Standard,Standard,225,-0.001,-0.214,76.8,7.1,,,0.214,97.3,-5,5,0.01,0.99,27,25,27,26,1,4,2,1,3,1,2.05,1.22,-1.22,26.8,7.6445289984891165,7.399341332266145,26.32300347979268,40.72220328885567,30.346450004240097
SI,2026-07-23,96.7,-1.56,5.33,"Svanson, Matt",682998,694335,,foul,,,,,4,,R,L,R,STL,AZ,S,,,3,2,2026,-1.1,0.67,-0.7844671275921973,2.456310474267286,545121,682988,571448,1,8,Top,,,,,,,4.665210485682554,-140.90641049178006,-3.5848095839543723,-15.785635009658977,28.39230003649481,-22.63714696349605,3.10328084,1.566141732,157,82.7,12,98.4,2302,6.9,823042,686780,691458,802139,665877,691026,663457,701675,691023,53.61,,,,,,,,67,9,Sinker,2,7,7,2,7,2,7,2,Standard,Standard,220,0.0,0.0,72.8,6.7,,,0.0,88.0,-5,5,0.01,0.99,27,25,27,26,1,4,2,1,3,1,1.74,1.1,-1.1,26.7,-0.8654821863745762,26.203110789666948,23.199461945587593,47.53268919740483,18.400171409399128
FC,2026-07-23,91.1,-1.67,5.43,"Svanson, Matt",682998,694335,,foul,,,,,6,,R,L,R,STL,AZ,S,,,3,2,2026,0.29,0.36,0.6049876243976128,2.520245143980501,545121,682988,571448,1,8,Top,,,,,,,5.044684377024614,-132.57866304146083,-2.0169452368635095,2.4157005842794246,27.977735535322495,-27.750613128937356,3.10328084,1.566141732,360,100.2,30,91.9,2277,6.8,823042,686780,691458,802139,665877,691026,663457,701675,691023,53.74,,,,,,,,67,8,Cutter,2,7,7,2,7,2,7,2,Standard,Standard,192,0.0,0.0,76.2,7.9,,,0.0,100.2,-5,5,0.01,0.99,27,25,27,26,1,4,2,1,3,1,2.39,-0.29,0.29,32.1,19.21322720972936,-19.855315378214367,25.36706285821139,32.235136939905814,42.877660418898714
FC,2026-07-23,92.3,-1.7,5.37,"Svanson, Matt",682998,694335,,foul,,,,,9,,R,L,R,STL,AZ,S,,,3,2,2026,0.42,0.5,0.4593501760387272,1.760262966963689,545121,682988,571448,1,8,Top,,,,,,,4.523829217853897,-134.39603396621368,-4.285987228132387,4.1376361201942995,29.728942289332892,-25.341768638156847,3.10328084,1.566141732,122,73.9,74,93.3,2231,6.9,823042,686780,691458,802139,665877,691026,663457,701675,691023,53.61,,,,,,,,67,7,Cutter,2,7,7,2,7,2,7,2,Standard,Standard,195,0.0,0.0,75.8,7.3,,,0.0,88.0,-5,5,0.01,0.99,27,25,27,26,1,4,2,1,3,1,2.17,-0.42,0.42,27.7,8.075918391650465,1.6735761540290326,31.435579322085236,34.02342860530073,34.42599243255939
SI,2026-07-23,96.5,-1.64,5.36,"Svanson, Matt",682998,694335,,ball,,,,,11,,R,L,R,STL,AZ,B,,,2,2,2026,-1.01,0.79,-0.1147411363137046,3.8739235523225215,545121,682988,571448,1,8,Top,,,,,,,6.405294575897881,-140.54071462676345,-0.0963141921902848,-14.76928425554654,30.209462844552295,-21.849339751903234,3.10328084,1.566141732,,,,97.6,2143,6.8,823042,686780,691458,802139,665877,691026,663457,701675,691023,53.74,,,,,,,,67,6,Sinker,2,7,7,2,7,2,7,2,Standard,Standard,224,-0.002,0.093,,,,,-0.093,,-5,5,0.012,0.988,27,25,27,26,1,4,2,1,3,1,1.64,1.01,-1.01,25.5,,,,,
ST,2026-07-23,85.4,-1.66,5.5,"Svanson, Matt",682998,694335,,ball,,,,,2,,R,L,R,STL,AZ,B,,,1,2,2026,1.11,0.15,0.2518119061260382,3.222666161334194,545121,682988,571448,1,8,Top,,,,,,,2.1742090064372004,-124.48714474710415,0.7710137568899347,11.200533675830286,23.69112819610347,-30.981110060401825,3.10328084,1.566141732,,,,86.3,2251,6.7,823042,686780,691458,802139,665877,691026,663457,701675,691023,53.84,,,,,,,,67,5,Sweeper,2,7,7,2,7,2,7,2,Standard,Standard,68,0.0,0.055,,,,,-0.055,,-5,5,0.012,0.988,27,25,27,26,1,4,2,1,3,1,2.95,-1.11,1.11,28.6,,,,,
FC,2026-07-23,93.6,-1.77,5.35,"Svanson, Matt",682998,694335,,foul,,,,,3,,R,L,R,STL,AZ,S,,,1,2,2026,0.22,0.8,0.4560030302671469,2.709684727304195,545121,682988,571448,1,8,Top,,,,,,,5.212373578999628,-136.36161383241617,-2.7457724465609465,1.6674056408072029,27.78345834701672,-21.77558483729028,3.10328084,1.566141732,180,73.5,18,94.7,2491,6.7,823042,686780,691458,802139,665877,691026,663457,701675,691023,53.83,,,,,,,,67,4,Cutter,2,7,7,2,7,2,7,2,Standard,Standard,188,0.0,0.0,75.0,6.5,,,0.0,88.0,-5,5,0.012,0.988,27,25,27,26,1,4,2,1,3,1,1.78,-0.22,0.22,25.6,2.278962350714336,12.48780610190707,25.540443203372725,33.9476321260413,28.241176687373898
SI,2026-07-23,96.6,-1.5,5.43,"Svanson, Matt",682998,694335,,called_strike,,,,,2,,R,L,R,STL,AZ,S,,,1,1,2026,-1.18,0.56,0.1651581823868388,3.035471174018962,545121,682988,571448,1,8,Top,,,,,,,7.20005358794962,-140.56720239232786,-1.9383108109647684,-17.339642839953257,32.545232312857856,-24.48376407729304,3.10328084,1.566141732,,,,97.5,2333,6.9,823042,686780,691458,802139,665877,691026,663457,701675,691023,53.63,,,,,,,,67,3,Sinker,2,7,7,2,7,2,7,2,Standard,Standard,222,0.001,-0.086,,,,,0.086,,-5,5,0.011,0.989,27,25,27,26,1,4,2,1,3,1,1.88,1.18,-1.18,28.1,,,,,
SI,2026-07-23,97.4,-1.7,5.33,"Svanson, Matt",682998,694335,,foul,,,,,1,,R,L,R,STL,AZ,S,,,1,0,2026,-1.19,0.66,-0.3368769174040698,2.633952283089177,545121,682988,571448,1,8,Top,,,,,,,6.446958967886623,-141.65037178748142,-3.079724168645005,-17.536482953323535,32.71025565593041,-22.799517493603062,3.10328084,1.566141732,158,85.8,75,98.2,2394,6.8,823042,686780,691458,802139,665877,691026,663457,701675,691023,53.72,,,,,,,,67,2,Sinker,2,7,7,2,7,2,7,2,Standard,Standard,222,0.001,-0.05,82.2,7.6,,,0.05,88.0,-5,5,0.01,0.99,27,25,27,26,1,4,2,1,3,1,1.75,1.19,-1.19,26.7,13.267952657760327,2.439374165575576,22.432961330198847,43.40734483527525,30.25450215187849
FC,2026-07-23,92.4,-1.79,5.4,"Svanson, Matt",682998,694335,,ball,,,,,11,,R,L,R,STL,AZ,B,,,0,0,2026,0.4,0.72,-0.7154885947714977,4.223286775410227,545121,682988,571448,1,8,Top,,,,,,,1.8251632254405767,-134.54286915020597,1.41459114656308,4.4018216678727455,31.46246580275752,-24.098264440136266,3.10328084,1.566141732,,,,92.1,2246,6.2,823042,686780,691458,802139,665877,691026,663457,701675,691023,54.25,,,,,,,,67,1,Cutter,2,7,7,2,7,2,7,2,Standard,Standard,185,-0.001,0.03,,,,,-0.03,,-5,5,0.011,0.989,27,25,27,26,1,4,2,1,3,1,1.97,-0.4,0.4,26.8,,,,,
FC,2026-07-23,92.0,-1.67,5.47,"Svanson, Matt",571448,694335,single,hit_into_play,,,,,5,Nolan Arenado singles on a line drive to right fielder Jordan Walker. Tim Tawa scores. Ildemaro Vargas to 3rd. Tyler Locklear to 2nd.,R,R,R,STL,AZ,X,9,line_drive,3,2,2026,0.07,0.23,0.2500102055171712,2.59357743608287,694374,545121,682988,1,8,Top,173.79,121.81,,,,,4.712793364990718,-133.95142096915257,-1.7561175690957995,-0.2553057078359128,30.16145248127107,-29.26344089688034,3.277050525,1.653838583,182,69.0,20,92.9,2337,6.9,823042,686780,691458,802139,665877,691026,663457,701675,691023,53.64,0.834,0.751,0.9,1,1,0,4,66,7,Cutter,2,6,6,2,7,2,7,2,Standard,Standard,170,-0.009,0.406,70.1,7.4,,0.868,-0.406,88.0,-4,4,0.02,0.98,27,35,27,35,1,0,2,1,3,1,2.47,-0.07,-0.07,29.4,-3.844820103451174,16.190612716788568,31.52429206116055,41.67739373912351,20.326141613699363
SI,2026-07-23,95.8,-1.33,5.52,"Svanson, Matt",571448,694335,,ball,,,,,14,,R,R,R,STL,AZ,B,,,2,2,2026,-1.42,0.48,1.675782707897975,2.3432259099497057,694374,545121,682988,1,8,Top,,,,,,,11.204059958491396,-139.07290777886178,-3.6857907424512466,-21.01430812805493,31.510749691428508,-25.23561463638749,3.277050525,1.653838583,,,,96.6,2193,6.9,823042,686780,691458,802139,665877,691026,663457,701675,691023,53.62,,,,,,,,66,6,Sinker,2,6,6,2,6,2,6,2,Standard,Standard,226,-0.004,0.093,,,,,-0.093,,-4,4,0.024,0.976,27,35,27,35,1,0,2,1,3,1,2.01,1.42,1.42,30.8,,,,,
ST,2026-07-23,86.4,-1.72,5.61,"Svanson, Matt",571448,694335,,foul,,,,,3,,R,R,R,STL,AZ,S,,,2,2,2026,1.27,0.21,0.7977477461339824,2.918316038814306,694374,545121,682988,1,8,Top,,,,,,,3.2864323770604025,-125.8391212272729,-0.4200834167371309,12.726332947338047,26.69200083775704,-30.08583215718105,3.277050525,1.653838583,,,,86.4,2332,6.3,823042,686780,691458,802139,665877,691026,663457,701675,691023,54.16,,,,,,,,66,5,Sweeper,2,6,6,2,6,2,6,2,Standard,Standard,68,0.0,0.0,71.2,8.3,,,0.0,,-4,4,0.024,0.976,27,35,27,35,1,0,2,1,3,1,2.85,-1.27,-1.27,30.9,7.893045436302305,-3.782725104746451,29.9202232038706,48.44512083646979,27.83018079542646
ST,2026-07-23,86.1,-1.6,5.58,"Svanson, Matt",571448,694335,,swinging_strike,,,,,12,,R,R,R,STL,AZ,S,,,2,1,2026,0.96,0.45,0.2555742339007497,3.456591756026929,694374,545121,682988,1,8,Top,,,,,,,2.356125685077094,-125.32949799411696,0.5002744723444597,9.547902092027536,27.511859769990867,-27.788004784161675,3.277050525,1.653838583,,,,86.0,2314,6.4,823042,686780,691458,802139,665877,691026,663457,701675,691023,54.09,,,,,,,,66,4,Sweeper,2,6,6,2,6,2,6,2,Standard,Standard,76,0.003,-0.085,72.3,7.6,0.482669088,,0.085,,-4,4,0.021,0.979,27,35,27,35,1,0,2,1,3,1,2.64,-0.96,-0.96,31.7,8.265554663820872,1.9037342510101796,25.82945687179982,41.694526564050776,28.321839570715532
SI,2026-07-23,95.5,-1.65,5.46,"Svanson, Matt",571448,694335,,foul,,,,,5,,R,R,R,STL,AZ,S,,,2,0,2026,-1.12,0.4,-0.0043556215367297,2.2301594600068735,694374,545121,682988,1,8,Top,,,,,,,6.931931975789465,-138.93471337190948,-3.61784703669738,-16.038274697493417,31.52946037862589,-26.35094326258749,3.277050525,1.653838583,6,94.9,-22,96.6,2177,6.9,823042,686780,691458,802139,665877,691026,663457,701675,691023,53.57,,,,,,,,66,3,Sinker,2,6,6,2,6,2,6,2,Standard,Standard,222,0.002,-0.052,74.1,8.5,,,0.052,94.9,-4,4,0.019,0.981,27,35,27,35,1,0,2,1,3,1,2.1,1.12,1.12,29.9,13.25867204259322,-8.593116709797354,35.05982722155955,37.86705550742711,34.911282938103426
SI,2026-07-23,96.8,-1.59,5.5,"Svanson, Matt",571448,694335,,ball,,,,,11,,R,R,R,STL,AZ,B,,,1,0,2026,-1.24,0.5,-1.11959793265274,3.0998049060089565,694374,545121,682988,1,8,Top,,,,,,,4.153268712799908,-140.8614538661044,-1.8235169840325136,-17.437506571255124,33.17415012320691,-25.264107499056124,3.277050525,1.653838583,,,,97.5,2267,6.7,823042,686780,691458,802139,665877,691026,663457,701675,691023,53.75,,,,,,,,66,2,Sinker,2,6,6,2,6,2,6,2,Standard,Standard,221,-0.002,0.055,,,,,-0.055,,-4,4,0.021,0.979,27,35,27,35,1,0,2,1,3,1,1.94,1.24,1.24,26.9,,,,,
ST,2026-07-23,86.7,-1.72,5.62,"Svanson, Matt",571448,694335,,ball,,,,,14,,R,R,R,STL,AZ,B,,,0,0,2026,0.87,0.43,1.214302044015489,2.3643567610253178,694374,545121,682988,1,8,Top,,,,,,,5.140351982508172,-126.11984762069449,-2.2576560389144817,8.168633741177572,26.585641131015095,-27.3141249254359,3.277050525,1.653838583,,,,86.9,2398,6.5,823042,686780,691458,802139,665877,691026,663457,701675,691023,53.99,,,,,,,,66,1,Sweeper,2,6,6,2,6,2,6,2,Strategic,Standard,77,-0.001,0.03,,,,,-0.03,,-4,4,0.022,0.978,27,35,27,35,1,0,2,1,3,1,2.61,-0.87,-0.87,29.7,,,,,
FC,2026-07-23,91.3,-1.6,5.53,"Svanson, Matt",682988,694335,single,hit_into_play,,,,,5,Tyler Locklear singles on a line drive to center fielder Nathan Church. Adrian Del Castillo scores. Tim Tawa to 3rd. Ildemaro Vargas to 2nd.,R,R,R,STL,AZ,X,8,line_drive,0,0,2026,-0.16,0.13,-0.2187423596226718,2.414098893200043,680728,694374,545121,1,8,Top,120.52,100.42,,,,,3.8056869001873657,-132.98027180190823,-2.047387637224351,-2.661651682102676,28.77173609863406,-30.439352540348075,3.283193898,1.656938976,172,84.6,12,92.1,2157,6.8,823042,686780,691458,802139,665877,691026,663457,701675,691023,53.75,0.611,0.581,0.9,1,1,0,4,65,1,Cutter,2,5,5,2,6,2,6,2,Strategic,Standard,164,-0.023,0.448,74.0,7.0,,0.707,-0.448,88.0,-3,3,0.045,0.955,27,25,27,26,1,3,2,1,3,1,2.6,0.16,0.16,28.9,5.882961869427364,1.9445067674479952,31.79271043554775,40.10151577262452,27.322466605611112
SI,2026-07-23,95.7,-1.67,5.43,"Svanson, Matt",545121,694335,single,hit_into_play,,,,,2,Ildemaro Vargas singles on a line drive to left fielder Lars Nootbaar. Adrian Del Castillo to 3rd. Tim Tawa to 2nd.,R,L,R,STL,AZ,X,7,line_drive,0,0,2026,-1.26,0.73,0.0497171620502356,2.705688983633107,,680728,694374,1,8,Top,67.68,126.59,,,,,7.448125113158299,-139.2056988211285,-3.066527443157429,-18.014033763177466,32.008544567782835,-22.24574143523658,3.161204068,1.595374016,178,89.5,9,96.7,2098,6.9,823042,686780,691458,802139,665877,691026,663457,701675,691023,53.59,0.546,0.516,0.9,1,1,0,4,64,1,Sinker,2,5,5,2,5,2,5,2,Standard,Standard,223,-0.016,0.473,67.7,6.2,,0.639,-0.473,89.5,-3,3,0.061,0.939,27,34,27,35,1,3,2,1,3,2,1.77,1.26,-1.26,28.8,-10.693781068657133,21.828936543622262,24.75487047215793,32.03557100303362,12.88563548478076
FC,2026-07-23,92.1,-1.54,5.48,"Svanson, Matt",694374,694335,walk,ball,,,,,14,Tim Tawa walks.,R,R,R,STL,AZ,B,,,3,2,2026,0.22,0.49,1.9585314401336151,0.8844625027173123,,680728,,1,8,Top,,,,,,,8.360501078075101,-133.88669981258118,-6.749516071547159,1.0221715227314316,26.617232312036652,-25.09024002475937,3.162959318,1.596259843,,,,93.2,2374,6.8,823042,686780,691458,802139,665877,691026,663457,701675,691023,53.67,,0.698492,0.7,1,0,0,,63,6,Cutter,2,5,5,2,5,2,5,2,Standard,Standard,204,-0.003,0.209,,,,,-0.209,,-3,3,0.064,0.936,27,27,27,27,1,3,2,1,3,1,2.19,-0.22,-0.22,30.0,,,,,
ST,2026-07-23,87.0,-1.64,5.6,"Svanson, Matt",694374,694335,,ball,,,,,14,,R,R,R,STL,AZ,B,,,2,2,2026,0.95,-0.01,1.7266354869501117,0.9823893299523818,,680728,,1,8,Top,,,,,,,6.016925449359572,-126.52655525814228,-4.593381922014433,8.739960386321261,28.25121190848093,-31.463974110374213,3.162959318,1.596259843,,,,87.2,2289,6.6,823042,686780,691458,802139,665877,691026,663457,701675,691023,53.86,,,,,,,,63,5,Sweeper,2,5,5,2,5,2,5,2,Standard,Standard,66,-0.003,0.079,,,,,-0.079,,-3,3,0.067,0.933,27,27,27,27,1,3,2,1,3,1,3.05,-0.95,-0.95,31.1,,,,,
FC,2026-07-23,91.7,-1.55,5.55,"Svanson, Matt",694374,694335,,foul_tip,,,,,6,,R,R,R,STL,AZ,S,,,2,1,2026,0.14,0.53,0.4980373268578662,2.49076488747624,,680728,,1,8,Top,,,,,,,4.843048232285073,-133.57428553651096,-2.891114382290637,0.6727860668594428,28.38968636673418,-25.377028367826135,3.162959318,1.596259843,,,,92.8,2198,6.9,823042,686780,691458,802139,665877,691026,663457,701675,691023,53.64,,,,,,,,63,4,Cutter,2,5,5,2,5,2,5,2,Standard,Standard,187,0.002,-0.078,72.6,7.7,,,0.078,,-3,3,0.065,0.935,27,27,27,27,1,3,2,1,3,1,2.17,-0.14,-0.14,29.7,19.314671476882936,-18.78442820349833,29.475879703310778,41.139970108161314,42.314820866164766
SI,2026-07-23,95.8,-1.59,5.53,"Svanson, Matt",694374,694335,,ball,,,,,11,,R,R,R,STL,AZ,B,,,1,1,2026,-1.46,0.76,-2.0328443202280293,2.751686293887631,,,680728,1,8,Top,,,,,,,2.212555645328333,-139.5044900484033,-3.296320980205303,-19.48519243255681,32.000429831310235,-21.685921360789504,3.162959318,1.596259843,,,,96.4,2251,6.7,823042,686780,691458,802139,665877,691026,663457,701675,691023,53.84,,,,,,,,63,3,Sinker,2,5,5,2,5,2,5,2,Standard,Standard,226,-0.006,0.065,,,,,-0.065,,-3,3,0.071,0.929,27,27,27,27,1,3,2,1,3,1,1.72,1.46,1.46,26.3,,,,,
ST,2026-07-23,85.5,-1.64,5.65,"Svanson, Matt",694374,694335,,called_strike,,,,,3,,R,R,R,STL,AZ,S,,,1,0,2026,1.33,0.19,0.5775115700478548,3.2489338632385976,,,680728,1,8,Top,,,,,,,2.4449151439687427,-124.50367945710651,0.4724221843901668,13.230991406211071,26.936170209818805,-30.54950566806017,3.162959318,1.596259843,,,,85.5,2358,6.5,823042,686780,691458,802139,665877,691026,663457,701675,691023,54.04,,,,,,,,63,2,Sweeper,2,5,5,2,5,2,5,2,Standard,Standard,71,0.001,-0.046,,,,,0.046,,-3,3,0.07,0.93,27,27,27,27,1,3,2,1,3,1,2.94,-1.33,-1.33,28.6,,,,,
ST,2026-07-23,84.6,-1.66,5.7,"Svanson, Matt",694374,694335,,ball,,,,,12,,R,R,R,STL,AZ,B,,,0,0,2026,1.21,0.23,0.4043342214990834,3.6365690732497704,,,680728,1,8,Top,,,,,,,2.3081664267838846,-123.1303244926995,1.331706772927904,11.654219043501785,27.147821028470503,-30.398600008902932,3.162959318,1.596259843,,,,84.5,2262,6.4,823042,686780,691458,802139,665877,691026,663457,701675,691023,54.06,,,,,,,,63,1,Sweeper,2,5,5,2,5,2,5,2,Standard,Standard,71,-0.001,0.036,,,,,-0.036,,-3,3,0.071,0.929,27,27,27,27,1,3,2,1,3,1,2.98,-1.21,-1.21,30.5,,,,,
ST,2026-07-23,77.9,3.49,4.75,"Bruihl, Justin",680728,677865,single,hit_into_play,,,,,13,Adrian Del Castillo singles on a ground ball to left fielder Lars Nootbaar. Gabriel Moreno scores.,R,L,L,STL,AZ,X,7,ground_ball,0,0,2026,-1.6,-0.11,-1.0759202874558584,2.0645306433821395,,672515,,1,8,Top,96.49,112.54,,,,,-6.744996558356115,-113.1927633077285,1.6852081210431276,-12.260537993150816,23.088745150803422,-33.748167795919514,3.090994095,1.559940945,105,73.4,9,78.3,2555,6.9,823042,686780,691458,802139,665877,691026,663457,701675,691023,53.56,0.271,0.252,0.9,1,1,0,2,62,1,Sweeper,2,4,4,2,5,2,5,2,Standard,Standard,307,-0.054,0.547,,,,0.297,-0.547,88.0,-2,2,0.125,0.875,29,26,29,27,1,3,5,4,3,1,3.92,-1.6,-1.6,28.8,,,,,
ST,2026-07-23,79.2,3.61,4.83,"Bruihl, Justin",596146,677865,field_out,hit_into_play,,,,,13,"Max Kepler grounds out, pitcher Justin Bruihl to first baseman Blaze Jordan.",R,L,L,STL,AZ,X,1,ground_ball,1,1,2026,-1.74,-0.1,-0.8909590026789125,2.3535912678203896,,672515,,0,8,Top,124.9,176.3,,,,,-6.4530894056734045,-114.99874248063612,1.953788872365164,-13.753387065037652,25.416885740465407,-33.76012812085419,3.376222113,1.703887795,6,63.3,-23,79.3,2463,6.9,823042,686780,691458,802139,665877,691026,663457,701675,691023,53.61,0.065,0.064,0.0,1,0,0,2,61,3,Sweeper,2,4,4,2,4,2,4,2,Standard,Standard,305,0.022,-0.182,66.7,7.5,,0.069,0.182,88.0,-2,2,0.103,0.897,29,33,29,33,1,3,5,1,3,1,3.81,-1.74,-1.74,22.2,12.25973346374628,-18.047103133631673,23.182064383805297,44.179587057668655,49.58236198061665
ST,2026-07-23,77.5,3.59,4.81,"Bruihl, Justin",596146,677865,,ball,,,,,12,,R,L,L,STL,AZ,B,,,0,1,2026,-1.62,-0.18,0.9880432944904688,2.9877408232794385,,672515,,0,8,Top,,,,,,,-2.4811411953262463,-112.71841925934152,3.68710537516776,-13.201933115543612,22.981022731151604,-34.72017372368356,3.376222113,1.703887795,,,,77.9,2406,6.8,823042,686780,691458,802139,665877,691026,663457,701675,691023,53.65,,,,,,,,61,2,Sweeper,2,4,4,2,4,2,4,2,Standard,Strategic,297,-0.002,0.013,,,,,-0.013,,-2,2,0.105,0.895,29,33,29,33,1,3,5,1,3,1,4.02,-1.62,-1.62,27.3,,,,,
SI,2026-07-23,91.0,3.52,4.8,"Bruihl, Justin",596146,677865,,foul_bunt,,,,,6,,R,L,L,STL,AZ,S,,,0,0,2026,1.56,0.1,0.343205369263023,2.31372648748185,,672515,,0,8,Top,,,,,,,-11.299803788824615,-131.95666781111373,-0.2371484879608243,20.717503246220783,31.52861562583063,-31.217240044737025,3.376222113,1.703887795,,,,90.8,2183,6.7,823042,686780,691458,802139,665877,691026,663457,701675,691023,53.84,,,,,,,,61,1,Sinker,2,4,4,2,4,2,4,2,Standard,Standard,115,0.003,-0.036,19.9,2.3,,,0.036,88.0,-2,2,0.102,0.898,29,33,29,33,1,3,5,1,3,1,2.7,1.56,1.56,23.7,-41.72170287058124,-14.150348336124296,35.21184347503084,33.85368055672204,34.116766672754494
SI,2026-07-23,89.9,3.56,4.85,"Bruihl, Justin",672515,677865,double,hit_into_play,,,,,5,Gabriel Moreno doubles (16) on a sharp line drive to left fielder Lars Nootbaar.,R,R,L,STL,AZ,X,7,line_drive,1,0,2026,1.45,0.21,0.1822886096207283,2.044266117831786,,,,0,8,Top,77.5,51.98,,,,,-11.43168491318691,-130.4160208682653,-1.2000734293660908,18.965588911933608,26.873788805418805,-29.764433799855823,3.071686352,1.55019685,381,107.2,21,90.3,2099,6.7,823042,686780,691458,802139,665877,691026,663457,701675,691023,53.83,0.851,1.349,1.25,1,1,1,6,60,2,Sinker,2,4,4,2,4,2,4,2,Standard,Standard,115,-0.034,0.664,77.7,7.3,,2.403,-0.664,107.2,-2,2,0.136,0.864,29,26,29,26,1,3,5,1,3,1,2.63,1.45,-1.45,21.4,10.389844646779052,1.682481968742162,36.316647372439654,36.88256837812892,40.46128409667123
ST,2026-07-23,76.6,3.48,4.94,"Bruihl, Justin",672515,677865,,ball,,,,,12,,R,R,L,STL,AZ,B,,,0,0,2026,-1.66,0.15,1.2927969937350727,2.6605216649927863,,,,0,8,Top,,,,,,,-1.500370936915174,-111.53917884517774,2.185558119446318,-13.49964347230547,21.989294079836007,-31.591441062064217,3.071686352,1.55019685,,,,77.0,2531,6.7,823042,686780,691458,802139,665877,691026,663457,701675,691023,53.76,,,,,,,,60,1,Sweeper,2,4,4,2,4,2,4,2,Standard,Standard,300,-0.002,0.043,,,,,-0.043,,-2,2,0.138,0.862,29,26,29,26,1,3,5,1,3,1,3.76,-1.66,1.66,30.9,,,,,
ST,2026-07-23,86.7,1.69,5.5,"Garcia, Brandyn",676475,805299,field_out,hit_into_play,,,,,13,"Alec Burleson grounds out, second baseman Ildemaro Vargas to first baseman Tyler Locklear.",R,L,L,STL,AZ,X,4,ground_ball,0,1,2026,-0.98,0.0,-0.2470005395476177,0.6528262350142713,,,691023,2,7,Bot,156.37,152.19,,,,,-2.50417742565024,-126.1377508661176,-5.032544810718859,-9.845600703460146,27.001645969248308,-31.36224287380174,3.215616798,1.622834646,3,84.6,-11,85.2,2584,5.4,823042,672515,682988,545121,694374,672695,596146,814439,682998,55.05,0.083,0.075,0.0,1,0,0,2,59,2,Sweeper,2,4,2,4,4,2,2,4,Standard,Standard,286,-0.032,-0.235,69.9,8.1,,0.1,0.235,88.0,-2,-2,0.17,0.17,26,27,26,28,1,3,3,1,3,1,3.05,-0.98,-0.98,15.6,6.099047124965377,3.261361578630132,46.00292623174674,34.57942499566954,32.49598968362414
ST,2026-07-23,88.2,1.71,5.53,"Garcia, Brandyn",676475,805299,,swinging_strike,,,,,13,,R,L,L,STL,AZ,S,,,0,0,2026,-0.89,0.25,-0.936970035256414,1.4132312773327995,,,691023,2,7,Bot,,,,,,,-4.426301183710257,-128.34331315518773,-4.138170506638428,-8.77288012128187,28.249481503590296,-28.695536487743297,3.215616798,1.622834646,,,,86.8,2527,5.5,823042,672515,682988,545121,694374,672695,596146,814439,682998,54.99,,,,,,,,59,1,Sweeper,2,4,2,4,4,2,2,4,Standard,Standard,265,-0.006,-0.04,74.2,8.5,7.4956857,,0.04,,-2,-2,0.176,0.176,26,27,26,28,1,3,3,1,3,1,2.69,-0.89,-0.89,16.4,26.220535224591373,-14.963081429794483,36.94645516551773,42.73576943542182,45.508188357852056
SI,2026-07-23,96.6,1.69,5.6,"Garcia, Brandyn",691023,805299,single,hit_into_play,,,,,2,Jordan Walker singles on a line drive to right fielder Corbin Carroll.,R,R,L,STL,AZ,X,9,line_drive,2,1,2026,0.94,0.18,-0.2722871192818635,2.9810769317955703,,,,2,7,Bot,156.39,109.21,,,,,-7.209647710093543,-140.53960946698123,-1.6263126622965278,14.142367477272847,32.47746071791635,-29.603106569583712,3.461351706,1.746850394,174,91.2,9,95.1,2308,5.4,823042,672515,682988,545121,694374,672695,596146,814439,682998,55.05,0.537,0.484,0.9,1,1,0,4,58,4,Sinker,2,4,2,4,4,2,2,4,Standard,Standard,121,0.02,0.291,84.8,7.7,,0.575,-0.291,91.2,-2,-2,0.156,0.156,26,24,26,24,1,3,3,1,3,1,2.27,0.94,-0.94,15.7,-3.994373079154608,9.219047689541508,28.9882801857195,37.335445994594366,19.35924391818397
FC,2026-07-23,94.9,1.63,5.7,"Garcia, Brandyn",691023,805299,,called_strike,,,,,6,,R,R,L,STL,AZ,S,,,2,0,2026,0.1,0.81,0.5107760226869398,2.535427690281689,,,,2,7,Bot,,,,,,,-3.078366107981865,-138.25297609871282,-4.261552103474933,1.9552161762907987,28.547048642919716,-21.043729576674,3.461351706,1.746850394,,,,94.0,2249,5.5,823042,672515,682988,545121,694374,672695,596146,814439,682998,54.99,,,,,,,,58,3,Cutter,2,4,2,4,4,2,2,4,Standard,Standard,141,-0.005,-0.065,,,,,0.065,,-2,-2,0.161,0.161,26,24,26,24,1,3,3,1,3,1,1.7,0.1,-0.1,20.1,,,,,
FC,2026-07-23,93.5,1.71,5.72,"Garcia, Brandyn",691023,805299,,ball,,,,,13,,R,R,L,STL,AZ,B,,,1,0,2026,-0.08,0.73,-0.8979466347110924,1.8895185793933005,,,,2,7,Bot,,,,,,,-6.358342014423586,-136.01572827044245,-5.462185183747955,0.4052531146928212,29.511978349769592,-22.053941827244863,3.461351706,1.746850394,,,,92.1,2289,5.4,823042,672515,682988,545121,694374,672695,596146,814439,682998,55.09,,,,,,,,58,2,Cutter,2,4,2,4,4,2,2,4,Standard,Standard,144,0.005,0.065,,,,,-0.065,,-2,-2,0.156,0.156,26,24,26,24,1,3,3,1,3,1,1.87,-0.08,0.08,17.6,,,,,
FC,2026-07-23,95.3,1.67,5.73,"Garcia, Brandyn",691023,805299,,ball,,,,,1,,R,R,L,STL,AZ,B,,,0,0,2026,0.34,0.87,-0.648180838877398,3.532206733055665,,,,2,7,Bot,,,,,,,-6.692495206040197,-138.79925827956367,-1.9909582219382436,5.875883596714185,29.131044288368525,-20.609839203752045,3.461351706,1.746850394,,,,94.1,2258,5.4,823042,672515,682988,545121,694374,672695,596146,814439,682998,55.08,,,,,,,,58,1,Cutter,2,4,2,4,4,2,2,4,Standard,Standard,127,0.002,0.041,,,,,-0.041,,-2,-2,0.154,0.154,26,24,26,24,1,3,3,1,3,1,1.62,0.34,-0.34,24.1,,,,,
SI,2026-07-23,97.7,1.63,5.66,"Garcia, Brandyn",802139,805299,field_out,hit_into_play,,,,,8,"JJ Wetherholt grounds out, shortstop Geraldo Perdomo to first baseman Tyler Locklear.",R,L,L,STL,AZ,X,6,ground_ball,0,0,2026,1.31,0.03,0.1235787944693891,1.949504312418356,,,,1,7,Bot,130.02,143.07,,,,,-6.948922572296865,-142.2338948169692,-4.33389167034545,19.308942548251757,30.49539864844231,-31.005679549282203,3.096259843,1.562598425,10,91.3,-10,96.7,2308,5.6,823042,672515,682988,545121,694374,672695,596146,814439,682998,54.94,0.168,0.151,0.0,1,0,0,2,57,1,Sinker,2,4,2,4,4,2,2,4,Standard,Standard,123,-0.027,-0.262,75.8,7.8,,0.193,0.262,91.3,-2,-2,0.181,0.181,26,23,26,24,1,3,3,1,3,1,2.34,1.31,1.31,17.2,9.60163727414555,9.56657285941188,35.94535833185296,38.37381392223759,25.29254282123624
ST,2026-07-23,88.1,1.75,5.61,"Garcia, Brandyn",676369,805299,strikeout,swinging_strike,,,,,13,Nelson Velázquez strikes out swinging.,R,R,L,STL,AZ,S,2,,1,2,2026,-0.55,0.32,-1.5190728666763464,1.989377351037318,,,,0,7,Bot,,,,,,,-6.56972457273255,-128.20899362912343,-3.1387177818639795,-4.759575833764555,25.088845974300433,-28.20938047592179,3.154183071,1.591830709,,,,86.9,2578,5.4,823042,672515,682988,545121,694374,672695,596146,814439,682998,55.12,,0.0,0.0,1,0,0,,56,4,Sweeper,2,4,2,4,4,2,2,4,Standard,Standard,299,-0.028,-0.186,75.9,9.0,5.03932158,,0.186,,-2,-2,0.209,0.209,26,27,26,28,1,0,3,1,3,1,2.6,-0.55,0.55,15.4,34.065957017689186,-58.07638590277903,33.80466826843642,21.86021076937903,56.00904883565108
ST,2026-07-23,87.0,1.8,5.64,"Garcia, Brandyn",676369,805299,,called_strike,,,,,9,,R,R,L,STL,AZ,S,,,1,1,2026,-0.76,0.2,0.3615741005355196,1.8801099802219787,,,,0,7,Bot,,,,,,,-1.8098992302239163,-126.70461334277496,-3.0109462639085187,-7.771634924436058,25.986509314152684,-29.579035820606503,3.154183071,1.591830709,,,,85.8,2578,5.4,823042,672515,682988,545121,694374,672695,596146,814439,682998,55.05,,,,,,,,56,3,Sweeper,2,4,2,4,4,2,2,4,Standard,Standard,285,-0.01,-0.061,,,,,0.061,,-2,-2,0.219,0.219,26,27,26,28,1,0,3,1,3,1,2.8,-0.76,0.76,17.7,,,,,
SI,2026-07-23,97.0,1.66,5.7,"Garcia, Brandyn",676369,805299,,foul,,,,,7,,R,R,L,STL,AZ,S,,,1,0,2026,1.33,0.18,-0.4744188721966811,1.892572994350092,,,,0,7,Bot,,,,,,,-8.610315671360938,-140.8731983667723,-4.7389098163311765,19.755501892706576,33.61427591031024,-28.84912140153573,3.154183071,1.591830709,8,84.1,-13,95.5,2222,5.7,823042,672515,682988,545121,694374,672695,596146,814439,682998,54.84,,,,,,,,56,2,Sinker,2,4,2,4,4,2,2,4,Standard,Standard,122,-0.009,-0.056,79.2,7.9,,,0.056,88.0,-2,-2,0.228,0.228,26,27,26,28,1,0,3,1,3,1,2.26,1.33,-1.33,20.2,20.10667084744103,-15.14972941989774,38.82912561915316,32.59331661270625,40.67309319083846
FC,2026-07-23,95.7,1.79,5.76,"Garcia, Brandyn",676369,805299,,ball,,,,,12,,R,R,L,STL,AZ,B,,,0,0,2026,0.29,0.78,0.235608963186184,3.7287109833176855,,,,0,7,Bot,,,,,,,-4.611498392457202,-139.3833434857302,-1.4063644672474716,4.705001574446544,29.057677612874205,-21.80786123459623,3.154183071,1.591830709,,,,94.4,2231,5.3,823042,672515,682988,545121,694374,672695,596146,814439,682998,55.17,,,,,,,,56,1,Cutter,2,4,2,4,4,2,2,4,Standard,Standard,128,0.007,0.043,,,,,-0.043,,-2,-2,0.221,0.221,26,27,26,28,1,0,3,1,3,1,1.69,0.29,-0.29,21.1,,,,,
CH,2026-07-23,78.7,3.55,4.68,"Bruihl, Justin",672695,677865,field_out,hit_into_play,,,,,4,Geraldo Perdomo flies out to left fielder Lars Nootbaar.,R,R,L,STL,AZ,X,7,fly_ball,1,1,2026,0.46,0.25,-0.5415227046671549,2.216725406715328,,,,2,7,Top,46.69,113.9,,,,,-9.695917077529502,-114.09100665683548,1.3407641796050012,5.932380164748901,22.889666868623852,-30.556216168389245,3.31742126,1.674212598,285,82.0,39,79.0,1426,6.9,823042,699625,691458,802139,665877,691026,663457,701675,691023,53.6,0.009,0.008,0.0,1,0,0,3,55,3,Changeup,2,4,4,2,4,2,4,2,Standard,Standard,100,0.009,-0.246,74.5,7.1,,0.009,0.246,88.0,-2,2,0.212,0.788,29,26,29,27,1,3,5,1,3,1,3.49,0.46,-0.46,22.4,16.175148700316942,-22.525752524531164,30.269325187270148,28.502376682218955,53.11790588631653
ST,2026-07-23,76.9,3.54,4.79,"Bruihl, Justin",672695,677865,,called_strike,,,,,6,,R,R,L,STL,AZ,S,,,1,0,2026,-1.66,-0.01,0.4719833626289456,2.460900029695701,,,,2,7,Top,,,,,,,-3.373369016987608,-111.90964746611677,2.386136450406106,-13.10987269191028,23.157464995434523,-33.01955026543093,3.31742126,1.674212598,,,,77.1,2453,6.8,823042,699625,691458,802139,665877,691026,663457,701675,691023,53.72,,,,,,,,55,2,Sweeper,2,4,4,2,4,2,4,2,Standard,Standard,297,0.001,-0.056,,,,,0.056,,-2,2,0.211,0.789,29,26,29,27,1,3,5,1,3,1,3.91,-1.66,1.66,28.5,,,,,
ST,2026-07-23,75.4,3.66,4.77,"Bruihl, Justin",672695,677865,,ball,,,,,12,,R,R,L,STL,AZ,B,,,0,0,2026,-1.64,-0.16,1.482779227905424,2.779915107351872,,,,2,7,Top,,,,,,,-1.5173522689692622,-109.6819818103844,3.610015704896492,-12.822044344624684,21.70823847428505,-34.397570471838684,3.31742126,1.674212598,,,,76.0,2485,7.0,823042,699625,691458,802139,665877,691026,663457,701675,691023,53.51,,,,,,,,55,1,Sweeper,2,4,4,2,4,2,4,2,Standard,Standard,298,-0.001,0.041,,,,,-0.041,,-2,2,0.212,0.788,29,26,29,27,1,3,5,1,3,1,4.21,-1.64,1.64,26.7,,,,,
SI,2026-07-23,90.1,3.56,4.83,"Bruihl, Justin",682998,677865,strikeout,swinging_strike,,,,,3,Corbin Carroll strikes out swinging.,R,L,L,STL,AZ,S,2,,2,2,2026,1.45,0.21,0.7344878705357429,2.706801535792986,,,,1,7,Top,,,,,,,-10.105864249135966,-130.84846374717324,0.5011178445929162,18.87142414047902,29.448740496812295,-30.188168429973075,3.10328084,1.566141732,,,,90.2,2064,6.6,823042,699625,691458,802139,665877,691026,663457,701675,691023,53.89,,0.0,0.0,1,0,0,,54,6,Sinker,2,4,4,2,4,2,4,2,Infield shade,Standard,123,0.009,-0.235,70.6,5.8,0.203369268,,0.235,,-2,2,0.203,0.797,29,25,29,26,1,3,5,1,3,1,2.63,1.45,1.45,24.5,-5.095332390722852,19.2203282937212,25.22182134380232,31.470986008723912,24.24039589340148
SI,2026-07-23,90.5,3.57,4.83,"Bruihl, Justin",682998,677865,,foul,,,,,2,,R,L,L,STL,AZ,S,,,2,2,2026,1.27,0.16,0.1165803403460907,2.8622313240927024,,,,1,7,Top,,,,,,,-11.291678953961164,-131.2977795018958,0.8668526685725308,17.035992381867867,27.07979410194756,-30.690984603160818,3.10328084,1.566141732,237,72.5,37,90.9,2159,6.6,823042,699625,691458,802139,665877,691026,663457,701675,691023,53.88,,,,,,,,54,5,Sinker,2,4,4,2,4,2,4,2,Infield shade,Standard,117,0.0,0.0,72.0,6.3,,,0.0,88.0,-2,2,0.203,0.797,29,25,29,26,1,3,5,1,3,1,2.63,1.27,1.27,25.3,-1.003560043316461,19.06234330733976,20.042724359908448,38.89505612289517,23.646930704589938
ST,2026-07-23,78.5,3.49,4.78,"Bruihl, Justin",682998,677865,,ball,,,,,11,,R,L,L,STL,AZ,B,,,1,2,2026,-1.75,-0.08,-1.5923918900363638,2.6936179721548412,,,,1,7,Top,,,,,,,-7.622946813528791,-114.08920702529151,2.7554099135988683,-13.794835086675564,21.947942089178817,-33.69227051435092,3.10328084,1.566141732,,,,79.1,2580,6.8,823042,699625,691458,802139,665877,691026,663457,701675,691023,53.65,,,,,,,,54,4,Sweeper,2,4,4,2,4,2,4,2,Infield shade,Standard,303,-0.001,0.052,,,,,-0.052,,-2,2,0.204,0.796,29,25,29,26,1,3,5,1,3,1,3.81,-1.75,-1.75,26.3,,,,,
SI,2026-07-23,91.1,3.52,4.91,"Bruihl, Justin",682998,677865,,foul_tip,,,,,5,,R,L,L,STL,AZ,S,,,1,1,2026,1.07,0.26,0.1213001021389112,2.492437764141116,,,,1,7,Top,,,,,,,-10.82839310025548,-132.3066023853914,-0.5944599117392293,14.6817180044373,24.65590155015052,-29.17519461470065,3.10328084,1.566141732,,,,92.2,2097,6.8,823042,699625,691458,802139,665877,691026,663457,701675,691023,53.7,,,,,,,,54,3,Sinker,2,4,4,2,4,2,4,2,Standard,Standard,118,0.002,-0.071,76.7,6.9,,,0.071,,-2,2,0.202,0.798,29,25,29,26,1,3,5,1,3,1,2.47,1.07,1.07,27.7,3.44640646962526,18.113440260107897,24.226901075319383,39.18527852546022,24.80709185788913
SI,2026-07-23,91.2,3.45,4.91,"Bruihl, Justin",682998,677865,,ball,,,,,12,,R,L,L,STL,AZ,B,,,0,1,2026,1.21,0.23,0.853774236092131,2.811850419051592,,,,1,7,Top,,,,,,,-9.153267155088338,-132.58885268131468,0.2436636864748769,16.113521315428283,26.15729725069877,-29.64614742863164,3.10328084,1.566141732,,,,92.2,2115,6.8,823042,699625,691458,802139,665877,691026,663457,701675,691023,53.71,,,,,,,,54,2,Sinker,2,4,4,2,4,2,4,2,Standard,Standard,124,-0.001,0.033,,,,,-0.033,,-2,2,0.203,0.797,29,25,29,26,1,3,5,1,3,1,2.49,1.21,1.21,21.6,,,,,
ST,2026-07-23,77.0,3.54,4.88,"Bruihl, Justin",682998,677865,,called_strike,,,,,5,,R,L,L,STL,AZ,S,,,0,0,2026,-1.8,-0.18,0.2378428841775068,2.3923433352319776,,,,1,7,Top,,,,,,,-3.6475287820919258,-112.13008961422123,2.2640167370559436,-14.442065974225342,20.782326964067806,-34.30993907518369,3.10328084,1.566141732,,,,77.9,2432,7.0,823042,699625,691458,802139,665877,691026,663457,701675,691023,53.53,,,,,,,,54,1,Sweeper,2,4,4,2,4,2,4,2,Standard,Standard,302,0.002,-0.041,,,,,0.041,,-2,2,0.201,0.799,29,25,29,26,1,3,5,1,3,1,4.02,-1.8,-1.8,28.3,,,,,
SI,2026-07-23,89.9,-2.02,5.63,"McGreevy, Michael",814439,700241,field_out,hit_into_play,,,,,1,Ryan Waldschmidt lines out to center fielder Nathan Church.,R,R,R,STL,AZ,X,8,line_drive,1,0,2026,-0.85,0.11,-0.3726509918791995,2.869017411463917,,,,0,7,Top,147.76,75.63,,,,,5.936006472695755,-130.9740076305903,-0.9766560220033772,-11.007062980789506,25.370782550152693,-30.897653787795193,3.201574803,1.615748032,312,99.4,19,91.2,2107,6.8,823042,699625,691458,802139,665877,691026,663457,701675,691023,53.66,0.309,0.374,0.0,1,0,0,4,53,2,Sinker,2,4,4,2,4,2,4,2,Standard,Standard,226,0.018,-0.304,76.3,6.2,,0.588,0.304,99.4,-2,2,0.183,0.817,25,23,26,24,3,2,6,1,5,2,2.68,0.85,0.85,29.2,-0.8765369018330869,4.682697344844694,33.5552688622169,29.94484007181948,18.460999709847115
FF,2026-07-23,89.4,-1.83,5.88,"McGreevy, Michael",814439,700241,,ball,,,,,11,,R,R,R,STL,AZ,B,,,0,0,2026,-0.6,0.76,-1.5963557654121838,5.249941599085663,,,,0,7,Top,,,,,,,1.8635182660536325,-130.18300723677456,2.9365396953217138,-7.223461697425313,26.427420212733917,-24.26173744621317,3.201574803,1.615748032,,,,90.2,2177,6.7,823042,699625,691458,802139,665877,691026,663457,701675,691023,53.84,,,,,,,,53,1,4-Seam Fastball,2,4,4,2,4,2,4,2,Standard,Standard,213,-0.002,0.043,,,,,-0.043,,-2,2,0.185,0.815,25,23,26,24,3,2,6,1,5,2,2.08,0.6,0.6,35.0,,,,,
ST,2026-07-23,84.7,-2.15,5.21,"Pfaadt, Brandon",691458,694297,field_out,hit_into_play,,,,,7,Blaze Jordan flies out to center fielder Ryan Waldschmidt.,R,R,R,STL,AZ,X,8,fly_ball,3,2,2026,0.89,0.23,-0.2871036669829597,1.6222866552420956,,665877,,2,6,Bot,100.99,71.55,,,,,2.4894393427186183,-123.33862301624288,-2.216097557280402,8.471290508174649,27.244443226593415,-29.638481168727363,3.23667979,1.633464567,321,96.2,37,84.6,2750,6.4,823042,672515,682988,545121,694374,672695,596146,814439,682998,54.07,0.109,0.209,0.0,1,0,0,3,52,6,Sweeper,2,4,2,4,4,2,2,4,Standard,Standard,90,-0.051,-0.277,74.4,7.7,,0.397,0.277,96.2,-2,-2,0.236,0.236,27,23,28,24,3,2,5,1,5,1,2.98,-0.89,-0.89,21.6,9.941751725800538,-20.313293380371988,40.18158491306655,35.051234295803184,45.23296703313424
FC,2026-07-23,90.7,-2.08,5.22,"Pfaadt, Brandon",691458,694297,,swinging_strike,,,,,14,,R,R,R,STL,AZ,S,,,3,1,2026,-0.13,0.82,0.2667889084257075,1.3359964852438864,,665877,,2,6,Bot,,,,,,,6.1342020269408035,-131.897249951966,-5.360986362059965,-2.815777214694439,28.71140811473001,-21.69678077558279,3.23667979,1.633464567,,,,91.5,2604,6.8,823042,672515,682988,545121,694374,672695,596146,814439,682998,53.65,,,,,,,,52,5,Cutter,2,4,2,4,4,2,2,4,Standard,Standard,216,-0.005,-0.061,73.6,8.4,2.849389188,,0.061,,-2,-2,0.241,0.241,27,23,28,24,3,2,5,1,5,1,1.96,0.13,0.13,24.7,18.65814839055987,-20.618257238950743,33.35787429904947,44.238309162974815,45.52759412731072
SI,2026-07-23,92.7,-1.9,5.45,"Pfaadt, Brandon",691458,694297,,ball,,,,,13,,R,R,R,STL,AZ,B,,,2,1,2026,-1.19,0.69,-0.5971087083570192,1.5018184782750206,,665877,,2,6,Bot,,,,,,,6.014053188427644,-134.86541042373875,-5.613846290834172,-15.87484812495763,30.06650968622331,-22.7571110863365,3.23667979,1.633464567,,,,93.6,2303,6.9,823042,672515,682988,545121,694374,672695,596146,814439,682998,53.62,,,,,,,,52,4,Sinker,2,4,2,4,4,2,2,4,Standard,Standard,222,0.006,0.039,,,,,-0.039,,-2,-2,0.235,0.235,27,23,28,24,3,2,5,1,5,1,1.97,1.19,1.19,29.3,,,,,
FC,2026-07-23,91.0,-1.9,5.23,"Pfaadt, Brandon",691458,694297,,ball,,,,,14,,R,R,R,STL,AZ,B,,,1,1,2026,-0.28,0.89,1.0091346680703277,1.2001451661546962,,665877,,2,6,Bot,,,,,,,7.884435528825654,-132.2468999387787,-5.931223348641252,-5.0200818487110155,28.689378499868724,-20.660484022434435,3.23667979,1.633464567,,,,91.7,2543,6.8,823042,672515,682988,545121,694374,672695,596146,814439,682998,53.69,,,,,,,,52,3,Cutter,2,4,2,4,4,2,2,4,Standard,Standard,216,0.004,0.039,,,,,-0.039,,-2,-2,0.231,0.231,27,23,28,24,3,2,5,1,5,1,1.88,0.28,0.28,27.6,,,,,
FF,2026-07-23,91.6,-1.82,5.38,"Pfaadt, Brandon",691458,694297,,called_strike,,,,,9,,R,R,R,STL,AZ,S,,,1,0,2026,-0.57,1.38,0.3452419205276538,1.9929599977739036,,665877,,2,6,Bot,,,,,,,6.720587484860781,-133.1768561130108,-5.530805374402978,-8.276606995700611,29.29807653365752,-14.747210289041366,3.23667979,1.633464567,,,,92.5,2448,6.9,823042,672515,682988,545121,694374,672695,596146,814439,682998,53.58,,,,,,,,52,2,4-Seam Fastball,2,4,2,4,4,2,2,4,Standard,Standard,227,-0.004,-0.046,,,,,0.046,,-2,-2,0.235,0.235,27,23,28,24,3,2,5,1,5,1,1.35,0.57,0.57,25.9,,,,,
FF,2026-07-23,92.4,-1.66,5.45,"Pfaadt, Brandon",691458,694297,,ball,,,,,14,,R,R,R,STL,AZ,B,,,0,0,2026,-0.5,1.48,1.8762731052377415,1.0681019794424853,,665877,,2,6,Bot,,,,,,,10.080184734075951,-134.02096101178938,-8.403894819812155,-8.292818614860002,30.034396168738475,-12.562414701379897,3.23667979,1.633464567,,,,92.9,2466,6.9,823042,672515,682988,545121,694374,672695,596146,814439,682998,53.64,,,,,,,,52,1,4-Seam Fastball,2,4,2,4,4,2,2,4,Standard,Standard,222,0.002,0.025,,,,,-0.025,,-2,-2,0.233,0.233,27,23,28,24,3,2,5,1,5,1,1.21,0.5,0.5,31.8,,,,,
CH,2026-07-23,84.4,-2.04,5.16,"Pfaadt, Brandon",701675,694297,field_out,hit_into_play,,,,,13,Nathan Church grounds out softly to first baseman Tyler Locklear. José Fermín to 2nd.,R,L,R,STL,AZ,X,3,ground_ball,1,1,2026,-1.36,0.11,-1.246867728934814,2.021549269624757,,,665877,1,6,Bot,145.53,181.61,,,,,4.63292266061443,-122.81677399147216,-0.9385975927607232,-14.679443532596952,25.35524526540281,-31.057962996415934,3.112934711,1.57101378,1,58.9,-63,85.3,2050,6.9,823042,672515,682988,545121,694374,672695,596146,814439,682998,53.56,0.329,0.298,0.0,1,0,0,1,51,3,Changeup,2,4,2,4,4,2,2,4,Standard,Standard,233,-0.031,-0.31,64.6,7.4,,0.332,0.31,88.0,-2,-2,0.264,0.264,27,25,28,26,3,2,5,1,5,1,3.1,1.36,-1.36,23.0,16.683271480034662,5.310743804804003,24.72241379892015,49.67508830687582,30.16106296502044
FF,2026-07-23,92.0,-1.94,5.58,"Pfaadt, Brandon",701675,694297,,ball,,,,,11,,R,L,R,STL,AZ,B,,,0,1,2026,-0.67,1.43,-2.4874272473849013,3.828045591832774,,,665877,1,6,Bot,,,,,,,0.1022872942836837,-133.99910696609973,-1.601894532380714,-8.083839961814242,30.515298121286495,-14.8250126900202,3.112934711,1.57101378,,,,92.2,2428,6.5,823042,672515,682988,545121,694374,672695,596146,814439,682998,54.05,,,,,,,,51,2,4-Seam Fastball,2,4,2,4,4,2,2,4,Standard,Standard,219,0.005,0.029,,,,,-0.029,,-2,-2,0.259,0.259,27,25,28,26,3,2,5,1,5,1,1.27,0.67,-0.67,31.4,,,,,
SI,2026-07-23,91.8,-2.16,5.31,"Pfaadt, Brandon",701675,694297,,foul,,,,,2,,R,L,R,STL,AZ,S,,,0,0,2026,-1.51,0.6,-0.2432421042070671,2.646380277131452,,,665877,1,6,Bot,,,,,,,8.157331661879065,-133.5404072933205,-2.0296641888774354,-19.777084291014074,28.141908404200983,-24.77438397046695,3.112934711,1.57101378,189,74.6,59,92.5,2305,6.7,823042,672515,682988,545121,694374,672695,596146,814439,682998,53.8,,,,,,,,51,1,Sinker,2,4,2,4,4,2,2,4,Standard,Standard,228,-0.007,-0.039,71.6,6.7,,,0.039,88.0,-2,-2,0.266,0.266,27,25,28,26,3,2,5,1,5,1,2.1,1.51,-1.51,21.0,3.6172017665724896,7.572674599417582,29.70841446076781,38.088353153967034,28.68976082468776
SI,2026-07-23,92.4,-1.79,5.38,"Pfaadt, Brandon",665877,694297,single,hit_into_play,,,,,5,José Fermín singles on a sharp ground ball to left fielder Max Kepler.,R,R,R,STL,AZ,X,7,ground_ball,0,1,2026,-1.39,0.41,0.2063127138693412,2.3237722609877594,,,,1,6,Bot,76.31,106.58,,,,,8.169592169123572,-134.29261442846934,-2.66345150205038,-18.641167990874447,30.506953761325505,-26.798427490646716,3.137508202,1.583415354,88,103.5,3,92.9,2248,6.7,823042,672515,682988,545121,694374,672695,596146,814439,682998,53.75,0.606,0.566,0.9,1,1,0,4,50,2,Sinker,2,4,2,4,4,2,2,4,Standard,Standard,226,0.045,0.459,70.6,7.5,,0.68,-0.459,103.5,-2,-2,0.221,0.221,27,27,28,27,3,2,5,1,5,2,2.27,1.39,1.39,26.3,8.270191424545027,-9.677172369622852,30.727833222151208,37.54543562776612,28.21191647524134
ST,2026-07-23,85.9,-2.05,5.21,"Pfaadt, Brandon",665877,694297,,swinging_strike,,,,,14,,R,R,R,STL,AZ,S,,,0,0,2026,0.73,0.5,1.9494919593555544,1.880923277666998,,,,1,6,Bot,,,,,,,7.870023718660794,-124.97542104310811,-2.4595946858240927,6.054965192467475,25.356835393067144,-26.6256610461458,3.137508202,1.583415354,,,,86.3,2743,6.6,823042,672515,682988,545121,694374,672695,596146,814439,682998,53.92,,,,,,,,50,1,Sweeper,2,4,2,4,4,2,2,4,Standard,Standard,106,-0.004,-0.041,36.9,7.5,6.02064168,,0.041,,-2,-2,0.225,0.225,27,27,28,27,3,2,5,1,5,2,2.59,-0.73,-0.73,20.6,9.31430763196404,0.0771764951533675,31.31703677977223,58.00075492347986,25.94561560051289
FF,2026-07-23,92.7,-1.74,5.36,"Pfaadt, Brandon",691026,694297,field_out,hit_into_play,,,,,7,"Masyn Winn grounds out, pitcher Brandon Pfaadt to first baseman Tyler Locklear.",R,R,R,STL,AZ,X,1,ground_ball,3,1,2026,-0.73,1.05,-0.2909946565843353,1.5572810056432564,,,,0,6,Bot,128.78,173.22,,,,,5.331939167797826,-134.78627681739502,-6.084403870334226,-10.098071769892684,29.186924510166513,-18.18190684239066,3.081340223,1.555068898,3,61.0,-34,93.5,2448,6.8,823042,672515,682988,545121,694374,672695,596146,814439,682998,53.68,0.115,0.106,0.0,1,0,0,2,49,5,4-Seam Fastball,2,4,2,4,4,2,2,4,Standard,Standard,221,-0.059,-0.449,80.2,8.3,,0.124,0.449,88.0,-2,-2,0.284,0.284,27,24,28,24,3,2,5,1,5,1,1.6,0.73,0.73,27.1,25.18610390522638,-18.452326773819077,31.79501026037321,31.782445241584384,51.614346944275766
FF,2026-07-23,91.9,-1.84,5.34,"Pfaadt, Brandon",691026,694297,,called_strike,,,,,7,,R,R,R,STL,AZ,S,,,3,0,2026,-0.61,1.08,-0.3797618715350769,1.911423090418448,,,,0,6,Bot,,,,,,,5.050285268095767,-133.82029485381148,-5.0875965403666426,-8.42257183089692,27.625209311901628,-18.29846737962972,3.081340223,1.555068898,,,,93.1,2459,6.9,823042,672515,682988,545121,694374,672695,596146,814439,682998,53.64,,,,,,,,49,4,4-Seam Fastball,2,4,2,4,4,2,2,4,Standard,Standard,218,-0.012,-0.086,,,,,0.086,,-2,-2,0.296,0.296,27,24,28,24,3,2,5,1,5,1,1.61,0.61,0.61,24.1,,,,,
FC,2026-07-23,91.0,-1.86,5.4,"Pfaadt, Brandon",691026,694297,,ball,,,,,14,,R,R,R,STL,AZ,B,,,2,0,2026,-0.21,0.7,0.116161008594264,0.8114184047887705,,,,0,6,Bot,,,,,,,5.371245746571047,-132.40143142758504,-6.920421215675791,-3.579891807585492,28.302449301363943,-22.69626724117124,3.081340223,1.555068898,,,,91.6,2656,6.7,823042,672515,682988,545121,694374,672695,596146,814439,682998,53.82,,,,,,,,49,3,Cutter,2,4,2,4,4,2,2,4,Standard,Standard,213,0.018,0.149,,,,,-0.149,,-2,-2,0.278,0.278,27,24,28,24,3,2,5,1,5,1,2.06,0.21,0.21,25.4,,,,,
SI,2026-07-23,91.8,-1.9,5.32,"Pfaadt, Brandon",691026,694297,,ball,,,,,14,,R,R,R,STL,AZ,B,,,1,0,2026,-1.36,0.28,1.2612217878873584,1.547219870918588,,,,0,6,Bot,,,,,,,10.924585044696874,-133.20742814634266,-4.02327856141926,-18.59598592908957,31.303314381237,-28.046165985971435,3.081340223,1.555068898,,,,91.8,2345,6.7,823042,672515,682988,545121,694374,672695,596146,814439,682998,53.82,,,,,,,,49,2,Sinker,2,4,2,4,4,2,2,4,Standard,Standard,230,0.012,0.082,,,,,-0.082,,-2,-2,0.266,0.266,27,24,28,24,3,2,5,1,5,1,2.46,1.36,1.36,25.0,,,,,
FC,2026-07-23,89.6,-1.89,5.35,"Pfaadt, Brandon",691026,694297,,ball,,,,,14,,R,R,R,STL,AZ,B,,,0,0,2026,-0.15,0.51,0.9949131675532896,1.329002873585602,,,,0,6,Bot,,,,,,,7.383140482729029,-130.2818393837157,-4.775417860943064,-3.273213640387337,28.395609622684624,-25.581311193118346,3.081340223,1.555068898,,,,90.0,2454,6.7,823042,672515,682988,545121,694374,672695,596146,814439,682998,53.85,,,,,,,,49,1,Cutter,2,4,2,4,4,2,2,4,Standard,Standard,203,0.006,0.043,,,,,-0.043,,-2,-2,0.26,0.26,27,24,28,24,3,2,5,1,5,1,2.35,0.15,0.15,27.4,,,,,
SI,2026-07-23,91.8,-1.97,5.67,"McGreevy, Michael",682988,700241,grounded_into_double_play,hit_into_play,,,,,11,"Tyler Locklear grounds into a double play, shortstop Masyn Winn to first baseman Blaze Jordan. Ildemaro Vargas out at 2nd. Tyler Locklear out at 1st.",R,R,R,STL,AZ,X,6,ground_ball,2,2,2026,-1.09,0.36,-1.2287150898826809,3.0527170540547877,,694374,545121,1,6,Top,123.43,151.68,,,,,4.2861339915759995,-133.7247222186635,-1.4397426789821322,-14.017525324205907,26.887489710099132,-27.728952498372553,3.283193898,1.656938976,18,48.9,-6,92.9,2235,6.8,823042,699625,691458,802139,665877,691026,663457,701675,691023,53.75,0.11,0.099,0.0,1,0,0,1,48,7,Sinker,2,4,4,2,4,2,4,2,Standard,Standard,219,0.062,-0.289,59.7,5.4,,0.115,0.289,88.0,-2,2,0.198,0.802,25,25,26,26,3,2,6,1,5,1,2.32,1.09,1.09,33.6,-0.6149980979915718,9.80190985666238,35.2493647957415,27.837004108606532,17.847633618048942
CU,2026-07-23,79.2,-1.85,5.83,"McGreevy, Michael",682988,700241,,foul,,,,,4,,R,R,R,STL,AZ,S,,,2,2,2026,0.77,-0.9,-0.8082864214458697,2.351945069943584,,694374,545121,1,6,Top,,,,,,,0.7891941596430887,-115.36208156059251,1.1155525265563604,6.712046594498039,21.65690455249401,-40.60089899584102,3.283193898,1.656938976,213,106.4,13,79.7,2462,6.6,823042,699625,691458,802139,665877,691026,663457,701675,691023,53.93,,,,,,,,48,6,Curveball,2,4,4,2,4,2,4,2,Standard,Standard,54,0.0,0.0,77.8,6.8,,,0.0,106.4,-2,2,0.198,0.802,25,25,26,26,3,2,6,1,5,1,4.53,-0.77,-0.77,37.1,14.282293323003264,-15.908240247881944,33.08821448195981,30.384989166930104,39.29228584322426
SI,2026-07-23,91.1,-2.06,5.46,"McGreevy, Michael",682988,700241,,ball,,,,,14,,R,R,R,STL,AZ,B,,,1,2,2026,-1.34,0.44,1.599816386720448,2.382149074449179,,694374,545121,1,6,Top,,,,,,,12.085188587692992,-132.03508180317974,-2.539313765473471,-18.259462436538392,29.350985670335067,-26.616685066695947,3.283193898,1.656938976,,,,91.6,2221,6.9,823042,699625,691458,802139,665877,691026,663457,701675,691023,53.6,,,,,,,,48,5,Sinker,2,4,4,2,4,2,4,2,Standard,Standard,234,-0.005,0.053,,,,,-0.053,,-2,2,0.203,0.797,25,25,26,26,3,2,6,1,5,1,2.33,1.34,1.34,31.2,,,,,
ST,2026-07-23,82.6,-2.14,5.5,"McGreevy, Michael",682988,700241,,blocked_ball,,,,,14,,R,R,R,STL,AZ,B,,,0,2,2026,1.44,-0.24,1.1816166267661088,0.1038214515022568,,694374,545121,1,6,Top,,,,,,,4.630030932465403,-120.08402370838452,-4.932774117978081,12.730551297663045,26.84848647654923,-33.64439791660609,3.283193898,1.656938976,,,,82.5,2366,6.6,823042,699625,691458,802139,665877,691026,663457,701675,691023,53.88,,,,,,,,48,4,Sweeper,2,4,4,2,4,2,4,2,Standard,Standard,41,-0.003,0.027,,,,,-0.027,,-2,2,0.206,0.794,25,25,26,26,3,2,6,1,5,1,3.63,-1.44,-1.44,29.7,,,,,
CU,2026-07-23,79.5,-2.12,5.62,"McGreevy, Michael",682988,700241,,foul,,,,,13,,R,R,R,STL,AZ,S,,,0,2,2026,1.07,-1.06,-0.7264150775470201,1.1757296821975824,,694374,545121,1,6,Top,,,,,,,0.9836359679228182,-115.75839795559205,-0.6247963028816919,9.338394200541568,24.00700602508246,-41.7618230178945,3.283193898,1.656938976,3,90.4,-29,79.7,2470,6.6,823042,699625,691458,802139,665877,691026,663457,701675,691023,53.88,,,,,,,,48,3,Curveball,2,4,4,2,4,2,4,2,Standard,Standard,48,0.0,0.0,75.8,7.2,,,0.0,90.4,-2,2,0.206,0.794,25,25,26,26,3,2,6,1,5,1,4.7,-1.07,-1.07,32.5,10.99260311963826,-12.403422968663255,43.7404015952652,32.38697649961109,35.141527672655
FF,2026-07-23,91.2,-2.11,5.59,"McGreevy, Michael",682988,700241,,called_strike,,,,,3,,R,R,R,STL,AZ,S,,,0,1,2026,-1.17,0.78,0.7519419836932617,3.1990353236260134,,694374,545121,1,6,Top,,,,,,,9.74318119868445,-132.4328912612005,-1.5976808725808571,-15.903217842011712,29.641040594768164,-22.896058315675287,3.283193898,1.656938976,,,,91.7,2274,6.8,823042,699625,691458,802139,665877,691026,663457,701675,691023,53.69,,,,,,,,48,2,4-Seam Fastball,2,4,4,2,4,2,4,2,Standard,Standard,228,0.008,-0.062,,,,,0.062,,-2,2,0.198,0.802,25,25,26,26,3,2,6,1,5,1,1.98,1.17,1.17,27.8,,,,,
FF,2026-07-23,91.0,-2.13,5.7,"McGreevy, Michael",682988,700241,,called_strike,,,,,3,,R,R,R,STL,AZ,S,,,0,0,2026,-0.88,0.75,0.7087268451273478,2.9247179882829935,,694374,545121,1,6,Top,,,,,,,9.049148970452148,-132.27004159901747,-2.5295850624850305,-12.27044530659724,27.17983843404633,-22.98737428522569,3.283193898,1.656938976,,,,92.1,2277,6.9,823042,699625,691458,802139,665877,691026,663457,701675,691023,53.6,,,,,,,,48,1,4-Seam Fastball,2,4,4,2,4,2,4,2,Standard,Standard,222,0.005,-0.041,,,,,0.041,,-2,2,0.193,0.807,25,25,26,26,3,2,6,1,5,1,2.0,0.88,0.88,28.4,,,,,
FC,2026-07-23,87.9,-2.16,5.66,"McGreevy, Michael",545121,700241,single,hit_into_play,,,,,3,Ildemaro Vargas singles on a line drive to right fielder Jordan Walker. Tim Tawa to 2nd.,R,L,R,STL,AZ,X,9,line_drive,0,0,2026,0.03,0.67,0.3708741008769056,2.79899173461264,,,694374,1,6,Top,187.28,107.09,,,,,6.057176594362551,-127.92906855114856,-2.081996040280452,-0.8518474352137367,25.12727500666493,-24.545250426969,3.161204068,1.595374016,145,100.7,8,89.0,2242,6.8,823042,699625,691458,802139,665877,691026,663457,701675,691023,53.67,0.669,0.628,0.9,1,1,0,4,47,1,Cutter,2,4,4,2,4,2,4,2,Standard,Standard,206,-0.027,0.41,72.4,7.3,,0.772,-0.41,100.7,-2,2,0.22,0.78,25,34,26,35,3,2,6,1,5,2,2.26,-0.03,0.03,32.8,8.818853248413673,-11.690460971952811,21.43758495717802,28.95643176190962,28.291272543286222
SI,2026-07-23,91.5,-2.11,5.59,"McGreevy, Michael",694374,700241,single,hit_into_play,,,,,8,Tim Tawa singles on a sharp ground ball to left fielder Lars Nootbaar.,R,R,R,STL,AZ,X,7,ground_ball,2,1,2026,-1.21,0.61,0.2763697355303163,1.6338386900493764,,,,1,6,Top,80.36,103.04,,,,,8.698704586131752,-132.93084176862618,-5.2421086155382834,-16.232586181873025,28.23697836757131,-24.013701905654457,3.162959318,1.596259843,24,103.2,-3,92.4,2257,6.9,823042,699625,691458,802139,665877,691026,663457,701675,691023,53.6,0.441,0.403,0.9,1,1,0,2,46,4,Sinker,2,4,4,2,4,2,4,2,Standard,Standard,227,-0.016,0.369,75.4,7.5,,0.482,-0.369,103.2,-2,2,0.236,0.764,25,27,26,27,3,2,6,1,5,1,2.12,1.21,1.21,27.2,4.545974935561696,-4.922716682515438,32.75912309102413,38.370014997149674,32.54170564567748
ST,2026-07-23,82.9,-2.17,5.53,"McGreevy, Michael",694374,700241,,ball,,,,,14,,R,R,R,STL,AZ,B,,,1,1,2026,0.94,0.13,0.6996856633386443,1.0654402246541168,,,,1,6,Top,,,,,,,4.616497459536451,-120.65689555635882,-3.7042767501969607,8.179086919338966,25.13923765966464,-30.350400054438406,3.162959318,1.596259843,,,,83.0,2492,6.5,823042,699625,691458,802139,665877,691026,663457,701675,691023,53.98,,,,,,,,46,3,Sweeper,2,4,4,2,4,2,4,2,Standard,Standard,49,-0.003,0.057,,,,,-0.057,,-2,2,0.239,0.761,25,27,26,27,3,2,6,1,5,1,3.2,-0.94,-0.94,28.0,,,,,
SI,2026-07-23,89.6,-2.17,5.57,"McGreevy, Michael",694374,700241,,called_strike,,,,,14,,R,R,R,STL,AZ,S,,,1,0,2026,-1.17,0.66,0.235377636191191,1.408130309270359,,,,1,6,Top,,,,,,,8.408296644692689,-130.17832602983546,-5.525712044421011,-15.011856385383648,25.2144991476969,-23.698105143445044,3.162959318,1.596259843,,,,90.2,2224,6.6,823042,699625,691458,802139,665877,691026,663457,701675,691023,53.92,,,,,,,,46,2,Sinker,2,4,4,2,4,2,4,2,Standard,Standard,231,0.003,-0.049,,,,,0.049,,-2,2,0.236,0.764,25,27,26,27,3,2,6,1,5,1,2.17,1.17,1.17,25.9,,,,,
FC,2026-07-23,86.9,-1.98,5.69,"McGreevy, Michael",694374,700241,,ball,,,,,14,,R,R,R,STL,AZ,B,,,0,0,2026,0.06,0.49,1.2106205372148071,1.8128434831284577,,,,1,6,Top,,,,,,,7.506701733170568,-126.35485208252064,-3.964318633270548,-0.7921235657289398,23.802270045698673,-26.328900725796053,3.162959318,1.596259843,,,,88.0,2330,6.9,823042,699625,691458,802139,665877,691026,663457,701675,691023,53.63,,,,,,,,46,1,Cutter,2,4,4,2,4,2,4,2,Standard,Standard,206,-0.002,0.041,,,,,-0.041,,-2,2,0.238,0.762,25,27,26,27,3,2,6,1,5,1,2.52,-0.06,-0.06,34.1,,,,,
CH,2026-07-23,86.4,-2.17,5.65,"McGreevy, Michael",680728,700241,field_out,hit_into_play,,,,,13,"Adrian Del Castillo grounds out, first baseman Blaze Jordan to pitcher Michael McGreevy.",R,L,R,STL,AZ,X,3,ground_ball,1,2,2026,-1.29,0.39,-0.6944075229884237,1.414240365871524,,,,0,6,Top,150.8,167.39,,,,,6.179356410713598,-125.62175823764868,-4.495107545494909,-14.86996840960788,24.38852195596941,-27.31263459541432,3.090994095,1.559940945,52,83.2,2,87.2,1649,6.8,823042,699625,691458,802139,665877,691026,663457,701675,691023,53.73,0.221,0.211,0.0,1,0,0,2,45,4,Changeup,2,4,4,2,4,2,4,2,Infield shade,Standard,232,0.012,-0.186,71.8,7.7,,0.277,0.186,88.0,-2,2,0.226,0.774,25,26,26,27,3,2,6,4,5,1,2.66,1.29,-1.29,30.7,15.766329638237924,-2.6937885384936595,37.64855696225457,43.351556511888965,39.33741349264774
CU,2026-07-23,78.0,-2.11,5.79,"McGreevy, Michael",680728,700241,,called_strike,,,,,4,,R,L,R,STL,AZ,S,,,1,1,2026,0.86,-0.92,-0.7300967024021182,2.4171209763047,,,,0,6,Top,,,,,,,1.3263693161285162,-113.58111848537509,1.576635892283872,7.1926561106276665,20.571201110954924,-40.66143528875352,3.090994095,1.559940945,,,,78.4,2539,6.5,823042,699625,691458,802139,665877,691026,663457,701675,691023,53.99,,,,,,,,45,3,Curveball,2,4,4,2,4,2,4,2,Infield shade,Standard,49,0.004,-0.061,,,,,0.061,,-2,2,0.222,0.778,25,26,26,27,3,2,6,4,5,1,4.66,-0.86,0.86,36.8,,,,,
FF,2026-07-23,90.3,-2.03,5.85,"McGreevy, Michael",680728,700241,,called_strike,,,,,11,,R,L,R,STL,AZ,S,,,1,0,2026,-0.87,1.05,-0.5257393906440241,3.3120835724895894,,,,0,6,Top,,,,,,,5.6084351090703555,-131.56128481906032,-2.544362876446977,-11.22780705773796,24.508192369553974,-19.59836903598092,3.090994095,1.559940945,,,,91.4,2179,6.6,823042,699625,691458,802139,665877,691026,663457,701675,691023,53.9,,,,,,,,45,2,4-Seam Fastball,2,4,4,2,4,2,4,2,Infield shade,Standard,222,0.004,-0.056,,,,,0.056,,-2,2,0.218,0.782,25,26,26,27,3,2,6,4,5,1,1.71,0.87,-0.87,35.0,,,,,
FF,2026-07-23,89.6,-2.13,5.71,"McGreevy, Michael",680728,700241,,ball,,,,,12,,R,L,R,STL,AZ,B,,,0,0,2026,-0.7,0.97,0.1138045952774498,3.6603357525659033,,,,0,6,Top,,,,,,,7.04718677055067,-130.40236114595936,-1.04952019412038,-9.4157312062093,24.26453906737047,-20.976048143150777,3.090994095,1.559940945,,,,90.9,2174,6.8,823042,699625,691458,802139,665877,691026,663457,701675,691023,53.71,,,,,,,,45,1,4-Seam Fastball,2,4,4,2,4,2,4,2,Infield shade,Standard,220,-0.003,0.043,,,,,-0.043,,-2,2,0.221,0.779,25,26,26,27,3,2,6,4,5,1,1.84,0.7,-0.7,28.0,,,,,
FC,2026-07-23,91.0,-1.97,5.31,"Pfaadt, Brandon",663457,694297,field_out,hit_into_play,,,,,5,Lars Nootbaar flies out to left fielder Max Kepler.,R,L,R,STL,AZ,X,7,fly_ball,1,1,2026,-0.11,0.84,0.1474911665292802,2.153655039631947,,,,2,5,Bot,51.4,100.83,,,,,5.532493060213323,-132.50174591048807,-3.6991724985776577,-2.48011532483629,27.145086521756724,-21.625796273912215,3.259498032,1.644980315,305,92.2,42,92.0,2579,6.7,823042,672515,682988,545121,694374,672695,596146,814439,682998,53.76,0.006,0.005,0.0,1,0,0,3,44,3,Cutter,2,4,2,4,4,2,2,4,Infield shade,Standard,215,-0.013,-0.246,76.1,6.9,,0.008,0.246,92.2,-2,-2,0.234,0.234,27,28,28,29,3,2,5,2,5,1,1.9,0.11,-0.11,22.4,4.788782098347478,7.015850152668077,36.48416626402484,33.684060445443066,29.255746274419153
CU,2026-07-23,84.5,-1.8,5.49,"Pfaadt, Brandon",663457,694297,,ball,,,,,14,,R,L,R,STL,AZ,B,,,0,1,2026,0.43,-0.99,1.1487222790170406,0.6747525092805136,,,,2,5,Bot,,,,,,,5.931141208298869,-123.0239280051552,-2.601998651117348,3.1921188488559817,24.80318954560531,-41.91673303225529,3.259498032,1.644980315,,,,85.0,2479,6.6,823042,672515,682988,545121,694374,672695,596146,814439,682998,53.9,,,,,,,,44,2,Curveball,2,4,2,4,4,2,2,4,Infield shade,Standard,47,0.001,0.029,,,,,-0.029,,-2,-2,0.233,0.233,27,28,28,29,3,2,5,2,5,1,4.18,-0.43,0.43,32.6,,,,,
FF,2026-07-23,92.7,-1.75,5.45,"Pfaadt, Brandon",663457,694297,,called_strike,,,,,7,,R,L,R,STL,AZ,S,,,0,0,2026,-0.57,1.19,-0.4871806140122099,1.9175654637510269,,,,2,5,Bot,,,,,,,4.479468131785782,-134.88806492457672,-5.738382068044897,-7.928549774454905,27.485725938927487,-16.61014086258273,3.259498032,1.644980315,,,,93.6,2479,6.7,823042,672515,682988,545121,694374,672695,596146,814439,682998,53.8,,,,,,,,44,1,4-Seam Fastball,2,4,2,4,4,2,2,4,Infield shade,Standard,228,-0.002,-0.044,,,,,0.044,,-2,-2,0.235,0.235,27,28,28,29,3,2,5,2,5,1,1.45,0.57,-0.57,27.6,,,,,
FC,2026-07-23,90.5,-1.93,5.32,"Pfaadt, Brandon",676475,694297,field_out,hit_into_play,,,,,3,Alec Burleson pops out to first baseman Tyler Locklear in foul territory.,R,L,R,STL,AZ,X,3,popup,0,0,2026,-0.11,0.66,0.7880062679199681,3.2923326375716515,,,,1,5,Bot,157.38,193.23,,,,,6.978255640967934,-131.74768691165715,-0.444736188858425,-2.6736622085882664,25.625515067021897,-24.52705545796963,3.215616798,1.622834646,75,94.0,71,91.5,2532,6.7,823042,672515,682988,545121,694374,672695,596146,814439,682998,53.84,0.001,0.0,0.0,1,0,0,3,43,1,Cutter,2,4,2,4,4,2,2,4,Infield shade,Standard,209,-0.022,-0.262,75.4,7.8,,0.001,0.262,94.0,-2,-2,0.257,0.257,27,27,28,28,3,2,5,1,5,1,2.1,0.11,-0.11,28.7,26.07972492205109,-14.714653524158727,36.22452222956249,21.105387035605407,38.47086683680014
FC,2026-07-23,90.6,-1.77,5.36,"Pfaadt, Brandon",691023,694297,field_out,hit_into_play,,,,,8,"Jordan Walker grounds out, third baseman Tim Tawa to first baseman Tyler Locklear.",R,R,R,STL,AZ,X,5,ground_ball,1,0,2026,-0.08,0.78,0.2345007809968038,2.2547734203345993,,,,0,5,Bot,102.66,170.94,,,,,5.172101707003075,-131.9464141870311,-3.397665438097766,-1.9376449964453584,25.78818544433013,-22.558884450359265,3.461351706,1.746850394,3,85.8,-39,91.8,2538,6.8,823042,672515,682988,545121,694374,672695,596146,814439,682998,53.73,0.063,0.057,0.0,1,0,0,2,42,2,Cutter,2,4,2,4,4,2,2,4,Standard,Standard,206,-0.037,-0.304,82.5,8.4,,0.066,0.304,88.0,-2,-2,0.294,0.294,27,24,28,24,3,2,5,1,5,1,1.98,0.08,0.08,26.5,0.7534590330866879,7.059589316393354,29.27619735243221,43.545584824980935,27.49906242856119
ST,2026-07-23,85.2,-2.08,5.29,"Pfaadt, Brandon",691023,694297,,ball,,,,,13,,R,R,R,STL,AZ,B,,,0,0,2026,0.32,0.33,-0.3193981976891122,0.6750327823878406,,,,0,5,Bot,,,,,,,3.4304717745922924,-123.92312309165293,-4.907054990057055,2.5707553688155627,26.0827563595007,-28.021836817734712,3.461351706,1.746850394,,,,85.2,2629,6.4,823042,672515,682988,545121,694374,672695,596146,814439,682998,54.09,,,,,,,,42,1,Sweeper,2,4,2,4,4,2,2,4,Standard,Standard,78,0.005,0.043,,,,,-0.043,,-2,-2,0.289,0.289,27,24,28,24,3,2,5,1,5,1,2.83,-0.32,-0.32,20.0,,,,,
SL,2026-07-23,83.4,-2.04,5.6,"McGreevy, Michael",596146,700241,field_out,hit_into_play,,,,,13,Max Kepler flies out to right fielder Jordan Walker.,R,L,R,STL,AZ,X,9,fly_ball,1,1,2026,0.33,-0.05,-0.0087708144924088,1.438140370778354,,,,2,5,Top,161.58,77.33,,,,,3.995167432851448,-121.41543700226318,-2.850194482665466,2.4964424599350914,22.398744029621568,-32.34529905659774,3.376222113,1.703887795,314,96.0,42,84.4,2378,6.8,823042,699625,691458,802139,665877,691026,663457,701675,691023,53.73,0.017,0.023,0.0,1,0,0,3,41,3,Slider,2,4,4,2,4,2,4,2,Standard,Standard,116,0.009,-0.246,75.9,8.2,,0.046,0.246,96.0,-2,2,0.28,0.72,25,33,26,33,3,2,6,1,5,1,3.31,-0.33,0.33,30.4,14.871538065716434,-22.51030244899809,39.27597494207339,36.854635148746894,45.08024004783455
FF,2026-07-23,91.6,-2.09,5.65,"McGreevy, Michael",596146,700241,,ball,,,,,11,,R,L,R,STL,AZ,B,,,0,1,2026,-0.81,0.79,-0.1172199681222947,3.722837875086392,,,,2,5,Top,,,,,,,6.75834161511033,-133.35489966486685,-0.6390268514286421,-11.003735129777748,25.87138082414555,-22.755340424691127,3.376222113,1.703887795,,,,92.9,2234,6.8,823042,699625,691458,802139,665877,691026,663457,701675,691023,53.68,,,,,,,,41,2,4-Seam Fastball,2,4,4,2,4,2,4,2,Standard,Standard,228,-0.001,0.029,,,,,-0.029,,-2,2,0.281,0.719,25,33,26,33,3,2,6,1,5,1,1.9,0.81,-0.81,26.7,,,,,
FF,2026-07-23,92.3,-2.13,5.69,"McGreevy, Michael",596146,700241,,foul,,,,,5,,R,L,R,STL,AZ,S,,,0,0,2026,-0.7,1.1,-0.038860580610322,2.5005113775278875,,,,2,5,Top,,,,,,,6.869437416571476,-134.37051880429684,-4.630401524477542,-9.874134591992831,25.89062372769712,-18.05410054763125,3.376222113,1.703887795,185,68.1,52,93.6,2151,6.8,823042,699625,691458,802139,665877,691026,663457,701675,691023,53.73,,,,,,,,41,1,4-Seam Fastball,2,4,4,2,4,2,4,2,Standard,Standard,227,0.001,-0.044,74.4,6.6,,,0.044,88.0,-2,2,0.28,0.72,25,33,26,33,3,2,6,1,5,1,1.55,0.7,-0.7,30.0,-5.7879978075992575,10.673957049863024,33.87762243218956,35.96508097625503,24.18042019490354
CU,2026-07-23,77.8,-2.0,5.86,"McGreevy, Michael",672515,700241,sac_fly,hit_into_play,,,,,9,Gabriel Moreno out on a sacrifice fly to left fielder Lars Nootbaar. Corbin Carroll scores.,R,R,R,STL,AZ,X,7,fly_ball,1,0,2026,1.18,-0.96,0.4375461840983174,2.0167888808994245,682998,,,1,5,Top,54.1,90.46,,,,,2.9858295207796455,-113.19724324967008,0.7591363935179687,9.46152825588704,22.263916134304463,-40.7602439933834,3.071686352,1.55019685,320,95.4,45,78.1,2449,6.7,823042,699625,691458,802139,665877,691026,663457,701675,691023,53.84,,0.013,0.0,1,0,0,3,40,2,Curveball,2,3,3,2,4,2,4,2,Strategic,Standard,41,-0.024,-0.145,73.0,7.8,,,0.145,95.4,-1,1,0.304,0.696,25,26,26,26,3,2,6,1,5,1,4.75,-1.18,-1.18,35.2,24.77320329329162,-8.869807867686239,34.001929917529594,37.2504887341591,48.7646391871759
CU,2026-07-23,77.9,-1.88,5.9,"McGreevy, Michael",672515,700241,,ball,,,,,13,,R,R,R,STL,AZ,B,,,0,0,2026,1.09,-0.95,-1.1457959877141546,2.2139926660476137,682998,,,1,5,Top,,,,,,,-0.4920582804417002,-113.42247270431936,1.0380748775866633,9.487984154041442,21.90608571905388,-40.80435929852497,3.071686352,1.55019685,,,,78.6,2430,6.9,823042,699625,691458,802139,665877,691026,663457,701675,691023,53.64,,,,,,,,40,1,Curveball,2,3,3,2,3,2,3,2,Strategic,Standard,49,-0.002,0.026,,,,,-0.026,,-1,1,0.306,0.694,25,26,26,26,3,2,6,1,5,1,4.72,-1.09,-1.09,35.2,,,,,
SI,2026-07-23,90.1,-2.31,5.67,"McGreevy, Michael",672695,700241,field_out,hit_into_play,,,,,5,Geraldo Perdomo flies out to left fielder Lars Nootbaar in foul territory.,R,L,R,STL,AZ,X,7,fly_ball,1,0,2026,-0.76,0.47,0.0208919319180151,2.244307574575682,682998,,,0,5,Top,64.65,146.11,,,,,7.412178090586931,-131.0714446246033,-3.3840765211858983,-10.255955071731092,26.365362790703728,-26.232602878026366,3.31742126,1.674212598,216,89.0,58,90.9,2154,6.7,823042,699625,691458,802139,665877,691026,663457,701675,691023,53.82,0.014,0.017,0.0,1,0,0,3,39,2,Sinker,2,3,3,2,3,2,3,2,Strategic,Standard,228,0.041,-0.218,71.1,7.2,,0.024,0.218,89.0,-1,1,0.265,0.735,25,26,26,27,3,2,6,1,5,1,2.33,0.76,-0.76,28.2,12.611578780406743,-1.2780360938016075,40.963495045563434,32.73049935312457,25.437992502804367
FF,2026-07-23,91.8,-1.99,5.85,"McGreevy, Michael",672695,700241,,ball,,,,,11,,R,L,R,STL,AZ,B,,,0,0,2026,-0.99,0.92,-1.2133914936617232,3.2133572941933197,682998,,,0,5,Top,,,,,,,4.167300582019924,-133.6553209032505,-2.716890871668065,-12.748206371768322,26.94588836040145,-20.79816837504837,3.31742126,1.674212598,,,,93.1,2209,6.9,823042,699625,691458,802139,665877,691026,663457,701675,691023,53.64,,,,,,,,39,1,4-Seam Fastball,2,3,3,2,3,2,3,2,Strategic,Standard,219,-0.003,0.03,,,,,-0.03,,-1,1,0.268,0.732,25,26,26,27,3,2,6,1,5,1,1.77,0.99,-0.99,32.8,,,,,
CH,2026-07-23,85.6,-2.2,5.72,"McGreevy, Michael",682998,700241,triple,hit_into_play,,,,,4,Corbin Carroll triples (12) on a sharp fly ball to center fielder Nathan Church.,R,L,R,STL,AZ,X,8,fly_ball,1,0,2026,-1.34,0.29,-0.4803759436986179,2.151304806860657,,,,0,5,Top,178.1,51.11,,,,,6.811465908888308,-124.61957568026835,-2.638218567465673,-15.283800633566209,21.23632535118171,-28.818303579089203,3.10328084,1.566141732,386,102.6,27,87.0,1567,6.8,823042,699625,691458,802139,665877,691026,663457,701675,691023,53.68,0.76,1.419,1.6,1,1,2,6,38,2,Changeup,2,3,3,2,3,2,3,2,Standard,Standard,234,-0.09,0.941,77.8,7.6,,2.712,-0.941,102.6,-1,1,0.358,0.642,25,25,26,26,3,2,6,1,5,1,2.78,1.34,-1.34,34.3,12.52022636714079,-0.6037715102768105,24.062846403400503,44.39381811396363,39.05890012356927
FC,2026-07-23,87.6,-2.14,5.69,"McGreevy, Michael",682998,700241,,ball,,,,,11,,R,L,R,STL,AZ,B,,,0,0,2026,-0.17,0.79,-0.1704541841942702,4.100496768581319,,,,0,5,Top,,,,,,,5.108943737366494,-127.6713183460626,0.6736828303579983,-2.706274652629831,20.685879088993104,-23.705937826712933,3.10328084,1.566141732,,,,89.6,2217,6.9,823042,699625,691458,802139,665877,691026,663457,701675,691023,53.55,,,,,,,,38,1,Cutter,2,3,3,2,3,2,3,2,Standard,Standard,215,-0.004,0.043,,,,,-0.043,,-1,1,0.362,0.638,25,25,26,26,3,2,6,1,5,1,2.12,0.17,-0.17,30.0,,,,,
SI,2026-07-23,92.9,-1.96,5.42,"Pfaadt, Brandon",802139,694297,grounded_into_double_play,hit_into_play,,,,,5,"JJ Wetherholt grounds into a double play, shortstop Geraldo Perdomo to first baseman Tyler Locklear. Jimmy Crooks out at 2nd. JJ Wetherholt out at 1st.",R,L,R,STL,AZ,X,6,ground_ball,2,0,2026,-1.31,0.55,0.232103552769378,2.0851296855156525,,,699625,1,4,Bot,124.45,145.6,,,,,8.51508058030874,-135.04869654066036,-3.849438893338274,-17.836622407023004,26.06708294209641,-24.85894382936617,3.096259843,1.562598425,5,93.9,-22,94.0,2303,6.8,823042,672515,682988,545121,694374,672695,596146,814439,682998,53.75,0.124,0.126,0.0,1,0,0,2,37,3,Sinker,2,3,2,3,3,2,2,3,Standard,Standard,226,-0.085,-0.425,70.6,6.9,,0.153,0.425,93.9,-1,-1,0.447,0.447,27,23,28,24,3,2,5,1,5,1,2.08,1.31,-1.31,30.3,3.3995984331584075,22.13303862915781,37.15610586918527,34.20144875623966,21.506404503071188
FF,2026-07-23,93.2,-1.93,5.51,"Pfaadt, Brandon",802139,694297,,ball,,,,,1,,R,L,R,STL,AZ,B,,,1,0,2026,-0.76,1.18,-0.815157426736889,3.1189922376882824,,,699625,1,4,Bot,,,,,,,4.565428964477006,-135.7510857973548,-2.93472328185951,-10.411517753909894,25.318126214316187,-17.02734966450551,3.096259843,1.562598425,,,,94.2,2560,6.5,823042,672515,682988,545121,694374,672695,596146,814439,682998,53.99,,,,,,,,37,2,4-Seam Fastball,2,3,2,3,3,2,2,3,Standard,Standard,221,0.01,0.069,,,,,-0.069,,-1,-1,0.437,0.437,27,23,28,24,3,2,5,1,5,1,1.41,0.76,-0.76,28.7,,,,,
CU,2026-07-23,82.4,-2.01,5.56,"Pfaadt, Brandon",802139,694297,,ball,,,,,11,,R,L,R,STL,AZ,B,,,0,0,2026,0.71,-0.77,-2.09419831193342,3.0524431807483654,,,699625,1,4,Bot,,,,,,,-1.6075075987276946,-120.02032892735532,2.548110118070829,7.210770605074987,22.97261126140429,-40.31331905830307,3.096259843,1.562598425,,,,83.2,2412,6.7,823042,672515,682988,545121,694374,672695,596146,814439,682998,53.77,,,,,,,,37,1,Curveball,2,3,2,3,3,2,2,3,Standard,Standard,58,0.005,0.036,,,,,-0.036,,-1,-1,0.432,0.432,27,23,28,24,3,2,5,1,5,1,4.12,-0.71,0.71,31.0,,,,,
FF,2026-07-23,92.6,-1.87,5.51,"Pfaadt, Brandon",699625,694297,single,hit_into_play,,,,,4,"Jimmy Crooks singles on a ground ball to right fielder Corbin Carroll, deflected by second baseman Ildemaro Vargas.",R,L,R,STL,AZ,X,4,ground_ball,3,2,2026,-0.59,1.22,-0.3410598770467877,2.6347975432347264,,,,1,4,Bot,145.19,109.63,,,,,5.196219652769992,-134.79742384564707,-4.0888131652566715,-8.332392224616857,27.96315111679366,-16.622400300015297,3.200697179,1.615305118,67,100.9,2,93.2,2387,6.5,823042,672515,682988,545121,694374,672695,596146,814439,682998,53.99,0.48,0.446,0.9,1,1,0,4,36,8,4-Seam Fastball,2,3,2,3,3,2,2,3,Infield shade,Standard,218,0.029,0.335,70.7,6.8,,0.539,-0.335,100.9,-1,-1,0.403,0.403,27,24,28,25,2,1,5,1,5,1,1.43,0.59,-0.59,27.5,16.96154819242816,9.96211564931753,35.07775101323331,39.76873370738794,34.758944589539176
FC,2026-07-23,88.8,-1.95,5.29,"Pfaadt, Brandon",699625,694297,,foul,,,,,14,,R,L,R,STL,AZ,S,,,3,2,2026,0.13,0.78,1.3659486020974734,2.135819900046832,,,,1,4,Bot,,,,,,,7.787048880770744,-129.118740901643,-3.128294661392419,-0.2378973007839895,27.57994446051795,-22.99113786024233,3.200697179,1.615305118,,,,89.2,2600,6.6,823042,672515,682988,545121,694374,672695,596146,814439,682998,53.87,,,,,,,,36,7,Cutter,2,3,2,3,3,2,2,3,Infield shade,Standard,200,0.0,0.0,72.3,7.6,,,0.0,,-1,-1,0.403,0.403,27,24,28,25,2,1,5,1,5,1,2.12,-0.13,0.13,26.5,27.38197616460281,-22.616496856012624,41.39549455938007,20.04163221389127,46.34352615108689
CH,2026-07-23,87.8,-2.08,5.18,"Pfaadt, Brandon",699625,694297,,ball,,,,,13,,R,L,R,STL,AZ,B,,,2,2,2026,-1.6,0.52,-0.9253792564973248,1.5345424042826288,,,,1,4,Bot,,,,,,,6.1385318729553005,-127.79911547735946,-3.63828716475811,-18.828045540886297,23.770352523906855,-25.926953935474874,3.200697179,1.615305118,,,,88.4,2158,6.4,823042,672515,682988,545121,694374,672695,596146,814439,682998,54.07,,,,,,,,36,6,Changeup,2,3,2,3,3,2,2,3,Infield shade,Standard,237,0.008,0.111,,,,,-0.111,,-1,-1,0.395,0.395,27,24,28,25,2,1,5,1,5,1,2.41,1.6,-1.6,19.0,,,,,
FC,2026-07-23,91.6,-2.03,5.38,"Pfaadt, Brandon",699625,694297,,foul,,,,,5,,R,L,R,STL,AZ,S,,,2,2,2026,-0.13,0.78,0.1746458835266596,2.283436256308194,,,,1,4,Bot,,,,,,,5.792172002078492,-133.22067982369757,-3.4104957369312374,-2.961169632521784,31.7111392850181,-22.39845193157671,3.200697179,1.615305118,4,92.7,-30,91.5,2642,6.5,823042,672515,682988,545121,694374,672695,596146,814439,682998,54.02,,,,,,,,36,5,Cutter,2,3,2,3,3,2,2,3,Infield shade,Standard,205,0.0,0.0,76.7,7.3,,,0.0,92.7,-1,-1,0.395,0.395,27,24,28,25,2,1,5,1,5,1,1.97,0.13,-0.13,25.2,23.331660371455676,-4.168499150442497,37.79609022511485,33.63907681918868,43.35204751955741
CH,2026-07-23,86.6,-2.09,5.16,"Pfaadt, Brandon",699625,694297,,swinging_strike,,,,,8,,R,L,R,STL,AZ,S,,,2,1,2026,-1.3,0.19,0.0749902752195121,2.069304749491521,,,,1,4,Bot,,,,,,,7.84575492463104,-125.78595221189865,-1.294127284960706,-15.424928262555396,27.70214323671667,-30.1067495408376,3.200697179,1.615305118,,,,86.7,2014,6.7,823042,672515,682988,545121,694374,672695,596146,814439,682998,53.84,,,,,,,,36,4,Changeup,2,3,2,3,3,2,2,3,Infield shade,Standard,239,-0.006,-0.076,76.0,8.3,2.82766266,,0.076,,-1,-1,0.401,0.401,27,24,28,25,2,1,5,1,5,1,2.88,1.3,-1.3,20.1,38.30076091174177,-30.273967808812333,40.68986450753419,35.0728761069593,58.21045371204393
CU,2026-07-23,82.2,-1.86,5.5,"Pfaadt, Brandon",699625,694297,,ball,,,,,13,,R,L,R,STL,AZ,B,,,1,1,2026,0.43,-0.81,-1.074110361988624,2.3802811694895247,,,,1,4,Bot,,,,,,,0.902468424219362,-119.68336452687088,1.3256369027409771,3.961445727094671,24.84382662368612,-40.44348318117191,3.200697179,1.615305118,,,,82.1,2472,6.3,823042,672515,682988,545121,694374,672695,596146,814439,682998,54.16,,,,,,,,36,3,Curveball,2,3,2,3,3,2,2,3,Infield shade,Standard,60,0.004,0.057,,,,,-0.057,,-1,-1,0.397,0.397,27,24,28,25,2,1,5,1,5,1,4.2,-0.43,0.43,28.5,,,,,
FC,2026-07-23,89.6,-1.98,5.37,"Pfaadt, Brandon",699625,694297,,foul,,,,,6,,R,L,R,STL,AZ,S,,,1,0,2026,-0.02,0.56,0.658775803425121,2.27209090408631,,,,1,4,Bot,,,,,,,6.510163767458353,-130.42240635507588,-2.677092917408599,-1.606641272979011,26.6873472103656,-25.394657604063813,3.200697179,1.615305118,4,79.3,-32,90.0,2525,6.5,823042,672515,682988,545121,694374,672695,596146,814439,682998,54.03,,,,,,,,36,2,Cutter,2,3,2,3,3,2,2,3,Infield shade,Standard,199,-0.004,-0.049,69.5,7.1,,,0.049,88.0,-1,-1,0.401,0.401,27,24,28,25,2,1,5,1,5,1,2.27,0.02,-0.02,27.1,27.803364250449967,-9.396062637788118,36.34398348245035,28.961207075186103,46.34849008874714
FC,2026-07-23,88.6,-2.15,5.38,"Pfaadt, Brandon",699625,694297,,ball,,,,,11,,R,L,R,STL,AZ,B,,,0,0,2026,0.04,0.46,-0.9175378726168184,3.206125049492141,,,,1,4,Bot,,,,,,,2.881707529044038,-129.0767617644721,-0.0874317999224914,-0.1122500222375226,25.563165628645574,-27.242343407546763,3.200697179,1.615305118,,,,89.0,2651,6.4,823042,672515,682988,545121,694374,672695,596146,814439,682998,54.13,,,,,,,,36,1,Cutter,2,3,2,3,3,2,2,3,Infield shade,Standard,191,0.003,0.041,,,,,-0.041,,-1,-1,0.398,0.398,27,24,28,25,2,1,5,1,5,1,2.43,-0.04,0.04,24.6,,,,,
ST,2026-07-23,84.3,-2.12,5.26,"Pfaadt, Brandon",691458,694297,field_out,hit_into_play,,,,,9,"Blaze Jordan grounds out, shortstop Geraldo Perdomo to first baseman Tyler Locklear.",R,R,R,STL,AZ,X,6,ground_ball,0,2,2026,0.88,0.47,0.5483224808619398,2.1105587497524767,,,,0,4,Bot,116.34,148.64,,,,,4.334369165988039,-122.71886901251294,-1.6800531006145332,8.008191956311753,24.915012864967952,-27.302465199214005,3.23667979,1.633464567,6,99.8,-21,84.2,2595,6.3,823042,672515,682988,545121,694374,672695,596146,814439,682998,54.23,0.11,0.099,0.0,1,0,0,2,35,3,Sweeper,2,3,2,3,3,2,2,3,Standard,Standard,86,-0.018,-0.165,70.2,7.2,,0.11,0.165,99.8,-1,-1,0.416,0.416,27,23,28,24,2,1,5,1,5,1,2.74,-0.88,-0.88,21.3,-5.009358977878919,9.823773457162918,31.396781645507453,45.44058383444971,28.984776998275805
ST,2026-07-23,84.1,-2.09,5.25,"Pfaadt, Brandon",691458,694297,,swinging_strike,,,,,9,,R,R,R,STL,AZ,S,,,0,1,2026,0.9,0.46,0.5379477745925465,1.6642117582698903,,,,0,4,Bot,,,,,,,4.239975366035256,-122.35573131001566,-2.631151321568673,8.121168134895461,25.598670607491353,-27.21310077598039,3.23667979,1.633464567,,,,84.9,2746,7.0,823042,672515,682988,545121,694374,672695,596146,814439,682998,53.53,,,,,,,,35,2,Sweeper,2,3,2,3,3,2,2,3,Standard,Standard,93,-0.007,-0.053,68.2,8.4,1.71522666,,0.053,,-1,-1,0.423,0.423,27,23,28,24,2,1,5,1,5,1,2.78,-0.9,-0.9,19.3,16.033477439862914,-19.888972953676316,29.83462139854133,46.7688753975479,46.87008974757062
FF,2026-07-23,91.8,-1.76,5.55,"Pfaadt, Brandon",691458,694297,,called_strike,,,,,9,,R,R,R,STL,AZ,S,,,0,0,2026,-0.6,1.21,0.8234187883019864,2.03126905184624,,,,0,4,Bot,,,,,,,7.81542130866766,-133.49829565491814,-5.582746854404504,-8.753111453930186,25.587021642990944,-16.642392619254064,3.23667979,1.633464567,,,,92.7,2459,6.6,823042,672515,682988,545121,694374,672695,596146,814439,682998,53.89,,,,,,,,35,1,4-Seam Fastball,2,3,2,3,3,2,2,3,Standard,Standard,218,-0.005,-0.042,,,,,0.042,,-1,-1,0.428,0.428,27,23,28,24,2,1,5,1,5,1,1.47,0.6,0.6,27.1,,,,,
CU,2026-07-23,80.5,-2.11,5.76,"McGreevy, Michael",814439,700241,field_out,hit_into_play,,,,,9,Ryan Waldschmidt flies out to center fielder Nathan Church.,R,R,R,STL,AZ,X,8,fly_ball,0,0,2026,0.96,-0.86,0.4611536123812106,1.9618361707652467,,,,2,4,Top,114.24,99.35,,,,,3.821245198737849,-117.27544688047372,0.0958245268982478,8.24384153260523,20.6498841709704,-40.411398994984054,3.201574803,1.615748032,251,76.0,38,81.5,2545,6.8,823042,699625,691458,802139,665877,691026,663457,701675,691023,53.75,0.117,0.133,0.0,1,0,0,3,34,1,Curveball,2,3,3,2,3,2,3,2,Standard,Standard,54,0.011,-0.26,74.4,7.4,,0.179,0.26,88.0,-1,1,0.417,0.583,25,23,26,24,2,1,6,1,5,2,4.35,-0.96,-0.96,35.7,8.755338794307544,-12.7757332638823,33.76732751998254,38.62612329657816,30.733247999864663
CH,2026-07-23,86.4,-2.15,5.68,"McGreevy, Michael",682988,700241,home_run,hit_into_play,,,,,4,Tyler Locklear homers (1) on a line drive to left field. Adrian Del Castillo scores.,R,R,R,STL,AZ,X,,line_drive,1,0,2026,-0.89,0.56,-0.4889545762241359,2.419869978229406,680728,,,2,4,Top,23.1,97.46,,,,,5.781993137710083,-125.71527799534682,-2.5459964844289935,-10.549972932523817,24.466641307090303,-25.91043457422164,3.283193898,1.656938976,364,111.5,21,87.3,1624,6.7,823042,699625,691458,802139,665877,691026,663457,701675,691023,53.75,0.954,1.749,2.0,1,0,3,6,33,2,Changeup,2,1,1,2,3,2,3,2,Standard,Standard,228,-0.22,1.4,81.7,7.4,,3.315,-1.4,111.5,1,-1,0.637,0.363,25,25,26,26,2,1,6,1,5,1,2.48,0.89,0.89,29.8,18.946494446276688,-13.84332808819857,32.49798748222729,36.849458607329154,38.42650834691548
SI,2026-07-23,90.4,-2.04,5.64,"McGreevy, Michael",682988,700241,,ball,,,,,14,,R,R,R,STL,AZ,B,,,0,0,2026,-0.9,0.4,0.0682234030204931,1.064785404336197,680728,,,2,4,Top,,,,,,,7.199082999588748,-131.41440527966512,-6.159603736770528,-11.861603701200496,25.516030867467677,-26.523463742414258,3.283193898,1.656938976,,,,91.7,2178,6.9,823042,699625,691458,802139,665877,691026,663457,701675,691023,53.56,,,,,,,,33,1,Sinker,2,1,1,2,1,2,1,2,Standard,Standard,229,-0.001,0.029,,,,,-0.029,,1,-1,0.638,0.362,25,25,26,26,2,1,6,1,5,1,2.38,0.9,0.9,30.2,,,,,
CH,2026-07-23,86.7,-2.13,5.72,"McGreevy, Michael",545121,700241,field_out,hit_into_play,,,,,13,Ildemaro Vargas grounds out softly to first baseman Blaze Jordan.,R,L,R,STL,AZ,X,3,ground_ball,2,2,2026,-1.36,0.34,-1.3449732473194125,0.6215231369602567,680728,,,1,4,Top,149.43,176.96,,,,,4.7089051674149065,-125.94920721476645,-6.302965216689861,-15.410378079324367,31.090745436235945,-27.281091224985428,3.161204068,1.595374016,1,58.9,-52,86.3,1670,6.6,823042,699625,691458,802139,665877,691026,663457,701675,691023,53.87,0.235,0.212,0.0,1,0,0,1,32,5,Changeup,2,1,1,2,1,2,1,2,Strategic,Standard,235,0.062,-0.144,61.6,8.2,,0.237,0.144,88.0,1,-1,0.576,0.424,25,34,26,35,2,1,6,1,5,2,2.76,1.36,-1.36,33.3,-0.6292003566912984,-6.3722495115976905,29.329125464325827,48.36615750875271,20.830181679117548
FC,2026-07-23,89.3,-2.28,5.62,"McGreevy, Michael",545121,700241,,foul,,,,,12,,R,L,R,STL,AZ,S,,,2,1,2026,-0.21,0.54,1.0210991730692676,2.770703033596298,680728,,,1,4,Top,,,,,,,8.50199955696879,-129.62229895475207,-1.816509601536449,-4.3493322076607,31.493871828236976,-26.010980796245104,3.161204068,1.595374016,8,90.6,-22,89.2,2208,6.7,823042,699625,691458,802139,665877,691026,663457,701675,691023,53.79,,,,,,,,32,4,Cutter,2,1,1,2,1,2,1,2,Strategic,Standard,212,0.014,-0.117,74.9,7.5,,,0.117,90.6,1,-1,0.562,0.438,25,34,26,35,2,1,6,1,5,2,2.38,0.21,-0.21,28.8,15.8336670018769,-27.88779514425312,20.013916203578372,22.429948035310076,35.63125900861664
FF,2026-07-23,91.9,-2.02,5.72,"McGreevy, Michael",545121,700241,,ball,,,,,12,,R,L,R,STL,AZ,B,,,1,1,2026,-1.25,0.99,1.1159119387499348,2.394043189174993,680728,,,1,4,Top,,,,,,,10.67395921987178,-133.3226861274576,-4.524633537847038,-17.282899361369488,30.45208399988507,-19.492600283252735,3.161204068,1.595374016,,,,92.3,2258,6.8,823042,699625,691458,802139,665877,691026,663457,701675,691023,53.69,,,,,,,,32,3,4-Seam Fastball,2,1,1,2,1,2,1,2,Strategic,Standard,231,-0.007,0.022,,,,,-0.022,,1,-1,0.569,0.431,25,34,26,35,2,1,6,1,5,2,1.73,1.25,-1.25,31.6,,,,,
SL,2026-07-23,82.7,-1.93,5.66,"McGreevy, Michael",545121,700241,,blocked_ball,,,,,14,,R,L,R,STL,AZ,B,,,0,1,2026,0.27,-0.11,0.7319124555611912,0.2235715065195251,680728,,,1,4,Top,,,,,,,5.455637403648285,-120.29408512351436,-5.401122973353127,1.5437995657857182,23.72604955105402,-32.354008923387084,3.161204068,1.595374016,,,,82.8,2417,6.4,823042,699625,691458,802139,665877,691026,663457,701675,691023,54.07,,,,,,,,32,2,Slider,2,1,1,2,1,2,1,2,Strategic,Standard,105,-0.007,0.025,,,,,-0.025,,1,-1,0.576,0.424,25,34,26,35,2,1,6,1,5,2,3.45,-0.27,0.27,32.0,,,,,
FF,2026-07-23,92.3,-2.02,5.71,"McGreevy, Michael",545121,700241,,called_strike,,,,,6,,R,L,R,STL,AZ,S,,,0,0,2026,-0.96,0.85,0.3169173701323484,2.6175861323447003,680728,,,1,4,Top,,,,,,,8.065411552428627,-134.25161967458644,-3.754336061660984,-13.313642722666168,28.30312183709456,-21.26620028377214,3.161204068,1.595374016,,,,93.2,2200,6.8,823042,699625,691458,802139,665877,691026,663457,701675,691023,53.74,,,,,,,,32,1,4-Seam Fastball,2,1,1,2,1,2,1,2,Strategic,Standard,222,0.011,-0.05,,,,,0.05,,1,-1,0.565,0.435,25,34,26,35,2,1,6,1,5,2,1.82,0.96,-0.96,31.5,,,,,
FF,2026-07-23,92.3,-1.79,5.81,"McGreevy, Michael",694374,700241,sac_fly,hit_into_play,,,,,12,Tim Tawa out on a sacrifice fly to center fielder Nathan Church. Max Kepler scores. Adrian Del Castillo to 3rd.,R,R,R,STL,AZ,X,8,fly_ball,1,1,2026,-0.57,1.13,0.77441792989872,3.2945162821389107,596146,680728,,0,4,Top,151.33,55.88,,,,,7.780364746903959,-134.30040824670266,-2.933833970827792,-8.553194154719241,28.311249242646163,-18.04480893003714,3.162959318,1.596259843,360,96.6,34,93.3,2165,6.8,823042,699625,691458,802139,665877,691026,663457,701675,691023,53.67,,0.375,0.0,1,0,0,5,31,3,4-Seam Fastball,2,0,0,2,1,2,1,2,Standard,Standard,222,0.002,-0.2,73.6,7.0,,,0.2,96.6,2,-2,0.563,0.437,25,27,26,27,2,1,6,1,5,1,1.54,0.57,0.57,33.2,13.255037852833146,5.046352530908565,22.160724460254738,45.100627195407135,28.91335187421056
CH,2026-07-23,87.7,-2.13,5.64,"McGreevy, Michael",694374,700241,,ball,,,,,13,,R,R,R,STL,AZ,B,,,0,1,2026,-1.24,-0.04,-0.7932000554207699,0.8008381780060359,596146,680728,,0,4,Top,,,,,,,5.8614716250915695,-127.54623382758406,-5.213859026849589,-14.798580729380982,28.5568802197743,-31.63818549995935,3.162959318,1.596259843,,,,88.2,1684,6.8,823042,699625,691458,802139,665877,691026,663457,701675,691023,53.69,,,,,,,,31,2,Changeup,2,0,0,2,0,2,0,2,Standard,Standard,235,-0.007,0.016,,,,,-0.016,,2,-2,0.57,0.43,25,27,26,27,2,1,6,1,5,1,3.03,1.24,1.24,29.8,,,,,
SI,2026-07-23,90.9,-1.89,5.69,"McGreevy, Michael",694374,700241,,called_strike,,,,,9,,R,R,R,STL,AZ,S,,,0,0,2026,-0.88,0.6,0.4103659183802085,1.5796360733832833,596146,680728,,0,4,Top,,,,,,,7.757081920896281,-132.15511845660322,-5.543163415608604,-12.03252260885066,28.4122994033816,-24.13967305828111,3.162959318,1.596259843,,,,92.5,2137,7.3,823042,699625,691458,802139,665877,691026,663457,701675,691023,53.22,,,,,,,,31,1,Sinker,2,0,0,2,0,2,0,2,Standard,Standard,219,0.01,-0.061,,,,,0.061,,2,-2,0.56,0.44,25,27,26,27,2,1,6,1,5,1,2.17,0.88,0.88,33.8,,,,,
FC,2026-07-23,89.3,-2.12,5.7,"McGreevy, Michael",680728,700241,double,hit_into_play,,,,,6,Adrian Del Castillo doubles (6) on a sharp line drive to right fielder Jordan Walker. Max Kepler to 3rd.,R,L,R,STL,AZ,X,9,line_drive,1,1,2026,-0.03,0.5,0.7675623655384024,2.0872377929667225,,,596146,0,4,Top,217.68,96.45,,,,,7.1333211072064335,-129.93250580977696,-3.7718903511170945,-1.7621747135829695,26.697376531970978,-25.871858945209365,3.090994095,1.559940945,347,102.8,22,90.1,2265,6.8,823042,699625,691458,802139,665877,691026,663457,701675,691023,53.75,0.629,0.927,1.25,1,1,1,6,30,3,Cutter,2,0,0,2,0,2,0,2,Standard,Standard,212,-0.126,0.775,76.9,7.1,,1.595,-0.775,102.8,2,-2,0.686,0.314,25,26,26,27,2,1,6,4,5,1,2.35,0.03,-0.03,31.4,18.273786795572605,-9.658187497257188,38.181547590912345,28.763316905032767,39.437257403827935
CH,2026-07-23,86.3,-2.13,5.7,"McGreevy, Michael",680728,700241,,called_strike,,,,,9,,R,L,R,STL,AZ,S,,,1,0,2026,-1.0,-0.04,0.5763994448391518,1.8576134851170456,,,596146,0,4,Top,,,,,,,8.466134632710705,-125.34673125724524,-2.5903563420205025,-12.231583230364064,25.64338861669533,-32.276475631818386,3.090994095,1.559940945,,,,86.7,1723,6.7,823042,699625,691458,802139,665877,691026,663457,701675,691023,53.84,,,,,,,,30,2,Changeup,2,0,0,2,0,2,0,2,Standard,Standard,229,0.009,-0.053,,,,,0.053,,2,-2,0.677,0.323,25,26,26,27,2,1,6,4,5,1,3.12,1.0,-1.0,33.5,,,,,
CU,2026-07-23,76.8,-2.07,5.88,"McGreevy, Michael",680728,700241,,ball,,,,,11,,R,L,R,STL,AZ,B,,,0,0,2026,1.22,-1.0,-2.483310836510012,2.7022971756314424,,,596146,0,4,Top,,,,,,,-3.130014886411856,-111.69169452211972,2.40979686314515,10.740326266927754,21.71572229863563,-41.21003219813093,3.090994095,1.559940945,,,,76.8,2475,6.5,823042,699625,691458,802139,665877,691026,663457,701675,691023,53.99,,,,,,,,30,1,Curveball,2,0,0,2,0,2,0,2,Standard,Standard,53,-0.007,0.037,,,,,-0.037,,2,-2,0.684,0.316,25,26,26,27,2,1,6,4,5,1,4.89,-1.22,1.22,40.6,,,,,
CH,2026-07-23,87.7,-2.13,5.73,"McGreevy, Michael",596146,700241,walk,ball,,,,,11,Max Kepler walks.,R,L,R,STL,AZ,B,,,3,1,2026,-1.32,0.57,-1.0525834727593306,3.0535177935006543,,,,0,4,Top,,,,,,,5.390936114595909,-127.65719630070976,-1.3722315568313412,-15.57321157220545,26.02637126098361,-25.861759368915124,3.376222113,1.703887795,,,,88.3,1485,6.6,823042,699625,691458,802139,665877,691026,663457,701675,691023,53.86,,0.698492,0.7,1,0,0,,29,5,Changeup,2,0,0,2,0,2,0,2,Standard,Standard,230,-0.027,0.259,,,,,-0.259,,2,-2,0.711,0.289,25,33,26,33,2,1,6,1,5,1,2.39,1.32,-1.32,32.2,,,,,
FF,2026-07-23,91.4,-1.99,5.75,"McGreevy, Michael",596146,700241,,ball,,,,,11,,R,L,R,STL,AZ,B,,,2,1,2026,-0.86,0.99,-1.2393701384044151,3.4077583321304363,,,,0,4,Top,,,,,,,3.781704983318431,-133.03996941131012,-2.0426480023329168,-10.99907767532776,28.12604373780339,-20.16256167484121,3.376222113,1.703887795,,,,92.1,2125,6.7,823042,699625,691458,802139,665877,691026,663457,701675,691023,53.81,,,,,,,,29,4,4-Seam Fastball,2,0,0,2,0,2,0,2,Standard,Standard,226,-0.014,0.138,,,,,-0.138,,2,-2,0.725,0.275,25,33,26,33,2,1,6,1,5,1,1.73,0.86,-0.86,30.0,,,,,
FC,2026-07-23,87.4,-2.2,5.62,"McGreevy, Michael",596146,700241,,called_strike,,,,,2,,R,L,R,STL,AZ,S,,,2,0,2026,-0.13,0.46,0.1003806443093913,3.393308930290243,,,,0,4,Top,,,,,,,5.796073330924542,-127.2298079106611,-0.002745444739552,-2.60493253638916,25.720330911828473,-27.382225927973657,3.376222113,1.703887795,,,,88.2,2230,6.8,823042,699625,691458,802139,665877,691026,663457,701675,691023,53.75,,,,,,,,29,3,Cutter,2,0,0,2,0,2,0,2,Standard,Standard,211,0.009,-0.075,,,,,0.075,,2,-2,0.716,0.284,25,33,26,33,2,1,6,1,5,1,2.52,0.13,-0.13,28.1,,,,,
FC,2026-07-23,87.6,-2.12,5.69,"McGreevy, Michael",596146,700241,,ball,,,,,12,,R,L,R,STL,AZ,B,,,1,0,2026,-0.25,0.52,0.5076094865785289,3.832420810973235,,,,0,4,Top,,,,,,,6.83245475473768,-127.42329886609944,0.7368852399745698,-4.138206472269956,26.017927475653067,-26.834239824950977,3.376222113,1.703887795,,,,88.3,2252,6.7,823042,699625,691458,802139,665877,691026,663457,701675,691023,53.77,,,,,,,,29,2,Cutter,2,0,0,2,0,2,0,2,Standard,Standard,205,-0.009,0.082,,,,,-0.082,,2,-2,0.725,0.275,25,33,26,33,2,1,6,1,5,1,2.45,0.25,-0.25,29.7,,,,,
FF,2026-07-23,90.5,-2.17,5.66,"McGreevy, Michael",596146,700241,,ball,,,,,11,,R,L,R,STL,AZ,B,,,0,0,2026,-0.77,0.96,-1.296636184602464,3.844092851797005,,,,0,4,Top,,,,,,,3.83523941749246,-131.76963705561178,-0.567470170205416,-9.797192998870903,26.575574765515743,-20.986455481680512,3.376222113,1.703887795,,,,91.2,2046,6.6,823042,699625,691458,802139,665877,691026,663457,701675,691023,53.91,,,,,,,,29,1,4-Seam Fastball,2,0,0,2,0,2,0,2,Standard,Standard,232,-0.004,0.043,,,,,-0.043,,2,-2,0.729,0.271,25,33,26,33,2,1,6,1,5,1,1.8,0.77,-0.77,28.9,,,,,
FC,2026-07-23,90.9,-2.15,5.36,"Pfaadt, Brandon",701675,694297,field_out,hit_into_play,,,,,6,Nathan Church pops out to catcher Gabriel Moreno in foul territory.,R,L,R,STL,AZ,X,2,popup,1,1,2026,-0.09,0.81,0.4696029102127267,2.3292201622502686,676475,,691026,2,3,Bot,110.85,209.21,,,,,6.679923703803445,-132.19868442863856,-3.252059658068821,-2.4145135737600163,27.966266388588476,-22.184365327805793,3.112934711,1.57101378,39,63.7,85,91.3,2557,6.5,823042,672515,682988,545121,694374,672695,596146,814439,682998,53.97,0.001,0.0,0.0,1,0,0,3,28,3,Cutter,2,0,2,0,0,2,2,0,Standard,Standard,199,-0.034,-0.286,72.9,7.8,,0.001,0.286,88.0,2,2,0.763,0.763,27,25,28,26,2,1,5,1,5,1,1.95,0.09,-0.09,27.2,13.099387353636851,-10.782934851448994,33.55134019531098,30.299899176579192,33.5459127076345
CH,2026-07-23,88.5,-2.08,5.26,"Pfaadt, Brandon",701675,694297,,ball,,,,,13,,R,L,R,STL,AZ,B,,,0,1,2026,-1.36,0.45,-1.621605348850342,1.388100130905339,676475,,691026,2,3,Bot,,,,,,,4.037174600633303,-128.86258941767178,-4.155801389880797,-16.01714663371483,25.338275012437386,-26.56639451512258,3.112934711,1.57101378,,,,89.5,2112,6.7,823042,672515,682988,545121,694374,672695,596146,814439,682998,53.76,,,,,,,,28,2,Changeup,2,0,2,0,0,2,2,0,Standard,Standard,232,0.003,0.016,,,,,-0.016,,2,2,0.76,0.76,27,25,28,26,2,1,5,1,5,1,2.45,1.36,-1.36,27.1,,,,,
CH,2026-07-23,87.0,-2.15,5.16,"Pfaadt, Brandon",701675,694297,,foul,,,,,7,,R,L,R,STL,AZ,S,,,0,0,2026,-1.26,0.27,-0.6430184415700899,1.9602829217165447,676475,,691026,2,3,Bot,,,,,,,6.236309272601997,-126.56660342468,-1.8885317051319448,-14.855020772483394,24.39115590747948,-29.135153182690654,3.112934711,1.57101378,169,71.0,65,87.7,1967,6.6,823042,672515,682988,545121,694374,672695,596146,814439,682998,53.87,,,,,,,,28,1,Changeup,2,0,2,0,0,2,2,0,Standard,Standard,230,-0.005,-0.028,70.4,8.0,,,0.028,88.0,2,2,0.765,0.765,27,25,28,26,2,1,5,1,5,1,2.73,1.26,-1.26,20.8,7.264670257946933,-7.537818953740211,32.03021079709608,43.17169824892707,36.38062088128165
FF,2026-07-23,94.2,-1.71,5.57,"Pfaadt, Brandon",665877,694297,field_out,hit_into_play,,,,,6,José Fermín flies out to right fielder Corbin Carroll.,R,R,R,STL,AZ,X,9,fly_ball,2,2,2026,-0.63,1.43,0.342709554900156,2.658386303244576,676475,,691026,1,3,Bot,168.02,143.57,,,,,6.72044260314429,-137.00872798563637,-4.89501136676309,-9.451805895892768,30.5684226564047,-13.255107424796632,3.137508202,1.583415354,180,86.8,60,94.6,2421,6.6,823042,672515,682988,545121,694374,672695,596146,814439,682998,53.92,0.017,0.015,0.0,1,0,0,3,27,6,4-Seam Fastball,2,0,2,0,0,2,2,0,Standard,Standard,219,-0.04,-0.058,68.5,6.9,,0.017,0.058,88.0,2,2,0.805,0.805,27,27,28,27,2,1,5,1,5,2,1.14,0.63,0.63,29.9,3.993942065809476,-2.492922985557434,29.327765374188186,39.52194066380072,25.315360247405877
SI,2026-07-23,93.2,-1.82,5.45,"Pfaadt, Brandon",665877,694297,,foul,,,,,8,,R,R,R,STL,AZ,S,,,2,2,2026,-1.24,0.56,0.2587951223431419,1.8464405842026976,676475,,691026,1,3,Bot,,,,,,,8.081274215701116,-135.41124946941792,-4.535908564095208,-17.03465415243928,29.631463830160698,-24.414014433961817,3.137508202,1.583415354,258,83.8,39,93.5,2388,6.6,823042,672515,682988,545121,694374,672695,596146,814439,682998,53.94,,,,,,,,27,5,Sinker,2,0,2,0,0,2,2,0,Standard,Standard,224,0.0,0.0,69.4,7.2,,,0.0,88.0,2,2,0.805,0.805,27,27,28,27,2,1,5,1,5,2,2.07,1.24,1.24,26.8,4.540487599253202,5.756637668293511,37.42200211355617,39.814067137869216,19.598900640943775
ST,2026-07-23,86.5,-2.11,5.31,"Pfaadt, Brandon",665877,694297,,ball,,,,,14,,R,R,R,STL,AZ,B,,,1,2,2026,0.67,0.33,1.2633105727677838,0.950560472134427,676475,,691026,1,3,Bot,,,,,,,6.579220238134516,-125.69601633138952,-4.583517645832668,5.61679856486066,27.073094481119924,-27.94906511303915,3.137508202,1.583415354,,,,86.8,2830,6.7,823042,672515,682988,545121,694374,672695,596146,814439,682998,53.83,,,,,,,,27,4,Sweeper,2,0,2,0,0,2,2,0,Standard,Standard,98,0.007,0.032,,,,,-0.032,,2,2,0.798,0.798,27,27,28,27,2,1,5,1,5,2,2.74,-0.67,-0.67,25.5,,,,,
FC,2026-07-23,92.6,-1.89,5.41,"Pfaadt, Brandon",665877,694297,,called_strike,,,,,9,,R,R,R,STL,AZ,S,,,1,1,2026,-0.26,0.91,0.5952058973232713,1.8086003328209377,676475,,691026,1,3,Bot,,,,,,,6.858053166601915,-134.60912444239702,-5.203579330048939,-4.609644596836397,29.004621165160888,-20.139631056537496,3.137508202,1.583415354,,,,92.9,2606,6.5,823042,672515,682988,545121,694374,672695,596146,814439,682998,53.97,,,,,,,,27,3,Cutter,2,0,2,0,0,2,2,0,Standard,Standard,202,-0.012,-0.08,,,,,0.08,,2,2,0.81,0.81,27,27,28,27,2,1,5,1,5,2,1.75,0.26,0.26,28.4,,,,,
SI,2026-07-23,92.6,-1.87,5.6,"Pfaadt, Brandon",665877,694297,,called_strike,,,,,2,,R,R,R,STL,AZ,S,,,1,0,2026,-1.4,0.65,0.2559904279878315,2.961179643689312,676475,,691026,1,3,Bot,,,,,,,8.535932191133304,-134.582779763641,-2.1718314429513015,-18.944327038783396,30.202677844483823,-23.963855355184084,3.137508202,1.583415354,,,,93.1,2273,6.7,823042,672515,682988,545121,694374,672695,596146,814439,682998,53.77,,,,,,,,27,2,Sinker,2,0,2,0,0,2,2,0,Standard,Standard,222,-0.004,-0.057,,,,,0.057,,2,2,0.814,0.814,27,27,28,27,2,1,5,1,5,2,2.02,1.4,1.4,28.8,,,,,
FC,2026-07-23,90.8,-1.9,5.36,"Pfaadt, Brandon",665877,694297,,ball,,,,,14,,R,R,R,STL,AZ,B,,,0,0,2026,-0.12,0.83,1.308893205889271,1.6423920051107177,676475,,691026,1,3,Bot,,,,,,,8.269305633518409,-131.91282223450415,-4.962563036316076,-3.2920666086513823,29.63579151255588,-21.555323557333207,3.137508202,1.583415354,,,,91.3,2658,6.8,823042,672515,682988,545121,694374,672695,596146,814439,682998,53.69,,,,,,,,27,1,Cutter,2,0,2,0,0,2,2,0,Standard,Standard,214,0.002,0.018,,,,,-0.018,,2,2,0.812,0.812,27,27,28,27,2,1,5,1,5,2,1.95,0.12,0.12,30.1,,,,,
CH,2026-07-23,89.3,-1.91,5.32,"Pfaadt, Brandon",691026,694297,walk,ball,,,,,14,Masyn Winn walks.,R,R,R,STL,AZ,B,,,3,2,2026,-1.27,0.33,0.7245954964848949,1.100379155184736,676475,,,1,3,Bot,,,,,,,9.217607077186395,-129.76227109600094,-4.922162678149486,-16.22383539075745,24.91803851003455,-27.597584913814387,3.081340223,1.555068898,,,,90.6,2111,7.0,823042,672515,682988,545121,694374,672695,596146,814439,682998,53.54,,0.698492,0.7,1,0,0,,26,6,Changeup,2,0,2,0,0,2,2,0,Strategic,Standard,236,0.009,0.234,,,,,-0.234,,2,2,0.803,0.803,27,24,28,24,2,1,5,1,5,1,2.51,1.27,1.27,28.0,,,,,
SI,2026-07-23,93.5,-1.93,5.43,"Pfaadt, Brandon",691026,694297,,foul,,,,,5,,R,R,R,STL,AZ,S,,,3,1,2026,-1.34,0.7,0.1508402439347569,2.5875474231106423,676475,,,1,3,Bot,,,,,,,8.319300306264093,-135.96776228581115,-2.9588853478494443,-18.490605208733015,29.70506862282475,-23.05782678448005,3.081340223,1.555068898,255,76.7,37,93.7,2421,6.5,823042,672515,682988,545121,694374,672695,596146,814439,682998,54.05,,,,,,,,26,5,Sinker,2,0,2,0,0,2,2,0,Strategic,Standard,228,-0.003,-0.101,68.2,6.5,,,0.101,88.0,2,2,0.806,0.806,27,24,28,24,2,1,5,1,5,1,1.91,1.34,1.34,23.8,-6.7292379292578905,25.255722654780424,23.811043742911227,35.7213214430909,18.883069425466765
ST,2026-07-23,86.3,-1.88,5.47,"Pfaadt, Brandon",691026,694297,,ball,,,,,14,,R,R,R,STL,AZ,B,,,2,1,2026,1.3,0.44,1.606230970302662,1.3172126940114102,676475,,,1,3,Bot,,,,,,,5.502422142969416,-125.54651008731774,-4.246044867712382,12.370552179853856,28.916847392326183,-26.807938512331948,3.081340223,1.555068898,,,,86.1,2820,6.5,823042,672515,682988,545121,694374,672695,596146,814439,682998,53.99,,,,,,,,26,4,Sweeper,2,0,2,0,0,2,2,0,Strategic,Standard,87,0.003,0.074,,,,,-0.074,,2,2,0.803,0.803,27,24,28,24,2,1,5,1,5,1,2.66,-1.3,-1.3,26.8,,,,,
SI,2026-07-23,93.2,-2.05,5.32,"Pfaadt, Brandon",691026,694297,,called_strike,,,,,7,,R,R,R,STL,AZ,S,,,2,0,2026,-1.6,0.33,-0.6991949847612668,1.9383001360692416,676475,,,1,3,Bot,,,,,,,7.061425025472168,-135.44046092215,-3.4260808369105655,-21.27250855987211,31.099597026803764,-27.532102267608817,3.081340223,1.555068898,,,,93.5,2391,6.7,823042,672515,682988,545121,694374,672695,596146,814439,682998,53.85,,,,,,,,26,3,Sinker,2,0,2,0,0,2,2,0,Strategic,Standard,225,-0.002,-0.065,,,,,0.065,,2,2,0.805,0.805,27,24,28,24,2,1,5,1,5,1,2.31,1.6,1.6,22.2,,,,,
ST,2026-07-23,84.8,-2.06,5.32,"Pfaadt, Brandon",691026,694297,,ball,,,,,14,,R,R,R,STL,AZ,B,,,1,0,2026,1.06,0.59,2.4342739106234488,1.774726977243065,676475,,,1,3,Bot,,,,,,,8.233251779498184,-123.1142753612696,-2.833480114953928,8.80388742982976,27.79920360372944,-25.803713345405203,3.081340223,1.555068898,,,,84.6,2833,6.6,823042,672515,682988,545121,694374,672695,596146,814439,682998,53.9,,,,,,,,26,2,Sweeper,2,0,2,0,0,2,2,0,Strategic,Standard,80,0.002,0.037,,,,,-0.037,,2,2,0.803,0.803,27,24,28,24,2,1,5,1,5,1,2.63,-1.06,-1.06,25.6,,,,,
CU,2026-07-23,83.5,-1.68,5.65,"Pfaadt, Brandon",691026,694297,,ball,,,,,14,,R,R,R,STL,AZ,B,,,0,0,2026,0.71,-0.86,0.8448929932737791,0.9584863170492244,676475,,,1,3,Bot,,,,,,,4.322100650680956,-121.4833946231122,-2.3402296737887687,6.060574948930418,25.413064081734177,-40.37094688373614,3.081340223,1.555068898,,,,83.6,2398,6.5,823042,672515,682988,545121,694374,672695,596146,814439,682998,54.01,,,,,,,,26,1,Curveball,2,0,2,0,0,2,2,0,Strategic,Standard,42,0.001,0.026,,,,,-0.026,,2,2,0.802,0.802,27,24,28,24,2,1,5,1,5,1,4.15,-0.71,-0.71,34.6,,,,,
FC,2026-07-23,89.5,-1.85,5.43,"Pfaadt, Brandon",663457,694297,field_out,hit_into_play,,,,,3,"Lars Nootbaar grounds out, first baseman Tyler Locklear to pitcher Brandon Pfaadt. Alec Burleson to 3rd.",R,L,R,STL,AZ,X,3,ground_ball,0,0,2026,0.13,0.62,0.751206056253607,2.9032939031671914,,676475,,0,3,Bot,158.9,171.45,,,,,6.084948698967679,-130.23335832003957,-1.4299318502386846,0.2809867010795525,25.88545555272576,-24.961495372556257,3.259498032,1.644980315,11,93.9,-15,90.2,2591,6.6,823042,672515,682988,545121,694374,672695,596146,814439,682998,53.89,0.162,0.152,0.0,1,0,0,2,25,1,Cutter,2,0,2,0,0,2,2,0,Standard,Standard,189,-0.005,-0.206,71.5,6.6,,0.177,0.206,93.9,2,2,0.807,0.807,27,28,28,29,2,1,5,2,5,1,2.21,-0.13,0.13,30.5,16.324746590450918,-5.379838138302146,28.192798463999004,27.529825885600893,36.81950681364086
CH,2026-07-23,87.6,-1.93,5.29,"Pfaadt, Brandon",676475,694297,double,hit_into_play,,,,,14,Alec Burleson hits a ground-rule double (24) on a line drive to center field.,R,L,R,STL,AZ,X,,line_drive,0,1,2026,-1.33,0.22,0.0235748031721008,1.1181935503295977,,,,0,3,Bot,135.1,21.83,,,,,7.53695939132445,-127.3148725998882,-4.207529718050249,-16.0012761630596,25.346492837410697,-29.160314035130423,3.215616798,1.622834646,387,107.4,18,88.6,2221,6.9,823042,672515,682988,545121,694374,672695,596146,814439,682998,53.6,0.6,0.761,1.25,1,1,1,6,24,2,Changeup,2,0,2,0,0,2,2,0,Infield shade,Standard,234,0.045,0.75,76.5,8.0,,1.205,-0.75,107.4,2,2,0.762,0.762,27,27,28,28,2,1,5,1,5,1,2.75,1.33,-1.33,21.8,9.505014541917474,4.213707612789834,48.5484640777786,29.157973105507835,33.961099366028634
CU,2026-07-23,82.2,-1.8,5.61,"Pfaadt, Brandon",676475,694297,,called_strike,,,,,8,,R,L,R,STL,AZ,S,,,0,0,2026,0.68,-1.02,-0.2106300696689836,2.1110200475150807,,,,0,3,Bot,,,,,,,2.2292818466131785,-119.79830687354284,0.8138426707034614,6.090129242007744,23.065733701513945,-42.34511513596704,3.215616798,1.622834646,,,,82.5,2461,6.4,823042,672515,682988,545121,694374,672695,596146,814439,682998,54.08,,,,,,,,24,1,Curveball,2,0,2,0,0,2,2,0,Infield shade,Standard,49,-0.002,-0.042,,,,,0.042,,2,2,0.764,0.764,27,27,28,28,2,1,5,1,5,1,4.38,-0.68,0.68,32.7,,,,,
SI,2026-07-23,91.6,-2.04,5.69,"McGreevy, Michael",672515,700241,field_out,hit_into_play,,,,,5,"Gabriel Moreno grounds out, second baseman JJ Wetherholt to first baseman Blaze Jordan.",R,R,R,STL,AZ,X,4,ground_ball,2,1,2026,-1.2,0.29,-0.2525852934027472,2.3305111010146775,,682988,672695,2,3,Top,149.78,151.18,,,,,7.132467120114137,-133.30438041091824,-3.0843430726293644,-15.800978737038866,27.600007723106664,-28.24317057490032,3.071686352,1.55019685,11,96.0,-11,92.4,2192,6.7,823042,699625,691458,802139,665877,691026,663457,701675,691023,53.81,0.204,0.184,0.0,1,0,0,2,23,4,Sinker,2,0,0,2,0,2,0,2,Standard,Standard,221,0.051,-0.305,68.6,6.1,,0.223,0.305,96.0,2,-2,0.713,0.287,25,26,26,26,2,1,6,1,5,1,2.42,1.2,1.2,30.2,-4.48773643013152,24.736456573884325,36.30627454148742,32.513601038988156,22.78855627728064
ST,2026-07-23,82.2,-2.15,5.58,"McGreevy, Michael",672515,700241,,ball,,,,,14,,R,R,R,STL,AZ,B,,,1,1,2026,1.44,0.06,1.1679163703011948,1.0770595868961457,,682988,672695,2,3,Top,,,,,,,4.604520039673099,-119.62044089352328,-3.472740980948146,12.680159472630164,25.98250848648769,-31.095605327136024,3.071686352,1.55019685,,,,82.4,2503,6.7,823042,699625,691458,802139,665877,691026,663457,701675,691023,53.82,,,,,,,,23,3,Sweeper,2,0,0,2,0,2,0,2,Standard,Standard,54,-0.006,0.035,,,,,-0.035,,2,-2,0.719,0.281,25,26,26,26,2,1,6,1,5,1,3.35,-1.44,-1.44,28.7,,,,,
ST,2026-07-23,82.2,-2.03,5.62,"McGreevy, Michael",672515,700241,,ball,,,,,14,,R,R,R,STL,AZ,B,,,0,1,2026,1.08,0.11,1.788808987441221,0.8584307303432959,,682988,672695,2,3,Top,,,,,,,6.442367627992864,-119.46999188009656,-4.144432080556793,8.874558473245681,25.47114784293905,-30.43974252599492,3.071686352,1.55019685,,,,82.3,2480,6.7,823042,699625,691458,802139,665877,691026,663457,701675,691023,53.83,,,,,,,,23,2,Sweeper,2,0,0,2,0,2,0,2,Standard,Standard,50,-0.005,0.019,,,,,-0.019,,2,-2,0.724,0.276,25,26,26,26,2,1,6,1,5,1,3.3,-1.08,-1.08,30.5,,,,,
CH,2026-07-23,86.6,-2.06,5.76,"McGreevy, Michael",672515,700241,,called_strike,,,,,8,,R,R,R,STL,AZ,S,,,0,0,2026,-1.48,0.17,-0.2655553136565605,1.5282320483387355,,682988,672695,2,3,Top,,,,,,,7.348537958942464,-125.85387968189828,-4.0071651437055795,-17.25781785983134,25.79061497598775,-29.771632998650205,3.071686352,1.55019685,,,,87.1,1793,6.7,823042,699625,691458,802139,665877,691026,663457,701675,691023,53.78,,,,,,,,23,1,Changeup,2,0,0,2,0,2,0,2,Standard,Standard,232,0.007,-0.034,,,,,0.034,,2,-2,0.717,0.283,25,26,26,26,2,1,6,1,5,1,2.88,1.48,1.48,32.6,,,,,
FC,2026-07-23,88.9,-2.11,5.62,"McGreevy, Michael",672695,700241,walk,ball,,,,,12,Geraldo Perdomo walks.,R,L,R,STL,AZ,B,,,3,1,2026,-0.07,0.44,0.9530691437278788,2.542692161025203,,682988,,2,3,Top,,,,,,,7.617436163464652,-129.27449086861623,-2.2073883628705495,-2.4767597501017957,28.52811300400463,-26.98047086286544,3.31742126,1.674212598,,,,89.3,2267,6.7,823042,699625,691458,802139,665877,691026,663457,701675,691023,53.82,,0.698492,0.7,1,0,0,,22,5,Cutter,2,0,0,2,0,2,0,2,Standard,Standard,207,-0.008,0.08,,,,,-0.08,,2,-2,0.725,0.275,25,26,26,27,2,1,6,1,5,1,2.46,0.07,-0.07,33.8,,,,,
FF,2026-07-23,92.5,-1.97,5.78,"McGreevy, Michael",672695,700241,,ball,,,,,2,,R,L,R,STL,AZ,B,,,2,1,2026,-0.79,1.12,-0.1057623306141279,3.3604211730812077,,682988,,2,3,Top,,,,,,,6.47458044955612,-134.46958964655624,-2.652767821829947,-11.058185521157228,30.565204589649856,-18.202377217534575,3.31742126,1.674212598,,,,92.8,2169,6.6,823042,699625,691458,802139,665877,691026,663457,701675,691023,53.88,,,,,,,,22,4,4-Seam Fastball,2,0,0,2,0,2,0,2,Standard,Standard,222,-0.005,0.039,,,,,-0.039,,2,-2,0.73,0.27,25,26,26,27,2,1,6,1,5,1,1.56,0.79,-0.79,33.1,,,,,
FC,2026-07-23,88.9,-2.17,5.63,"McGreevy, Michael",672695,700241,,called_strike,,,,,3,,R,L,R,STL,AZ,S,,,2,0,2026,-0.07,0.6,0.5509597712216097,2.8331665578880636,,682988,,2,3,Top,,,,,,,6.783839290497211,-129.36623631198802,-1.8648395089998016,-2.314992592771101,28.48733193577323,-25.30802331809379,3.31742126,1.674212598,,,,89.2,2254,6.6,823042,699625,691458,802139,665877,691026,663457,701675,691023,53.87,,,,,,,,22,3,Cutter,2,0,0,2,0,2,0,2,Standard,Standard,218,0.003,-0.03,,,,,0.03,,2,-2,0.727,0.273,25,26,26,27,2,1,6,1,5,1,2.3,0.07,-0.07,28.2,,,,,
CU,2026-07-23,78.4,-1.99,5.87,"McGreevy, Michael",672695,700241,,ball,,,,,13,,R,L,R,STL,AZ,B,,,1,0,2026,1.25,-1.01,-1.03515944620817,1.5716170585302311,,682988,,2,3,Top,,,,,,,-0.3353080537476143,-114.11124631904552,-0.1653882163522562,10.881544973081024,24.73440704306568,-41.078776588113726,3.31742126,1.674212598,,,,78.2,2574,6.5,823042,699625,691458,802139,665877,691026,663457,701675,691023,53.98,,,,,,,,22,2,Curveball,2,0,0,2,0,2,0,2,Standard,Standard,52,-0.003,0.023,,,,,-0.023,,2,-2,0.73,0.27,25,26,26,27,2,1,6,1,5,1,4.77,-1.25,1.25,42.0,,,,,
FF,2026-07-23,91.7,-2.0,5.72,"McGreevy, Michael",672695,700241,,ball,,,,,3,,R,L,R,STL,AZ,B,,,0,0,2026,-0.74,1.13,0.7165291129241533,3.309532374914185,,682988,,2,3,Top,,,,,,,8.462039492321606,-133.3070854983007,-2.513048238220107,-10.71588866602417,30.42971913477293,-18.342358405069568,3.31742126,1.674212598,,,,92.1,2124,6.7,823042,699625,691458,802139,665877,691026,663457,701675,691023,53.8,,,,,,,,22,1,4-Seam Fastball,2,0,0,2,0,2,0,2,Standard,Standard,227,-0.001,0.025,,,,,-0.025,,2,-2,0.731,0.269,25,26,26,27,2,1,6,1,5,1,1.6,0.74,-0.74,31.4,,,,,
SI,2026-07-23,92.1,-2.2,5.57,"McGreevy, Michael",682998,700241,strikeout,called_strike,,,,,6,Corbin Carroll called out on strikes.,R,L,R,STL,AZ,S,2,,2,2,2026,-1.16,-0.04,0.5489178060767943,2.1596259566878704,,682988,,1,3,Top,,,,,,,9.51650190624648,-133.7714291550547,-2.4876482391493857,-15.99734460694336,29.84980181316067,-32.337891465863386,3.10328084,1.566141732,,,,92.5,2145,6.7,823042,699625,691458,802139,665877,691026,663457,701675,691023,53.78,,0.0,0.0,1,0,0,,21,5,Sinker,2,0,0,2,0,2,0,2,Standard,Standard,231,0.033,-0.229,,,,,0.229,,2,-2,0.698,0.302,25,25,26,26,2,1,6,1,5,1,2.75,1.16,-1.16,24.3,,,,,
FF,2026-07-23,92.6,-2.11,5.75,"McGreevy, Michael",682998,700241,,called_strike,,,,,11,,R,L,R,STL,AZ,S,,,2,1,2026,-0.75,1.14,-0.0177213254557671,3.286737078037256,,682988,,1,3,Top,,,,,,,6.9762096105034255,-134.67858219438983,-2.8012254485600265,-10.73346535133265,30.54246784261621,-17.963289196636108,3.10328084,1.566141732,,,,92.9,2154,6.6,823042,699625,691458,802139,665877,691026,663457,701675,691023,53.9,,,,,,,,21,4,4-Seam Fastball,2,0,0,2,0,2,0,2,Standard,Standard,225,0.009,-0.078,,,,,0.078,,2,-2,0.689,0.311,25,25,26,26,2,1,6,1,5,1,1.53,0.75,-0.75,30.4,,,,,
CH,2026-07-23,87.1,-2.11,5.69,"McGreevy, Michael",682998,700241,,called_strike,,,,,8,,R,L,R,STL,AZ,S,,,2,0,2026,-1.34,0.21,-0.0653537251469247,1.5511626349276568,,682988,,1,3,Top,,,,,,,7.691927191512662,-126.46163518873156,-3.905852282184618,-15.992699525495276,28.45717975095755,-29.28179890613753,3.10328084,1.566141732,,,,87.2,1706,6.7,823042,699625,691458,802139,665877,691026,663457,701675,691023,53.79,,,,,,,,21,3,Changeup,2,0,0,2,0,2,0,2,Standard,Standard,238,0.005,-0.041,,,,,0.041,,2,-2,0.684,0.316,25,25,26,26,2,1,6,1,5,1,2.83,1.34,-1.34,32.7,,,,,
FC,2026-07-23,87.7,-2.16,5.67,"McGreevy, Michael",682998,700241,,ball,,,,,12,,R,L,R,STL,AZ,B,,,1,0,2026,-0.06,0.57,0.8929291552991248,3.1897066106295666,,682988,,1,3,Top,,,,,,,7.435513443266399,-127.54411103910994,-0.8452425279503543,-2.2864040887729513,27.11114391258447,-26.043606347568,3.10328084,1.566141732,,,,87.9,2203,6.5,823042,699625,691458,802139,665877,691026,663457,701675,691023,53.98,,,,,,,,21,2,Cutter,2,0,0,2,0,2,0,2,Standard,Standard,220,-0.005,0.026,,,,,-0.026,,2,-2,0.689,0.311,25,25,26,26,2,1,6,1,5,1,2.41,0.06,-0.06,27.1,,,,,
CU,2026-07-23,78.4,-2.0,5.82,"McGreevy, Michael",682998,700241,,ball,,,,,11,,R,L,R,STL,AZ,B,,,0,0,2026,1.05,-0.91,-1.1047377211414946,2.552597738596595,,682988,,1,3,Top,,,,,,,-0.074997900924366,-114.09428274836375,1.8311425330138729,9.12304784295302,24.20441745785667,-40.68599105905273,3.10328084,1.566141732,,,,78.0,2530,6.3,823042,699625,691458,802139,665877,691026,663457,701675,691023,54.17,,,,,,,,21,1,Curveball,2,0,0,2,0,2,0,2,Standard,Standard,51,-0.003,0.038,,,,,-0.038,,2,-2,0.692,0.308,25,25,26,26,2,1,6,1,5,1,4.67,-1.05,1.05,33.0,,,,,
CH,2026-07-23,86.7,-2.09,5.67,"McGreevy, Michael",814439,700241,strikeout,foul_tip,,,,,7,Ryan Waldschmidt strikes out on a foul tip.,R,R,R,STL,AZ,S,2,,0,2,2026,-1.01,0.25,-0.6155934163044003,1.6515039185517302,,682988,,0,3,Top,,,,,,,5.619462555011503,-126.0493776314395,-3.6229240250057138,-11.91239717208702,29.44487353803327,-28.87789229511081,3.201574803,1.615748032,,,,86.7,1743,6.7,823042,699625,691458,802139,665877,691026,663457,701675,691023,53.81,,0.0,0.0,1,0,0,,20,3,Changeup,2,0,0,2,0,2,0,2,Standard,Standard,229,0.028,-0.235,73.0,6.9,,,0.235,,2,-2,0.664,0.336,25,23,26,24,1,0,6,1,5,2,2.82,1.01,1.01,39.5,13.338715511017211,-14.225352760056994,42.94847520245042,25.985490099377376,27.86068733272478
CH,2026-07-23,85.3,-1.99,5.8,"McGreevy, Michael",814439,700241,,foul_bunt,,,,,6,,R,R,R,STL,AZ,S,,,0,1,2026,-1.33,0.61,0.3870933437341384,2.2465558564002897,,682988,,0,3,Top,,,,,,,8.326947980769056,-123.93773282213432,-3.143991708236963,-15.355069997288988,23.12297879667578,-25.443069373840448,3.201574803,1.615748032,,,,86.4,1712,6.9,823042,699625,691458,802139,665877,691026,663457,701675,691023,53.6,,,,,,,,20,2,Changeup,2,0,0,2,0,2,0,2,Standard,Standard,231,0.011,-0.062,8.1,1.6,,,0.062,88.0,2,-2,0.653,0.347,25,23,26,24,1,0,6,1,5,2,2.52,1.33,1.33,35.2,-31.864477533386736,3.5022539328391975,29.94578698040551,38.8864970992095,29.875285354365573
SI,2026-07-23,89.9,-2.01,5.82,"McGreevy, Michael",814439,700241,,called_strike,,,,,6,,R,R,R,STL,AZ,S,,,0,0,2026,-1.13,0.43,0.3555069447286321,2.3336695726829655,,682988,,0,3,Top,,,,,,,8.280767947663081,-130.8399127106541,-3.466442654633437,-14.581368429647512,24.37375829406912,-26.68745731941373,3.201574803,1.615748032,,,,91.1,2211,6.7,823042,699625,691458,802139,665877,691026,663457,701675,691023,53.77,,,,,,,,20,1,Sinker,2,0,0,2,0,2,0,2,Standard,Standard,219,0.007,-0.036,,,,,0.036,,2,-2,0.646,0.354,25,23,26,24,1,0,6,1,5,2,2.36,1.13,1.13,34.7,,,,,
ST,2026-07-23,81.2,-2.06,5.58,"McGreevy, Michael",682988,700241,double,hit_into_play,,,,,9,Tyler Locklear doubles (1) on a sharp line drive to center fielder Nathan Church.,R,R,R,STL,AZ,X,8,line_drive,0,1,2026,1.1,-0.04,0.645810536477669,1.7778978510878174,,,,0,3,Top,90.76,42.98,,,,,3.8470413319139736,-118.22622270244656,-1.529395651669777,9.420908840191633,24.738378051787915,-32.44541230951417,3.283193898,1.656938976,350,103.9,21,81.3,2428,6.6,823042,699625,691458,802139,665877,691026,663457,701675,691023,53.92,0.657,0.954,1.25,1,1,1,6,19,2,Sweeper,2,0,0,2,0,2,0,2,Standard,Standard,56,-0.07,0.75,75.9,7.7,,1.624,-0.75,103.9,2,-2,0.716,0.284,25,25,26,26,1,0,6,1,5,1,3.52,-1.1,-1.1,28.3,18.67300854041526,-0.7248506043650284,33.059783369014575,47.25499227529142,35.658131120477165
SI,2026-07-23,90.6,-2.27,5.61,"McGreevy, Michael",682988,700241,,swinging_strike,,,,,4,,R,R,R,STL,AZ,S,,,0,0,2026,-1.15,0.17,-0.5696201122908984,2.4463754317748267,,,,0,3,Top,,,,,,,6.741975846176625,-131.81182159797223,-2.1431629545854527,-14.8532566373147,28.224145250194052,-29.97035077437848,3.283193898,1.656938976,,,,91.2,2061,6.7,823042,699625,691458,802139,665877,691026,663457,701675,691023,53.83,,,,,,,,19,1,Sinker,2,0,0,2,0,2,0,2,Standard,Standard,234,0.004,-0.042,78.7,7.0,0.195641724,,0.042,,2,-2,0.712,0.288,25,25,26,26,1,0,6,1,5,1,2.61,1.15,1.15,26.4,16.121163821515026,-4.69826711160984,31.045756617776465,36.54344809186346,28.018824216957327
ST,2026-07-23,85.0,-2.01,5.37,"Pfaadt, Brandon",691023,694297,field_out,hit_into_play,,,,,8,"Jordan Walker grounds out sharply, shortstop Geraldo Perdomo to first baseman Tyler Locklear.",R,R,R,STL,AZ,X,6,ground_ball,0,1,2026,0.64,0.43,-0.0944577073456363,2.0597710914233853,,,,2,2,Bot,107.22,144.59,,,,,3.1357630200287723,-123.9312177393721,-2.1833600588622795,6.042555194068028,22.994431474378786,-27.465105852733323,3.461351706,1.746850394,45,102.6,-1,85.6,2785,6.4,823042,672515,682988,545121,694374,672695,596146,814439,682998,54.11,0.46,0.421,0.0,1,0,0,4,18,2,Sweeper,2,0,2,0,0,2,2,0,Standard,Standard,93,-0.007,-0.216,79.2,8.5,,0.5,0.216,102.6,2,2,0.719,0.719,27,24,28,24,2,1,5,1,5,1,2.69,-0.64,-0.64,22.8,2.55019340343891,-8.596980884628538,33.41703070215914,38.20442644886979,30.45987383597859
FC,2026-07-23,89.7,-1.83,5.62,"Pfaadt, Brandon",691023,694297,,foul,,,,,11,,R,R,R,STL,AZ,S,,,0,0,2026,-0.06,0.8,-0.6612783168586073,3.996285835022338,,,,2,2,Bot,,,,,,,3.005418351668096,-130.6470746506193,0.4425458269578036,-1.393539606654074,28.88740408631461,-23.423612726417915,3.461351706,1.746850394,144,63.1,56,89.8,2779,6.4,823042,672515,682988,545121,694374,672695,596146,814439,682998,54.09,,,,,,,,18,1,Cutter,2,0,2,0,0,2,2,0,Standard,Standard,186,-0.001,-0.044,71.8,6.9,,,0.044,88.0,2,2,0.72,0.72,27,24,28,24,2,1,5,1,5,1,2.04,0.06,0.06,30.3,-0.3385830570260793,16.6803522688947,21.98656059561529,33.4760549098597,21.094395117041053
CH,2026-07-23,87.7,-2.16,5.25,"Pfaadt, Brandon",802139,694297,field_out,hit_into_play,,,,,13,"JJ Wetherholt grounds out, second baseman Ildemaro Vargas to first baseman Tyler Locklear.",R,L,R,STL,AZ,X,4,ground_ball,2,2,2026,-1.92,0.54,-0.8497445086014279,1.0346742703664955,,,,1,2,Bot,138.63,153.71,,,,,7.200986800137002,-127.3928807282433,-4.970469264396096,-22.440585912365233,26.36483217629984,-25.427659517808884,3.096259843,1.562598425,3,71.2,-18,88.1,2182,6.6,823042,672515,682988,545121,694374,672695,596146,814439,682998,53.86,0.062,0.056,0.0,1,0,0,2,17,5,Changeup,2,0,2,0,0,2,2,0,Standard,Standard,235,-0.009,-0.235,65.7,8.1,,0.066,0.235,88.0,2,2,0.729,0.729,27,23,28,24,2,1,5,1,5,1,2.43,1.92,-1.92,25.2,15.612617961519035,11.171440163454683,37.00278130209313,45.87533284064379,27.422762861918052
CU,2026-07-23,84.2,-1.96,5.65,"Pfaadt, Brandon",802139,694297,,ball,,,,,13,,R,L,R,STL,AZ,B,,,1,2,2026,0.57,-1.17,-0.5476368820911062,0.909224818559581,,,,1,2,Bot,,,,,,,2.1023389549470832,-122.48835040710485,-1.909240068961304,5.166859506304175,27.88727102068812,-43.60188304049124,3.096259843,1.562598425,,,,83.9,2576,6.5,823042,672515,682988,545121,694374,672695,596146,814439,682998,54.05,,,,,,,,17,4,Curveball,2,0,2,0,0,2,2,0,Standard,Standard,53,0.001,0.052,,,,,-0.052,,2,2,0.728,0.728,27,23,28,24,2,1,5,1,5,1,4.42,-0.57,0.57,31.3,,,,,
FC,2026-07-23,90.8,-1.97,5.51,"Pfaadt, Brandon",802139,694297,,called_strike,,,,,3,,R,L,R,STL,AZ,S,,,1,1,2026,-0.08,0.93,0.3157918160268544,3.0062806631723653,,,,1,2,Bot,,,,,,,5.82919859069962,-132.0822657008478,-2.127913092702105,-2.331977830009653,31.24121350624776,-21.111786760311773,3.096259843,1.562598425,,,,90.6,2638,6.4,823042,672515,682988,545121,694374,672695,596146,814439,682998,54.09,,,,,,,,17,3,Cutter,2,0,2,0,0,2,2,0,Standard,Standard,201,-0.002,-0.071,,,,,0.071,,2,2,0.73,0.73,27,23,28,24,2,1,5,1,5,1,1.86,0.08,-0.08,26.8,,,,,
CH,2026-07-23,88.7,-1.99,5.44,"Pfaadt, Brandon",802139,694297,,ball,,,,,14,,R,L,R,STL,AZ,B,,,0,1,2026,-1.68,0.35,0.5080023852565607,0.938178643251637,,,,1,2,Bot,,,,,,,9.61665399529759,-128.63169402652937,-5.383182771446054,-20.6811289943939,28.37447318342101,-27.257081869540865,3.096259843,1.562598425,,,,88.6,2074,6.6,823042,672515,682988,545121,694374,672695,596146,814439,682998,53.94,,,,,,,,17,2,Changeup,2,0,2,0,0,2,2,0,Standard,Standard,234,0.001,0.033,,,,,-0.033,,2,2,0.729,0.729,27,23,28,24,2,1,5,1,5,1,2.58,1.68,-1.68,26.0,,,,,
FF,2026-07-23,93.2,-1.7,5.63,"Pfaadt, Brandon",802139,694297,,called_strike,,,,,8,,R,L,R,STL,AZ,S,,,0,0,2026,-0.5,1.47,-0.0402950331116107,1.8493694316484832,,,,1,2,Bot,,,,,,,5.351836745559989,-135.5635657648833,-7.049125966235341,-7.371251186249311,30.27797634900914,-12.641103407356262,3.096259843,1.562598425,,,,93.6,2515,6.6,823042,672515,682988,545121,694374,672695,596146,814439,682998,53.89,,,,,,,,17,1,4-Seam Fastball,2,0,2,0,0,2,2,0,Standard,Standard,220,-0.002,-0.041,,,,,0.041,,2,2,0.731,0.731,27,23,28,24,2,1,5,1,5,1,1.16,0.5,-0.5,32.7,,,,,
FF,2026-07-23,92.1,-1.71,5.69,"Pfaadt, Brandon",699625,694297,field_out,hit_into_play,,,,,3,Jimmy Crooks pops out to shortstop Geraldo Perdomo.,R,L,R,STL,AZ,X,6,popup,0,0,2026,-0.46,1.46,0.4235045015771107,3.1541352387636667,,,,0,2,Bot,122.37,123.78,,,,,6.390405703578313,-134.01419026253234,-3.6477902051037066,-6.967332131982345,29.864835381859635,-13.98404033857895,3.200697179,1.615305118,191,98.3,62,92.4,2470,6.6,823042,672515,682988,545121,694374,672695,596146,814439,682998,53.95,0.02,0.021,0.0,1,0,0,3,16,1,4-Seam Fastball,2,0,2,0,0,2,2,0,Infield shade,Standard,214,-0.016,-0.26,73.1,7.0,,0.031,0.26,98.3,2,2,0.747,0.747,27,24,28,25,1,0,5,1,5,1,1.23,0.46,-0.46,33.3,32.33671752293049,-4.164766059487073,31.07326538129339,31.08305496453737,39.259257080311514
CH,2026-07-23,88.0,-2.25,5.7,"McGreevy, Michael",545121,700241,field_out,hit_into_play,,,,,13,"Ildemaro Vargas grounds out, second baseman JJ Wetherholt to first baseman Blaze Jordan.",R,L,R,STL,AZ,X,4,ground_ball,2,2,2026,-1.07,0.17,-0.9207329603647288,0.7522955373015652,,,,2,2,Top,151.3,156.75,,,,,5.4952830861848705,-128.04779806761195,-6.042318021798909,-12.918759011519288,26.17888135416228,-29.2724277160903,3.161204068,1.595374016,2,101.7,-22,88.9,1620,6.8,823042,699625,691458,802139,665877,691026,663457,701675,691023,53.66,0.107,0.096,0.0,1,0,0,2,15,7,Changeup,2,0,0,2,0,2,0,2,Infield shade,Standard,235,0.009,-0.222,,,,0.112,0.222,101.7,2,-2,0.738,0.262,25,34,26,35,1,0,6,1,5,2,2.77,1.07,-1.07,31.5,,,,,
CH,2026-07-23,87.7,-2.3,5.65,"McGreevy, Michael",545121,700241,,foul,,,,,13,,R,L,R,STL,AZ,S,,,2,2,2026,-1.04,-0.15,-1.201848543889016,1.3483561132842028,,,,2,2,Top,,,,,,,4.864972923836733,-127.6022757109962,-3.7675141412919073,-12.40633168117478,25.295996658872664,-33.23983566331264,3.161204068,1.595374016,1,,-60,88.7,1729,6.8,823042,699625,691458,802139,665877,691026,663457,701675,691023,53.67,,,,,,,,15,6,Changeup,2,0,0,2,0,2,0,2,Infield shade,Standard,226,0.0,0.0,64.7,7.9,,,0.0,,2,-2,0.738,0.262,25,34,26,35,1,0,6,1,5,2,3.1,1.04,-1.04,31.0,2.1952629658503335,1.8427557040975753,21.036108262854793,47.13908070779403,23.402479269902315
SI,2026-07-23,91.3,-2.15,5.54,"McGreevy, Michael",545121,700241,,foul,,,,,12,,R,L,R,STL,AZ,S,,,2,2,2026,-0.53,0.27,0.9958972658874574,2.4549652609157193,,,,2,2,Top,,,,,,,9.03423548545831,-132.8062536390451,-2.314780776228639,-8.110731350624246,26.95501663263374,-28.64596150227451,3.161204068,1.595374016,2,32.1,-55,92.2,2165,6.7,823042,699625,691458,802139,665877,691026,663457,701675,691023,53.76,,,,,,,,15,5,Sinker,2,0,0,2,0,2,0,2,Infield shade,Standard,235,0.0,0.0,70.5,7.0,,,0.0,88.0,2,-2,0.738,0.262,25,34,26,35,1,0,6,1,5,2,2.45,0.53,-0.53,22.5,5.6107577838466955,-10.158710250787342,25.86360431461316,23.195014266472448,29.35172767276932
FF,2026-07-23,92.6,-2.07,5.67,"McGreevy, Michael",545121,700241,,ball,,,,,11,,R,L,R,STL,AZ,B,,,1,2,2026,-0.58,0.82,-0.7472602298296666,4.48206505025573,,,,2,2,Top,,,,,,,4.66281063825302,-134.90519288782363,1.0183819667136125,-8.069599948153883,26.198711843356097,-22.437342422381622,3.161204068,1.595374016,,,,93.8,2148,6.7,823042,699625,691458,802139,665877,691026,663457,701675,691023,53.82,,,,,,,,15,4,4-Seam Fastball,2,0,0,2,0,2,0,2,Infield shade,Standard,227,-0.002,0.042,,,,,-0.042,,2,-2,0.74,0.26,25,34,26,35,1,0,6,1,5,2,1.81,0.58,-0.58,28.4,,,,,
CH,2026-07-23,87.0,-2.32,5.7,"McGreevy, Michael",545121,700241,,foul,,,,,11,,R,L,R,STL,AZ,S,,,1,1,2026,-1.01,0.42,-0.8848426401999063,2.4180995358032065,,,,2,2,Top,,,,,,,5.536495697249524,-126.60136884119156,-2.322490611545229,-12.03707582295038,27.9397379877988,-27.35354779017631,3.161204068,1.595374016,178,74.9,61,87.2,1576,6.6,823042,699625,691458,802139,665877,691026,663457,701675,691023,53.88,,,,,,,,15,3,Changeup,2,0,0,2,0,2,0,2,Standard,Standard,231,0.003,-0.065,70.1,7.1,,,0.065,88.0,2,-2,0.737,0.263,25,34,26,35,1,0,6,1,5,2,2.61,1.01,-1.01,31.4,-5.715312468713388,14.13181094213994,20.239762306425348,42.85472020902184,17.761527092493402
FC,2026-07-23,88.4,-2.19,5.69,"McGreevy, Michael",545121,700241,,called_strike,,,,,2,,R,L,R,STL,AZ,S,,,1,0,2026,0.01,0.33,-0.2717808834459282,2.8649797303076485,,,,2,2,Top,,,,,,,4.626793220086943,-128.64134232907284,-1.2880518123406326,-0.8810603201240272,27.347981202261593,-28.457229157871957,3.161204068,1.595374016,,,,89.0,2261,6.7,823042,699625,691458,802139,665877,691026,663457,701675,691023,53.81,,,,,,,,15,2,Cutter,2,0,0,2,0,2,0,2,Standard,Standard,199,0.001,-0.056,,,,,0.056,,2,-2,0.736,0.264,25,34,26,35,1,0,6,1,5,2,2.59,-0.01,0.01,31.7,,,,,
FF,2026-07-23,92.3,-1.99,5.71,"McGreevy, Michael",545121,700241,,ball,,,,,9,,R,L,R,STL,AZ,B,,,0,0,2026,-0.78,1.1,0.8003788364774804,1.7949002072866092,,,,2,2,Top,,,,,,,8.81225578144867,-134.0682950564062,-6.395263848651526,-11.307450362857972,28.122079010966814,-17.651614562350257,3.161204068,1.595374016,,,,93.2,2132,6.9,823042,699625,691458,802139,665877,691026,663457,701675,691023,53.63,,,,,,,,15,1,4-Seam Fastball,2,0,0,2,0,2,0,2,Standard,Standard,227,-0.001,0.041,,,,,-0.041,,2,-2,0.737,0.263,25,34,26,35,1,0,6,1,5,2,1.58,0.78,-0.78,35.2,,,,,
CH,2026-07-23,88.1,-2.27,5.61,"McGreevy, Michael",694374,700241,field_out,hit_into_play,,,,,7,"Tim Tawa grounds out, third baseman José Fermín to first baseman Blaze Jordan.",R,R,R,STL,AZ,X,5,ground_ball,0,2,2026,-1.38,0.3,-0.7301284645545287,1.7199349577329084,,,,1,2,Top,99.62,173.47,,,,,6.679755346104691,-128.1015814270943,-3.8164600537538487,-16.614864980169084,24.99964276283021,-28.29708749083435,3.162959318,1.596259843,5,83.2,-18,89.1,1636,6.8,823042,699625,691458,802139,665877,691026,663457,701675,691023,53.68,0.062,0.056,0.0,1,0,0,2,14,3,Changeup,2,0,0,2,0,2,0,2,Standard,Standard,231,0.01,-0.163,68.8,6.8,,0.069,0.163,88.0,2,-2,0.727,0.273,25,27,26,27,1,0,6,1,5,1,2.63,1.38,1.38,31.3,2.1422456674116344,-9.22662725204112,43.49295227327209,24.50767087442475,29.050084899502014
FF,2026-07-23,92.4,-1.85,5.8,"McGreevy, Michael",694374,700241,,called_strike,,,,,12,,R,R,R,STL,AZ,S,,,0,1,2026,-1.12,0.99,0.1132610130278088,3.4838876009101787,,,,1,2,Top,,,,,,,7.45849934703187,-134.4867570988192,-2.1574808858296057,-15.138875886924252,26.796854077559267,-19.86742120157565,3.162959318,1.596259843,,,,93.4,2288,6.7,823042,699625,691458,802139,665877,691026,663457,701675,691023,53.82,,,,,,,,14,2,4-Seam Fastball,2,0,0,2,0,2,0,2,Standard,Standard,223,0.004,-0.058,,,,,0.058,,2,-2,0.723,0.277,25,27,26,27,1,0,6,1,5,1,1.66,1.12,1.12,32.8,,,,,
ST,2026-07-23,81.8,-2.06,5.63,"McGreevy, Michael",694374,700241,,called_strike,,,,,9,,R,R,R,STL,AZ,S,,,0,0,2026,0.98,-0.2,0.7183684627410192,1.506478238247647,,,,1,2,Top,,,,,,,4.2998343006441075,-119.15612125924048,-2.1089357143197103,8.465032048384883,23.65653591504143,-33.830944546098806,3.162959318,1.596259843,,,,82.3,2456,6.7,823042,699625,691458,802139,665877,691026,663457,701675,691023,53.84,,,,,,,,14,1,Sweeper,2,0,0,2,0,2,0,2,Standard,Standard,61,0.002,-0.041,,,,,0.041,,2,-2,0.721,0.279,25,27,26,27,1,0,6,1,5,1,3.6,-0.98,-0.98,29.8,,,,,
CH,2026-07-23,87.1,-2.22,5.71,"McGreevy, Michael",680728,700241,strikeout,called_strike,,,,,2,Adrian Del Castillo called out on strikes.,R,L,R,STL,AZ,S,2,,3,2,2026,-1.16,0.18,-0.0968044313295937,2.747934239081391,,,,0,2,Top,,,,,,,7.500317423296875,-126.67992673761762,-1.1542475586960648,-13.935549653964936,24.186690420419236,-30.202824779455383,3.090994095,1.559940945,,,,87.9,1608,6.7,823042,699625,691458,802139,665877,691026,663457,701675,691023,53.83,,0.0,0.0,1,0,0,,13,6,Changeup,2,0,0,2,0,2,0,2,Infield shade,Standard,243,0.029,-0.346,,,,,0.346,,2,-2,0.692,0.308,25,26,26,27,1,0,6,4,5,1,2.81,1.16,-1.16,32.4,,,,,
FF,2026-07-23,92.4,-2.0,5.81,"McGreevy, Michael",680728,700241,,foul,,,,,11,,R,L,R,STL,AZ,S,,,3,1,2026,-0.85,1.04,-0.0840545158423232,3.432986138311083,,,,0,2,Top,,,,,,,6.771225613660564,-134.5395628688988,-2.4469994599756073,-11.760831785860816,25.33019404084017,-19.1839410699683,3.090994095,1.559940945,203,75.1,23,93.7,2264,6.7,823042,699625,691458,802139,665877,691026,663457,701675,691023,53.79,,,,,,,,13,5,4-Seam Fastball,2,0,0,2,0,2,0,2,Infield shade,Standard,220,0.01,-0.103,65.6,5.2,,,0.103,88.0,2,-2,0.682,0.318,25,26,26,27,1,0,6,4,5,1,1.6,0.85,-0.85,33.1,-8.68337240810504,25.89985566294024,33.5759503775214,37.24473181507105,19.062862897782843
CU,2026-07-23,78.0,-2.1,5.78,"McGreevy, Michael",680728,700241,,ball,,,,,11,,R,L,R,STL,AZ,B,,,2,1,2026,1.06,-0.98,-0.9867658153164536,2.9690054833094663,,,,0,2,Top,,,,,,,0.3821931829906513,-113.52628731400196,2.8910827424723013,9.094588953736082,20.792116737690034,-41.364817724810266,3.090994095,1.559940945,,,,78.5,2521,6.6,823042,699625,691458,802139,665877,691026,663457,701675,691023,53.88,,,,,,,,13,4,Curveball,2,0,0,2,0,2,0,2,Infield shade,Standard,53,-0.012,0.138,,,,,-0.138,,2,-2,0.694,0.306,25,26,26,27,1,0,6,4,5,1,4.72,-1.06,1.06,34.8,,,,,
FC,2026-07-23,87.2,-2.06,5.69,"McGreevy, Michael",680728,700241,,called_strike,,,,,3,,R,L,R,STL,AZ,S,,,2,0,2026,0.26,0.62,0.4111058376721042,3.02865608385949,,,,0,2,Top,,,,,,,5.350753816686417,-126.98218532426588,-1.4127482487347307,1.7665450222419574,24.022935098654074,-25.33499505395423,3.090994095,1.559940945,,,,88.0,2306,6.6,823042,699625,691458,802139,665877,691026,663457,701675,691023,53.95,,,,,,,,13,3,Cutter,2,0,0,2,0,2,0,2,Infield shade,Standard,199,0.008,-0.075,,,,,0.075,,2,-2,0.686,0.314,25,26,26,27,1,0,6,4,5,1,2.35,-0.26,0.26,29.3,,,,,
FC,2026-07-23,87.3,-2.32,5.58,"McGreevy, Michael",680728,700241,,ball,,,,,11,,R,L,R,STL,AZ,B,,,1,0,2026,0.09,0.81,-1.2408997757924884,4.415403713147601,,,,0,2,Top,,,,,,,2.3945067094919867,-127.20973514519436,1.7488175449898553,0.4934884978701503,23.966046466128898,-23.88403237363529,3.090994095,1.559940945,,,,87.8,2258,6.4,823042,699625,691458,802139,665877,691026,663457,701675,691023,54.13,,,,,,,,13,2,Cutter,2,0,0,2,0,2,0,2,Infield shade,Standard,208,-0.008,0.082,,,,,-0.082,,2,-2,0.694,0.306,25,26,26,27,1,0,6,4,5,1,2.16,-0.09,0.09,28.3,,,,,
FF,2026-07-23,90.7,-2.15,5.87,"McGreevy, Michael",680728,700241,,ball,,,,,11,,R,L,R,STL,AZ,B,,,0,0,2026,-0.84,1.06,-1.5121711223414231,4.576793632319291,,,,0,2,Top,,,,,,,3.467925191776957,-132.1108736110013,0.5228845776209441,-10.63401801559403,27.077625047131065,-20.054833041658213,3.090994095,1.559940945,,,,92.5,2160,7.2,823042,699625,691458,802139,665877,691026,663457,701675,691023,53.26,,,,,,,,13,1,4-Seam Fastball,2,0,0,2,0,2,0,2,Infield shade,Standard,221,-0.004,0.043,,,,,-0.043,,2,-2,0.698,0.302,25,26,26,27,1,0,6,4,5,1,1.7,0.84,-0.84,34.9,,,,,
ST,2026-07-23,86.2,-2.11,5.31,"Pfaadt, Brandon",691458,694297,field_out,hit_into_play,,,,,6,Blaze Jordan flies out to right fielder Corbin Carroll.,R,R,R,STL,AZ,X,9,fly_ball,0,2,2026,0.75,0.55,0.7434316230283222,2.3876410847081013,676475,663457,665877,2,1,Bot,187.17,109.24,,,,,5.154091132808735,-125.46375764834352,-1.6495434723692946,6.892993297711417,25.177763569972193,-26.267184372909924,3.23667979,1.633464567,270,85.9,35,86.6,2787,6.5,823042,672515,682988,545121,694374,672695,596146,814439,682998,54.01,0.023,0.032,0.0,1,0,0,3,12,3,Sweeper,2,0,2,0,0,2,2,0,Standard,Standard,104,-0.031,-0.163,66.8,6.9,,0.052,0.163,88.0,2,2,0.729,0.729,27,23,28,24,1,0,5,1,5,1,2.52,-0.75,-0.75,22.8,-4.8467090391129,7.450650703989662,31.085152257122704,47.370798321749106,29.291750789672307
ST,2026-07-23,85.1,-2.12,5.38,"Pfaadt, Brandon",691458,694297,,foul,,,,,1,,R,R,R,STL,AZ,S,,,0,1,2026,0.45,0.86,-0.6894767756949736,2.7632856129600643,676475,663457,665877,2,1,Bot,,,,,,,2.412673766713255,-123.9212572435594,-1.3521447510529958,4.082646444387126,26.695738403531585,-23.338403980855055,3.23667979,1.633464567,120,63.2,71,85.3,2847,6.5,823042,672515,682988,545121,694374,672695,596146,814439,682998,53.96,,,,,,,,12,2,Sweeper,2,0,2,0,0,2,2,0,Standard,Standard,90,-0.012,-0.049,72.1,7.5,,,0.049,88.0,2,2,0.741,0.741,27,23,28,24,1,0,5,1,5,1,2.31,-0.45,-0.45,24.7,10.084257595681374,-23.859321701185515,30.32571912663473,31.002904838805673,42.088782981575086
ST,2026-07-23,85.5,-2.04,5.37,"Pfaadt, Brandon",691458,694297,,called_strike,,,,,14,,R,R,R,STL,AZ,S,,,0,0,2026,0.43,0.66,0.965983899868798,2.1497755787597908,676475,663457,665877,2,1,Bot,,,,,,,6.123741595232051,-124.34665988080889,-2.4440136747593937,3.208520171725316,25.086482285555416,-25.051734873245938,3.23667979,1.633464567,,,,85.7,2894,6.5,823042,672515,682988,545121,694374,672695,596146,814439,682998,54.04,,,,,,,,12,1,Sweeper,2,0,2,0,0,2,2,0,Standard,Standard,82,-0.008,-0.039,,,,,0.039,,2,2,0.749,0.749,27,23,28,24,1,0,5,1,5,1,2.46,-0.43,-0.43,22.9,,,,,
CH,2026-07-23,88.5,-2.08,5.33,"Pfaadt, Brandon",701675,694297,strikeout,swinging_strike,,,,,13,Nathan Church strikes out swinging.,R,L,R,STL,AZ,S,2,,2,2,2026,-1.34,0.33,-1.1170251567537417,1.95694843101691,676475,663457,665877,1,1,Bot,,,,,,,5.17485726185044,-128.85862982015234,-2.7147570341938683,-15.961869383301396,25.00534925876055,-28.101579794518756,3.112934711,1.57101378,,,,89.3,2028,6.6,823042,672515,682988,545121,694374,672695,596146,814439,682998,53.91,,0.0,0.0,1,0,0,,11,5,Changeup,2,0,2,0,0,2,2,0,Standard,Standard,240,-0.043,-0.278,70.9,7.8,0.7851429,,0.278,,2,2,0.792,0.792,27,25,28,26,1,0,5,1,5,1,2.56,1.34,-1.34,24.8,7.90777951366365,3.49700115874933,30.9254067931364,48.490832694557,24.739379817585753
SI,2026-07-23,93.8,-1.99,5.41,"Pfaadt, Brandon",701675,694297,,foul,,,,,1,,R,L,R,STL,AZ,S,,,2,1,2026,-1.28,0.63,-0.3645337683498573,3.0935601876133783,676475,663457,665877,1,1,Bot,,,,,,,7.06529364224064,-136.46750589506556,-1.488071058096032,-17.492506097706627,30.077024020336665,-24.19687786944794,3.112934711,1.57101378,246,73.6,39,94.4,2387,6.7,823042,672515,682988,545121,694374,672695,596146,814439,682998,53.82,,,,,,,,11,4,Sinker,2,0,2,0,0,2,2,0,Standard,Standard,222,-0.014,-0.085,68.2,6.4,,,0.085,88.0,2,2,0.806,0.806,27,25,28,26,1,0,5,1,5,1,1.96,1.28,-1.28,25.8,2.893901917970327,15.66386795067869,28.983637131822302,39.23353489328364,25.53271355615369
CH,2026-07-23,88.4,-1.93,5.26,"Pfaadt, Brandon",701675,694297,,blocked_ball,,,,,14,,R,L,R,STL,AZ,B,,,1,1,2026,-1.16,0.46,1.0563194703199004,0.0713584827872808,676475,663457,665877,1,1,Bot,,,,,,,9.72654513276682,-128.2481193018631,-7.36073649330237,-14.714673500637568,24.802428624129853,-25.70985845351522,3.112934711,1.57101378,,,,89.5,2053,7.0,823042,672515,682988,545121,694374,672695,596146,814439,682998,53.52,,,,,,,,11,3,Changeup,2,0,2,0,0,2,2,0,Standard,Standard,234,0.009,0.054,,,,,-0.054,,2,2,0.797,0.797,27,25,28,26,1,0,5,1,5,1,2.45,1.16,-1.16,23.4,,,,,
CU,2026-07-23,82.8,-1.98,5.61,"Pfaadt, Brandon",701675,694297,,foul,,,,,9,,R,L,R,STL,AZ,S,,,1,0,2026,0.8,-1.14,0.6221191387576024,1.6209111274725865,676475,663457,665877,1,1,Bot,,,,,,,4.288333706584272,-120.4713272400255,-0.0928386320284861,6.928807077305175,24.015447188583146,-43.46230267491539,3.112934711,1.57101378,,,,83.0,2542,6.5,823042,672515,682988,545121,694374,672695,596146,814439,682998,54.0,,,,,,,,11,2,Curveball,2,0,2,0,0,2,2,0,Standard,Standard,52,-0.009,-0.05,71.7,8.5,,,0.05,,2,2,0.806,0.806,27,25,28,26,1,0,5,1,5,1,4.47,-0.8,0.8,32.1,28.191887108707817,-26.204472849708814,33.5441236195043,30.32695992383346,47.2242886638919
SI,2026-07-23,94.2,-2.06,5.42,"Pfaadt, Brandon",701675,694297,,ball,,,,,13,,R,L,R,STL,AZ,B,,,0,0,2026,-1.1,0.5,-1.5758821936057894,2.0945205394099773,676475,663457,665877,1,1,Bot,,,,,,,3.754148203851542,-137.21780967594307,-3.922465482325672,-14.789027509255972,28.250238248717267,-25.226679270623706,3.112934711,1.57101378,,,,95.3,2413,6.7,823042,672515,682988,545121,694374,672695,596146,814439,682998,53.81,,,,,,,,11,1,Sinker,2,0,2,0,0,2,2,0,Standard,Standard,224,0.006,0.03,,,,,-0.03,,2,2,0.8,0.8,27,25,28,26,1,0,5,1,5,1,2.05,1.1,-1.1,26.4,,,,,
FF,2026-07-23,93.3,-1.95,5.58,"Pfaadt, Brandon",665877,694297,walk,ball,,,,,11,José Fermín walks.,R,R,R,STL,AZ,B,,,3,1,2026,-0.23,1.29,-0.7254285419315998,3.732152798621655,676475,663457,,1,1,Bot,,,,,,,3.6517168002457745,-135.8524053724811,-1.7328894493093314,-3.673592893357178,29.38833336542498,-15.990343888935,3.137508202,1.583415354,,,,93.7,2507,6.5,823042,672515,682988,545121,694374,672695,596146,814439,682998,54.03,,0.698492,0.7,1,0,0,,10,5,4-Seam Fastball,2,0,2,0,0,2,2,0,Standard,Standard,213,0.004,0.092,,,,,-0.092,,2,2,0.796,0.796,27,27,28,27,1,0,5,1,5,2,1.32,0.23,0.23,30.4,,,,,
SI,2026-07-23,93.9,-1.72,5.59,"Pfaadt, Brandon",665877,694297,,ball,,,,,11,,R,R,R,STL,AZ,B,,,2,1,2026,-1.15,0.65,-0.9440379705260078,3.359485002445373,676475,663457,,1,1,Bot,,,,,,,4.630603947856215,-136.68439788317642,-1.3411437282579497,-15.489408548341595,30.96533071167621,-23.914271473119133,3.137508202,1.583415354,,,,94.5,2366,6.7,823042,672515,682988,545121,694374,672695,596146,814439,682998,53.8,,,,,,,,10,4,Sinker,2,0,2,0,0,2,2,0,Standard,Standard,222,0.002,0.029,,,,,-0.029,,2,2,0.794,0.794,27,27,28,27,1,0,5,1,5,2,1.94,1.15,1.15,33.7,,,,,
SI,2026-07-23,93.2,-1.82,5.56,"Pfaadt, Brandon",665877,694297,,ball,,,,,13,,R,R,R,STL,AZ,B,,,1,1,2026,-1.31,0.23,-1.1436152573316052,1.6435780928282149,676475,663457,,1,1,Bot,,,,,,,4.669872599320847,-135.54344054458403,-4.53757178329314,-17.166054748378517,32.69205243565182,-28.441060762461586,3.137508202,1.583415354,,,,93.3,2328,6.6,823042,672515,682988,545121,694374,672695,596146,814439,682998,53.91,,,,,,,,10,3,Sinker,2,0,2,0,0,2,2,0,Standard,Standard,226,0.004,0.053,,,,,-0.053,,2,2,0.79,0.79,27,27,28,27,1,0,5,1,5,2,2.42,1.31,1.31,28.3,,,,,
ST,2026-07-23,84.3,-2.06,5.38,"Pfaadt, Brandon",665877,694297,,swinging_strike,,,,,14,,R,R,R,STL,AZ,S,,,1,0,2026,1.39,0.28,1.0988471993827094,1.5832474885584182,676475,663457,,1,1,Bot,,,,,,,4.464326555146292,-122.65356890636664,-2.7628401501738304,12.965174883434816,26.036972701325876,-28.958393278001573,3.137508202,1.583415354,,,,84.5,2753,6.6,823042,672515,682988,545121,694374,672695,596146,814439,682998,53.92,,,,,,,,10,2,Sweeper,2,0,2,0,0,2,2,0,Standard,Standard,83,-0.004,-0.064,64.5,7.9,2.536717656,,0.064,,2,2,0.794,0.794,27,27,28,27,1,0,5,1,5,2,2.94,-1.39,-1.39,27.2,15.719067453200292,-17.197151112396767,39.099928471916115,47.994742940597455,38.86797148646987
ST,2026-07-23,85.7,-2.01,5.37,"Pfaadt, Brandon",665877,694297,,ball,,,,,14,,R,R,R,STL,AZ,B,,,0,0,2026,0.84,0.34,2.805201726272422,1.118782372027641,676475,663457,,1,1,Bot,,,,,,,9.52867619208164,-124.4839430297708,-4.193504702001903,6.655293368777299,26.552309426437056,-27.98486839537146,3.137508202,1.583415354,,,,85.8,2854,6.6,823042,672515,682988,545121,694374,672695,596146,814439,682998,53.88,,,,,,,,10,1,Sweeper,2,0,2,0,0,2,2,0,Standard,Standard,84,0.001,0.03,,,,,-0.03,,2,2,0.793,0.793,27,27,28,27,1,0,5,1,5,2,2.79,-0.84,-0.84,23.1,,,,,
FF,2026-07-23,94.4,-1.67,5.64,"Pfaadt, Brandon",691026,694297,field_out,hit_into_play,,,,,5,Masyn Winn flies out sharply to center fielder Ryan Waldschmidt. Alec Burleson to 3rd. Lars Nootbaar to 2nd.,R,R,R,STL,AZ,X,8,fly_ball,0,0,2026,-0.75,1.17,-0.0035498680821508,2.2997654934514205,,676475,663457,0,1,Bot,151.56,46.25,,,,,5.974381839747146,-137.34130132112884,-5.484483430033297,-10.749497297834107,28.80189021251488,-16.31256869849186,3.081340223,1.555068898,382,102.7,24,94.9,2492,6.4,823042,672515,682988,545121,694374,672695,596146,814439,682998,54.06,0.72,1.244,0.0,1,0,0,6,9,1,4-Seam Fastball,2,0,2,0,0,2,2,0,Standard,Standard,219,0.0,-0.253,76.4,7.4,,2.291,0.253,102.7,2,2,0.793,0.793,27,24,28,24,1,0,5,1,5,1,1.38,0.75,0.75,34.0,5.882052411282581,0.7731397070642734,31.05605263135899,32.38157686683819,31.715030898798812
CU,2026-07-23,84.1,-1.99,5.65,"Pfaadt, Brandon",663457,694297,single,hit_into_play,,,,,7,Lars Nootbaar singles on a sharp ground ball to center fielder Ryan Waldschmidt. Jordan Walker scores. Alec Burleson to 2nd.,R,L,R,STL,AZ,X,8,ground_ball,1,2,2026,0.73,-1.0,-0.4810511384585987,1.9154207410057291,691023,,676475,0,1,Bot,124.22,193.47,,,,,1.983639149127468,-122.58158848299102,-0.0543295663354737,6.99853945118551,23.69556854929188,-42.49197291038758,3.259498032,1.644980315,26,108.8,-3,84.6,2497,6.5,823042,672515,682988,545121,694374,672695,596146,814439,682998,54.04,0.437,0.393,0.9,1,1,0,4,8,5,Curveball,1,0,1,0,0,2,2,0,Infield shade,Standard,53,0.06,0.547,78.9,6.8,,0.445,-0.547,108.8,1,1,0.733,0.733,27,28,28,29,1,0,5,2,5,1,4.21,-0.73,0.73,32.1,-8.02051794104864,7.792438856576431,33.11558383610615,40.36639758799366,26.09329229723514
CU,2026-07-23,84.6,-1.95,5.6,"Pfaadt, Brandon",663457,694297,,foul,,,,,13,,R,L,R,STL,AZ,S,,,1,2,2026,0.89,-1.0,-0.0862970629621723,0.8690863470396373,691023,,676475,0,1,Bot,,,,,,,2.481174331174395,-123.1516961068081,-2.367165919380955,8.515218152171267,25.900983394985683,-42.011701924159645,3.259498032,1.644980315,,,,84.9,2512,6.6,823042,672515,682988,545121,694374,672695,596146,814439,682998,53.9,,,,,,,,8,4,Curveball,1,0,1,0,0,1,1,0,Infield shade,Standard,53,0.0,0.0,74.2,7.8,,,0.0,,1,1,0.733,0.733,27,28,28,29,1,0,5,2,5,1,4.2,-0.89,0.89,31.2,9.3958859982407,-10.922290395381694,34.9724856397457,36.467505900939315,36.492246181225966
CH,2026-07-23,88.4,-2.16,5.23,"Pfaadt, Brandon",663457,694297,,ball,,,,,13,,R,L,R,STL,AZ,B,,,0,2,2026,-1.58,0.29,-2.45367433645166,1.872993551007216,691023,,676475,0,1,Bot,,,,,,,2.674700188038171,-128.6873393005813,-2.4406632006230455,-18.045396935277843,30.41998842112431,-28.684471649047456,3.259498032,1.644980315,,,,88.5,2128,6.7,823042,672515,682988,545121,694374,672695,596146,814439,682998,53.85,,,,,,,,8,3,Changeup,1,0,1,0,0,1,1,0,Infield shade,Standard,235,0.004,0.016,,,,,-0.016,,1,1,0.729,0.729,27,28,28,29,1,0,5,2,5,1,2.66,1.58,-1.58,19.0,,,,,
CH,2026-07-23,88.9,-2.18,5.31,"Pfaadt, Brandon",663457,694297,,swinging_strike,,,,,13,,R,L,R,STL,AZ,S,,,0,1,2026,-1.42,0.31,-1.0097726224088708,0.7458013203577498,691023,,676475,0,1,Bot,,,,,,,5.895732978183679,-129.14636664388863,-5.50139463959864,-17.131852576377057,29.064584168334715,-27.647126898224403,3.259498032,1.644980315,,,,89.0,2189,6.6,823042,672515,682988,545121,694374,672695,596146,814439,682998,53.9,,,,,,,,8,2,Changeup,1,0,1,0,0,1,1,0,Infield shade,Standard,241,-0.011,-0.061,43.7,7.4,5.001001416,,0.061,,1,1,0.74,0.74,27,28,28,29,1,0,5,2,5,1,2.6,1.42,-1.42,19.5,9.49518316824508,2.632693867145303,33.874070058215274,47.01457593500496,26.68194091025792
CU,2026-07-23,83.2,-2.05,5.71,"Pfaadt, Brandon",663457,694297,,called_strike,,,,,1,,R,L,R,STL,AZ,S,,,0,0,2026,0.99,-1.01,-0.7797209525964108,2.9724315635656136,691023,,676475,0,1,Bot,,,,,,,0.8903926365704664,-121.08064098211088,2.4187623740800563,9.550325456170675,25.142976883519175,-42.77093436367308,3.259498032,1.644980315,,,,83.0,2488,6.3,823042,672515,682988,545121,694374,672695,596146,814439,682998,54.21,,,,,,,,8,1,Curveball,1,0,1,0,0,1,1,0,Infield shade,Standard,50,-0.006,-0.045,,,,,0.045,,1,1,0.746,0.746,27,28,28,29,1,0,5,2,5,1,4.32,-0.99,0.99,31.5,,,,,
FF,2026-07-23,95.1,-2.11,5.58,"Pfaadt, Brandon",676475,694297,single,hit_into_play,,,,,11,Alec Burleson singles on a ground ball to shortstop Geraldo Perdomo. Jordan Walker to 3rd.,R,L,R,STL,AZ,X,6,ground_ball,0,2,2026,-0.88,0.87,-1.4487456164070265,3.4673722874318313,,691023,,0,1,Bot,120.9,164.86,,,,,3.7119664347198857,-138.4389471350805,-1.7077615030057294,-12.150362633904493,31.234866184125817,-20.779596808427375,3.215616798,1.622834646,3,83.2,-47,95.1,2549,6.3,823042,672515,682988,545121,694374,672695,596146,814439,682998,54.18,0.097,0.087,0.9,1,1,0,2,7,3,4-Seam Fastball,1,0,1,0,0,1,1,0,Infield shade,Standard,220,0.063,0.589,59.5,6.9,,0.097,-0.589,88.0,1,1,0.683,0.683,27,27,28,28,1,0,5,1,5,1,1.65,0.88,-0.88,30.1,19.50768197337842,23.730008551819083,20.396370883717008,45.43524823873429,18.71450874720579
CH,2026-07-23,90.2,-2.05,5.33,"Pfaadt, Brandon",676475,694297,,foul,,,,,13,,R,L,R,STL,AZ,S,,,0,1,2026,-1.67,0.25,-0.9502147393913852,0.6178623841614699,,691023,,0,1,Bot,,,,,,,6.355324172889316,-131.0128583844596,-6.023509992301854,-20.519335222960866,29.54850165463154,-28.13914848761937,3.215616798,1.622834646,39,64.5,4,90.5,2171,6.7,823042,672515,682988,545121,694374,672695,596146,814439,682998,53.77,,,,,,,,7,2,Changeup,1,0,1,0,0,1,1,0,Infield shade,Standard,235,-0.009,-0.062,68.8,8.6,,,0.062,88.0,1,1,0.692,0.692,27,27,28,28,1,0,5,1,5,1,2.58,1.67,-1.67,25.6,14.846096107673342,3.697352857760541,44.6690630842288,40.93944428330848,37.5571908505715
FF,2026-07-23,94.9,-1.87,5.65,"Pfaadt, Brandon",676475,694297,,called_strike,,,,,4,,R,L,R,STL,AZ,S,,,0,0,2026,-0.7,1.34,-0.3759954160009759,2.4664736571004076,,691023,,0,1,Bot,,,,,,,5.498477229995524,-138.01850710008324,-5.4910485571477,-10.23368701113356,32.38232274301257,-14.083423302011967,3.215616798,1.622834646,,,,95.2,2426,6.6,823042,672515,682988,545121,694374,672695,596146,814439,682998,53.91,,,,,,,,7,1,4-Seam Fastball,1,0,1,0,0,1,1,0,Infield shade,Standard,218,-0.005,-0.036,,,,,0.036,,1,1,0.697,0.697,27,27,28,28,1,0,5,1,5,1,1.21,0.7,-0.7,31.5,,,,,
SI,2026-07-23,93.2,-1.88,5.65,"Pfaadt, Brandon",691023,694297,double,hit_into_play,,,,,5,Jordan Walker doubles (22) on a sharp line drive to center fielder Ryan Waldschmidt. JJ Wetherholt scores.,R,R,R,STL,AZ,X,8,line_drive,0,0,2026,-1.53,0.66,0.156927749678718,2.552345431725591,,,802139,0,1,Bot,155.94,53.93,,,,,8.6223822572719,-135.40300748198743,-3.408086236264371,-20.768471190664012,31.41679324842622,-23.55101074375018,3.461351706,1.746850394,366,110.7,13,93.3,2345,6.6,823042,672515,682988,545121,694374,672695,596146,814439,682998,53.92,0.789,0.835,1.25,1,1,1,6,6,1,Sinker,0,0,0,0,0,1,1,0,Standard,Standard,221,0.114,0.76,,,,1.19,-0.76,110.7,0,0,0.583,0.583,27,24,28,24,1,0,5,1,5,1,1.99,1.53,1.53,29.3,,,,,
SI,2026-07-23,93.5,-1.97,5.48,"Pfaadt, Brandon",802139,694297,single,hit_into_play,,,,,8,JJ Wetherholt singles on a ground ball to second baseman Ildemaro Vargas.,R,L,R,STL,AZ,X,4,ground_ball,0,1,2026,-1.14,0.53,-0.066711586635439,2.007922427292206,,,,0,1,Bot,139.65,168.4,,,,,7.448171454030071,-136.05062634602996,-4.259934641690403,-15.703718545254738,26.110694891909368,-24.92909844697632,3.096259843,1.562598425,1,85.4,-60,94.7,2297,6.7,823042,672515,682988,545121,694374,672695,596146,814439,682998,53.81,0.341,0.321,0.9,1,1,0,2,5,2,Sinker,0,0,0,0,0,0,0,0,Infield shade,Standard,226,0.038,0.488,69.1,6.9,,0.345,-0.488,88.0,0,0,0.545,0.545,27,23,28,24,1,0,5,1,5,1,2.06,1.14,-1.14,28.0,-3.040227914014859,18.324757368524597,39.85922839797187,34.91376413719617,18.503355359647372
FF,2026-07-23,92.9,-1.86,5.63,"Pfaadt, Brandon",802139,694297,,called_strike,,,,,5,,R,L,R,STL,AZ,S,,,0,0,2026,-0.46,1.28,0.2499900371784104,2.1853865944212068,,,,0,1,Bot,,,,,,,6.40135134990603,-135.20244715931048,-5.747349502928708,-6.969191006430548,26.471574672693997,-15.437383191146637,3.096259843,1.562598425,,,,93.8,2427,6.6,823042,672515,682988,545121,694374,672695,596146,814439,682998,53.9,,,,,,,,5,1,4-Seam Fastball,0,0,0,0,0,0,0,0,Infield shade,Standard,222,-0.003,-0.042,,,,,0.042,,0,0,0.548,0.548,27,23,28,24,1,0,5,1,5,1,1.34,0.46,-0.46,32.3,,,,,
CH,2026-07-23,87.1,-2.2,5.66,"McGreevy, Michael",596146,700241,grounded_into_double_play,hit_into_play,,,,,13,"Max Kepler grounds into a double play, pitcher Michael McGreevy to shortstop Masyn Winn to first baseman Blaze Jordan. Gabriel Moreno out at 2nd. Max Kepler out at 1st.",R,L,R,STL,AZ,X,1,ground_ball,0,0,2026,-1.36,0.12,-0.9498341781421004,1.4190429038319985,672695,,672515,1,1,Top,128.5,182.09,,,,,5.82677209516019,-126.65213343990378,-4.044701068472499,-15.78405177820433,25.635967834283175,-30.280267928405227,3.376222113,1.703887795,9,72.0,-9,87.7,1659,6.7,823042,699625,691458,802139,665877,691026,663457,701675,691023,53.79,0.062,0.056,0.0,1,0,0,2,4,1,Changeup,0,0,0,0,0,0,0,0,Standard,Standard,237,0.113,-0.313,70.9,7.6,,0.069,0.313,88.0,0,0,0.435,0.565,25,33,26,33,1,0,6,1,5,1,2.89,1.36,-1.36,28.8,2.011922540484429,-3.137013777636566,34.89065092674765,48.391302699247255,33.082761132895186
SI,2026-07-23,89.8,-1.98,5.71,"McGreevy, Michael",672515,700241,single,hit_into_play,,,,,5,Gabriel Moreno singles on a line drive to right fielder Jordan Walker. Geraldo Perdomo to 3rd.,R,R,R,STL,AZ,X,9,line_drive,0,1,2026,-1.06,0.59,-0.1059246583323501,2.2694097515166014,,,672695,1,1,Top,174.11,98.98,,,,,6.900868572345496,-130.58539342976434,-3.612728602366337,-13.617607278719102,26.88169573099656,-24.849272221577017,3.071686352,1.55019685,230,92.6,14,90.4,2185,6.6,823042,699625,691458,802139,665877,691026,663457,701675,691023,53.86,0.969,0.904,0.9,1,1,0,4,3,2,Sinker,0,0,0,0,0,0,0,0,Standard,Strategic,223,-0.067,0.449,73.2,6.6,,1.094,-0.449,92.6,0,0,0.502,0.498,25,26,26,26,1,0,6,1,5,1,2.23,1.06,1.06,30.7,1.1252514936428455,14.221971310729666,37.57765462085578,32.156148030659345,30.516878473560183
SI,2026-07-23,91.4,-1.9,5.74,"McGreevy, Michael",672515,700241,,called_strike,,,,,9,,R,R,R,STL,AZ,S,,,0,0,2026,-0.94,0.47,0.6204565483785723,1.4359095744357542,,,672695,1,1,Top,,,,,,,8.371846891420539,-132.79756511091443,-5.799740863632973,-12.833432431165624,26.936426445138224,-25.61190344333731,3.071686352,1.55019685,,,,92.2,2245,6.7,823042,699625,691458,802139,665877,691026,663457,701675,691023,53.76,,,,,,,,3,1,Sinker,0,0,0,0,0,0,0,0,Standard,Strategic,218,0.004,-0.039,,,,,0.039,,0,0,0.498,0.502,25,26,26,26,1,0,6,1,5,1,2.26,0.94,0.94,29.8,,,,,
FC,2026-07-23,89.6,-2.14,5.61,"McGreevy, Michael",672695,700241,walk,ball,,,,,11,Geraldo Perdomo walks.,R,L,R,STL,AZ,B,,,3,2,2026,0.02,0.28,-1.2307039235018409,3.8012350840330513,,,,1,1,Top,,,,,,,2.1895149644192786,-130.59519515503328,1.022177514295629,-0.241717023574457,25.3531110844214,-29.29556028672645,3.31742126,1.674212598,,,,90.5,2320,6.5,823042,699625,691458,802139,665877,691026,663457,701675,691023,53.95,,0.698492,0.7,1,0,0,,2,8,Cutter,0,0,0,0,0,0,0,0,Infield shade,Standard,206,-0.02,0.338,,,,,-0.338,,0,0,0.518,0.482,25,26,26,27,1,0,6,1,5,1,2.53,-0.02,0.02,28.0,,,,,
CH,2026-07-23,88.3,-2.24,5.73,"McGreevy, Michael",672695,700241,,ball,,,,,11,,R,L,R,STL,AZ,B,,,2,2,2026,-0.95,0.14,-1.5111432855888989,2.8154653571260706,,,,1,1,Top,,,,,,,3.7676001920912423,-128.70960226444177,-1.1554442831399692,-11.313485473148104,25.063563381298543,-30.62368186103337,3.31742126,1.674212598,,,,89.0,1707,6.5,823042,699625,691458,802139,665877,691026,663457,701675,691023,54.02,,,,,,,,2,7,Changeup,0,0,0,0,0,0,0,0,Infield shade,Standard,238,-0.006,0.111,,,,,-0.111,,0,0,0.524,0.476,25,26,26,27,1,0,6,1,5,1,2.76,0.95,-0.95,29.8,,,,,
CH,2026-07-23,88.3,-2.26,5.63,"McGreevy, Michael",672695,700241,,foul,,,,,13,,R,L,R,STL,AZ,S,,,2,2,2026,-1.12,-0.04,-0.271581119343693,1.469334656092154,,,,1,1,Top,,,,,,,7.196206093642878,-128.4450020482644,-3.76540881498957,-13.841792551643843,25.562413584931747,-32.07325209432035,3.31742126,1.674212598,2,52.0,-39,89.0,1621,6.7,823042,699625,691458,802139,665877,691026,663457,701675,691023,53.84,,,,,,,,2,6,Changeup,0,0,0,0,0,0,0,0,Infield shade,Standard,237,0.0,0.0,70.5,7.6,,,0.0,88.0,0,0,0.524,0.476,25,26,26,27,1,0,6,1,5,1,2.96,1.12,-1.12,29.3,16.917551982746755,-11.22226557227319,42.16897714229087,36.852589963606704,35.42523544853407
SI,2026-07-23,92.5,-2.08,5.53,"McGreevy, Michael",672695,700241,,foul,,,,,9,,R,L,R,STL,AZ,S,,,2,2,2026,-0.93,0.2,0.6352422610819439,1.8396157119604832,,,,1,1,Top,,,,,,,8.98798647446265,-134.5016683854061,-3.914421983561484,-13.10263752372844,24.84527299257029,-29.195187652492887,3.31742126,1.674212598,2,,-47,93.9,2228,6.8,823042,699625,691458,802139,665877,691026,663457,701675,691023,53.69,,,,,,,,2,5,Sinker,0,0,0,0,0,0,0,0,Infield shade,Standard,241,0.0,0.0,64.4,6.3,,,0.0,,0,0,0.524,0.476,25,26,26,27,1,0,6,1,5,1,2.44,0.93,-0.93,24.3,0.4861270733084176,4.697746823641868,46.72990688003783,25.9958116434985,17.23050621227478
FC,2026-07-23,89.1,-2.13,5.6,"McGreevy, Michael",672695,700241,,swinging_strike,,,,,2,,R,L,R,STL,AZ,S,,,2,1,2026,-0.02,0.38,-0.1398566103941712,3.1517343834071982,,,,1,1,Top,,,,,,,4.895660030246072,-129.66450711569462,-0.5888218228752011,-1.2692451100044155,27.78278921042832,-28.018954499954916,3.31742126,1.674212598,,,,89.5,2359,6.6,823042,699625,691458,802139,665877,691026,663457,701675,691023,53.93,,,,,,,,2,4,Cutter,0,0,0,0,0,0,0,0,Standard,Standard,203,0.004,-0.076,67.7,6.6,0.274324068,,0.076,,0,0,0.52,0.48,25,26,26,27,1,0,6,1,5,1,2.5,0.02,-0.02,28.9,8.627132064305734,8.084638164658903,35.032204129857035,36.3725800435967,18.56651652591612
CU,2026-07-23,79.6,-2.0,5.77,"McGreevy, Michael",672695,700241,,ball,,,,,14,,R,L,R,STL,AZ,B,,,1,1,2026,0.97,-1.2,0.9254339676227102,0.8685145635115799,,,,1,1,Top,,,,,,,4.4964838753939045,-115.80739375928542,-1.366662233023264,7.748756662421504,24.210249975332616,-42.845165791106815,3.31742126,1.674212598,,,,79.6,2624,6.6,823042,699625,691458,802139,665877,691026,663457,701675,691023,53.94,,,,,,,,2,3,Curveball,0,0,0,0,0,0,0,0,Standard,Standard,48,-0.003,0.057,,,,,-0.057,,0,0,0.523,0.477,25,26,26,27,1,0,6,1,5,1,4.84,-0.97,0.97,33.9,,,,,
FF,2026-07-23,91.9,-2.16,5.64,"McGreevy, Michael",672695,700241,,ball,,,,,11,,R,L,R,STL,AZ,B,,,0,1,2026,-0.94,0.97,-0.8162921440630538,3.5794224647425943,,,,1,1,Top,,,,,,,5.448873437935437,-133.7314583755398,-1.354993204122474,-12.405246444842971,28.835852520807016,-20.450201968270285,3.31742126,1.674212598,,,,92.5,2232,6.6,823042,699625,691458,802139,665877,691026,663457,701675,691023,53.87,,,,,,,,2,2,4-Seam Fastball,0,0,0,0,0,0,0,0,Standard,Standard,231,-0.001,0.033,,,,,-0.033,,0,0,0.524,0.476,25,26,26,27,1,0,6,1,5,1,1.73,0.94,-0.94,27.8,,,,,
FC,2026-07-23,88.5,-2.27,5.63,"McGreevy, Michael",672695,700241,,called_strike,,,,,2,,R,L,R,STL,AZ,S,,,0,0,2026,0.07,0.53,0.0676943570253575,3.1192866227068237,,,,1,1,Top,,,,,,,5.492657968343642,-128.8220549912727,-0.9787581310081712,-0.409992263062793,27.76296069371147,-26.32429205244628,3.31742126,1.674212598,,,,88.7,2328,6.5,823042,699625,691458,802139,665877,691026,663457,701675,691023,54.02,,,,,,,,2,1,Cutter,0,0,0,0,0,0,0,0,Standard,Standard,199,0.002,-0.041,,,,,0.041,,0,0,0.522,0.478,25,26,26,27,1,0,6,1,5,1,2.39,-0.07,0.07,29.1,,,,,
CH,2026-07-23,86.9,-2.23,5.7,"McGreevy, Michael",682998,700241,field_out,hit_into_play,,,,,4,Corbin Carroll flies out to left fielder Lars Nootbaar.,R,L,R,STL,AZ,X,7,fly_ball,1,1,2026,-1.41,0.11,-0.637934838364256,2.0497890458967105,,,,0,1,Top,63.15,131.2,,,,,6.7833798989670795,-126.29229469807544,-2.5222775262927444,-16.49321866528899,27.37504757594172,-30.690688801509022,3.10328084,1.566141732,229,83.4,53,87.6,1783,6.9,823042,699625,691458,802139,665877,691026,663457,701675,691023,53.56,0.014,0.013,0.0,1,0,0,3,1,3,Changeup,0,0,0,0,0,0,0,0,Standard,Standard,236,0.021,-0.248,74.6,7.5,,0.018,0.248,88.0,0,0,0.501,0.499,25,25,26,26,1,0,6,1,5,1,2.93,1.41,-1.41,28.2,10.943390853775798,8.084917563347771,27.066789269991652,48.8110729681365,33.77596047974922
CU,2026-07-23,77.7,-2.07,5.81,"McGreevy, Michael",682998,700241,,called_strike,,,,,4,,R,L,R,STL,AZ,S,,,1,0,2026,0.86,-0.91,-0.8210870808889419,2.6206140243826663,,,,0,1,Top,,,,,,,1.038981978894309,-113.08925877016534,2.0576045475629403,7.125323104125428,22.451760239974604,-40.59941887661749,3.10328084,1.566141732,,,,77.6,2433,6.4,823042,699625,691458,802139,665877,691026,663457,701675,691023,54.11,,,,,,,,1,2,Curveball,0,0,0,0,0,0,0,0,Standard,Standard,53,0.005,-0.056,,,,,0.056,,0,0,0.496,0.504,25,25,26,26,1,0,6,1,5,1,4.71,-0.86,0.86,33.8,,,,,
FF,2026-07-23,91.2,-2.14,5.75,"McGreevy, Michael",682998,700241,,ball,,,,,11,,R,L,R,STL,AZ,B,,,0,0,2026,-0.94,0.88,-0.8245095451669384,3.937696283814833,,,,0,1,Top,,,,,,,5.329967490486103,-132.78923175320563,-0.4104836031493317,-12.281480273801408,28.68030752981629,-21.94613712088538,3.10328084,1.566141732,,,,91.4,2145,6.4,823042,699625,691458,802139,665877,691026,663457,701675,691023,54.11,,,,,,,,1,1,4-Seam Fastball,0,0,0,0,0,0,0,0,Standard,Standard,226,-0.004,0.043,,,,,-0.043,,0,0,0.5,0.5,25,25,26,26,1,0,6,1,5,1,1.86,0.94,-0.94,30.3,,,,,
KC,2026-07-23,88.5,-2.84,5.4,"Varland, Louis",691406,686973,strikeout,swinging_strike_blocked,,,,,14,Junior Caminero strikes out swinging.,R,R,R,TOR,TB,S,2,,1,2,2026,0.49,-0.66,1.2720075419724224,0.1050089100433906,,,,2,9,Top,,,,,,,8.926647693307775,-128.66867800898177,-5.2108597503518315,3.6444293666835392,26.02939568140785,-38.67738852030471,3.243700787,1.637007874,,,,89.3,2629,6.8,822785,672386,665489,676391,672960,665926,664702,662139,664770,53.75,,0.0,0.0,1,0,0,,63,4,Knuckle Curve,3,1,1,3,1,3,1,3,Strategic,Standard,51,0.008,-0.18,65.4,10.0,12.477154452,,0.18,,2,-2,0.992,0.008,28,22,29,23,1,3,1,1,4,1,3.57,-0.49,-0.49,41.2,15.250043119185184,-32.09662711511971,27.51694055361874,52.38199860821561,51.5701498565622
FF,2026-07-23,99.8,-2.82,5.4,"Varland, Louis",691406,686973,,swinging_strike,,,,,11,,R,R,R,TOR,TB,S,,,1,1,2026,-0.62,1.24,-0.3434862418368877,3.5273995954539403,,,,2,9,Top,,,,,,,8.304259283805429,-145.32489396577358,-2.676228866180672,-10.606678008380792,29.956252146033684,-14.01475745213781,3.243700787,1.637007874,,,,101.5,2263,6.9,822785,672386,665489,676391,672960,665926,664702,662139,664770,53.62,,,,,,,,63,3,4-Seam Fastball,3,1,1,3,1,3,1,3,Strategic,Standard,212,0.003,-0.065,81.4,8.5,2.327803608,,0.065,,2,-2,0.989,0.011,28,22,29,23,1,3,1,1,4,1,1.02,0.62,0.62,42.6,10.534029984739352,14.46924896415221,22.058876921651898,36.240326219875435,23.86668315934591
KC,2026-07-23,89.5,-2.96,5.46,"Varland, Louis",691406,686973,,ball,,,,,14,,R,R,R,TOR,TB,B,,,0,1,2026,0.42,-0.4,1.550223014728966,0.3021241492467434,,,,2,9,Top,,,,,,,10.096838213231782,-129.95980781212555,-5.591801825123356,2.7338901297099993,26.531234793869153,-35.74659163030455,3.243700787,1.637007874,,,,89.9,2655,6.6,822785,672386,665489,676391,672960,665926,664702,662139,664770,53.93,,,,,,,,63,2,Knuckle Curve,3,1,1,3,1,3,1,3,Strategic,Standard,47,-0.001,0.029,,,,,-0.029,,2,-2,0.99,0.01,28,22,29,23,1,3,1,1,4,1,3.25,-0.42,-0.42,39.4,,,,,
KC,2026-07-23,88.3,-2.8,5.52,"Varland, Louis",691406,686973,,foul,,,,,6,,R,R,R,TOR,TB,S,,,0,0,2026,0.47,-0.46,0.296929211353693,2.172049453534888,,,,2,9,Top,,,,,,,6.467033666246906,-128.47461156824852,-0.9062317673397864,3.9362939645091983,25.22956841309164,-37.27285698725137,3.243700787,1.637007874,,,,88.7,2674,6.4,822785,672386,665489,676391,672960,665926,664702,662139,664770,54.09,,,,,,,,63,1,Knuckle Curve,3,1,1,3,1,3,1,3,Strategic,Standard,54,0.002,-0.044,78.5,9.3,,,0.044,,2,-2,0.988,0.012,28,22,29,23,1,3,1,1,4,1,3.37,-0.47,-0.47,41.3,12.98516170982927,-7.348734034800045,22.533506275260017,43.21238101148768,37.15206285160734
FF,2026-07-23,99.8,-2.88,5.49,"Varland, Louis",666018,686973,strikeout,called_strike,,,,,7,Jonathan Aranda called out on strikes.,R,L,R,TOR,TB,S,2,,1,2,2026,-0.54,1.41,-0.3093557256174883,1.861719137834225,,,,1,9,Top,,,,,,,8.2802435752156,-145.0135802639352,-7.779756679795494,-9.46744582528343,33.36166147191982,-10.544930063218423,3.189288058,1.609547244,,,,100.0,2341,6.5,822785,672386,665489,676391,672960,665926,664702,662139,664770,54.04,,0.0,0.0,1,0,0,,62,6,4-Seam Fastball,3,1,1,3,1,3,1,3,Strategic,Standard,211,0.018,-0.183,,,,,0.183,,2,-2,0.97,0.03,28,28,29,28,1,3,1,1,4,1,0.88,0.54,-0.54,43.8,,,,,
FF,2026-07-23,100.1,-2.9,5.37,"Varland, Louis",666018,686973,,foul,,,,,11,,R,L,R,TOR,TB,S,,,1,2,2026,-0.64,1.48,-0.7959804719718401,3.362664730807696,,,,1,9,Top,,,,,,,7.277662369027041,-145.61240187874932,-3.5296615803670917,-10.811381742245366,34.93270555233228,-10.536798557223248,3.189288058,1.609547244,,,,100.1,2361,6.3,822785,672386,665489,676391,672960,665926,664702,662139,664770,54.16,,,,,,,,62,5,4-Seam Fastball,3,1,1,3,1,3,1,3,Strategic,Standard,216,0.0,0.0,57.6,5.7,,,0.0,,2,-2,0.97,0.03,28,28,29,28,1,3,1,1,4,1,0.8,0.64,-0.64,38.9,-7.384775491565356,37.347144226724424,18.368475044087567,48.35515429478405,7.876429133712068
CH,2026-07-23,92.9,-3.06,5.37,"Varland, Louis",666018,686973,,foul,,,,,13,,R,L,R,TOR,TB,S,,,1,2,2026,-0.82,0.29,-1.1244227581938349,2.3364445709567017,,,,1,9,Top,,,,,,,6.734518037669372,-135.1307978409406,-2.4467947074338823,-11.443363678538738,28.274053063785576,-28.264242980597466,3.189288058,1.609547244,277,88.8,29,93.3,1708,6.5,822785,672386,665489,676391,672960,665926,664702,662139,664770,54.02,,,,,,,,62,4,Changeup,3,1,1,3,1,3,1,3,Strategic,Standard,232,0.0,0.0,64.6,6.4,,,0.0,88.8,2,-2,0.97,0.03,28,28,29,28,1,3,1,1,4,1,2.34,0.82,-0.82,33.7,-4.897876106285632,34.28333126640798,25.75359179070535,53.185325551937495,12.50159419278256
FF,2026-07-23,99.3,-2.97,5.37,"Varland, Louis",666018,686973,,swinging_strike,,,,,4,,R,L,R,TOR,TB,S,,,1,1,2026,-0.69,1.3,-0.7648738193265339,2.6869951669717937,,,,1,9,Top,,,,,,,7.620214262066165,-144.32287698675574,-4.820050801480709,-11.388535068656031,33.88122862050914,-13.116991970945138,3.189288058,1.609547244,,,,99.5,2331,6.5,822785,672386,665489,676391,672960,665926,664702,662139,664770,53.99,,,,,,,,62,3,4-Seam Fastball,3,1,1,3,1,3,1,3,Strategic,Standard,218,0.006,-0.071,63.6,6.1,1.072821888,,0.071,,2,-2,0.964,0.036,28,28,29,28,1,3,1,1,4,1,1.02,0.69,-0.69,35.4,-12.71945542569422,40.54975488639,31.322645008711177,48.464932347590306,0.9422929881493394
FF,2026-07-23,98.8,-2.86,5.44,"Varland, Louis",666018,686973,,ball,,,,,11,,R,L,R,TOR,TB,B,,,0,1,2026,-0.46,1.32,-0.9273292394203996,4.548638654345508,,,,1,9,Top,,,,,,,6.315668108097786,-143.83580416094065,0.0061245299549712,-7.889200855790547,33.23461635269926,-14.05287036744164,3.189288058,1.609547244,,,,99.1,2297,6.4,822785,672386,665489,676391,672960,665926,664702,662139,664770,54.08,,,,,,,,62,2,4-Seam Fastball,3,1,1,3,1,3,1,3,Strategic,Standard,212,-0.003,0.033,,,,,-0.033,,2,-2,0.967,0.033,28,28,29,28,1,3,1,1,4,1,1.01,0.46,-0.46,43.0,,,,,
KC,2026-07-23,88.2,-3.23,5.55,"Varland, Louis",666018,686973,,called_strike,,,,,4,,R,L,R,TOR,TB,S,,,0,0,2026,0.48,-0.48,-0.6471831866290886,2.6620831321646223,,,,1,9,Top,,,,,,,5.168667452782239,-128.43611922595926,0.28459076345854,4.173068570334219,27.049131321191727,-37.72245510833056,3.189288058,1.609547244,,,,88.0,2637,6.2,822785,672386,665489,676391,672960,665926,664702,662139,664770,54.35,,,,,,,,62,1,Knuckle Curve,3,1,1,3,1,3,1,3,Strategic,Standard,55,0.004,-0.041,,,,,0.041,,2,-2,0.963,0.037,28,28,29,28,1,3,1,1,4,1,3.41,-0.48,0.48,42.4,,,,,
FF,2026-07-23,99.5,-2.85,5.43,"Varland, Louis",650490,686973,field_out,hit_into_play,,,,,2,"Yandy Díaz grounds out softly, pitcher Louis Varland to first baseman Vladimir Guerrero Jr.",R,R,R,TOR,TB,X,1,ground_ball,1,2,2026,-0.66,1.37,-0.167633551543937,3.16467761611963,,,,0,9,Top,127.12,189.88,,,,,8.838413110210618,-144.53663823175245,-3.8938578796887753,-11.31758306399251,35.49069210036332,-12.212639668698268,3.227903543,1.629035433,0,56.7,-84,99.3,2352,6.4,822785,672386,665489,676391,672960,665926,664702,662139,664770,54.08,0.133,0.12,0.0,1,0,0,1,61,5,4-Seam Fastball,3,1,1,3,1,3,1,3,Standard,Standard,210,0.027,-0.186,72.1,6.9,,0.133,0.186,88.0,2,-2,0.936,0.064,28,34,29,35,1,3,1,1,4,1,0.95,0.66,0.66,41.3,3.1872382040031733,16.090442522919442,15.195311737765662,37.15030731986374,24.04973318213616
KC,2026-07-23,88.0,-2.97,5.6,"Varland, Louis",650490,686973,,foul,,,,,14,,R,R,R,TOR,TB,S,,,1,2,2026,0.29,-0.71,0.3661563035302273,1.3546175063721475,,,,0,9,Top,,,,,,,7.351276078911353,-128.0811232185197,-2.4840846367483516,1.7942439493627456,24.831583216930593,-39.754491263224764,3.227903543,1.629035433,1,77.2,-62,88.1,2726,6.2,822785,672386,665489,676391,672960,665926,664702,662139,664770,54.32,,,,,,,,61,4,Knuckle Curve,3,1,1,3,1,3,1,3,Standard,Standard,48,0.0,0.0,68.5,8.1,,,0.0,88.0,2,-2,0.936,0.064,28,34,29,35,1,3,1,1,4,1,3.64,-0.29,-0.29,41.0,5.534666226838567,9.998248587622626,27.953957860698615,43.309176455206,26.953771844642468
FF,2026-07-23,98.5,-2.8,5.68,"Varland, Louis",650490,686973,,ball,,,,,11,,R,R,R,TOR,TB,B,,,0,2,2026,-0.74,1.33,-0.7105888370434107,4.056005252957731,,,,0,9,Top,,,,,,,7.352572758201472,-143.32581554779333,-1.9830533123942375,-11.766054887641229,30.27419222170365,-13.48249989459595,3.227903543,1.629035433,,,,99.0,2232,6.4,822785,672386,665489,676391,672960,665926,664702,662139,664770,54.15,,,,,,,,61,3,4-Seam Fastball,3,1,1,3,1,3,1,3,Standard,Standard,211,-0.004,0.022,,,,,-0.022,,2,-2,0.94,0.06,28,34,29,35,1,3,1,1,4,1,1.0,0.74,0.74,43.9,,,,,
FF,2026-07-23,98.0,-2.66,5.68,"Varland, Louis",650490,686973,,foul,,,,,11,,R,R,R,TOR,TB,S,,,0,1,2026,-0.56,1.42,-0.6562243068038834,3.5075397198003784,,,,0,9,Top,,,,,,,6.6554910421934945,-142.65779843084053,-3.6004973790152897,-9.08517549616218,31.325132112336533,-12.080525939566954,3.227903543,1.629035433,270,79.2,45,98.4,2264,6.4,822785,672386,665489,676391,672960,665926,664702,662139,664770,54.14,,,,,,,,61,2,4-Seam Fastball,3,1,1,3,1,3,1,3,Standard,Standard,211,0.01,-0.053,59.7,5.9,,,0.053,88.0,2,-2,0.93,0.07,28,34,29,35,1,3,1,1,4,1,0.94,0.56,0.56,45.4,-3.806179354579702,28.96928296930598,15.891919544291609,30.59401793843309,18.20430669204411
KC,2026-07-23,87.7,-3.06,5.54,"Varland, Louis",650490,686973,,foul,,,,,1,,R,R,R,TOR,TB,S,,,0,0,2026,0.47,-0.67,-0.5690974938099223,2.983701980450373,,,,0,9,Top,,,,,,,4.9469226747650135,-127.6964819225854,1.541367556832959,4.149148033428213,26.595143973310403,-40.04923250808906,3.227903543,1.629035433,315,91.7,29,87.8,2803,6.4,822785,672386,665489,676391,672960,665926,664702,662139,664770,54.14,,,,,,,,61,1,Knuckle Curve,3,1,1,3,1,3,1,3,Strategic,Standard,56,0.006,-0.042,59.9,5.8,,,0.042,91.7,2,-2,0.924,0.076,28,34,29,35,1,3,1,1,4,1,3.63,-0.47,-0.47,40.9,-5.825596205117727,38.64018984449581,22.146034364807733,32.89188936212602,13.564649120561889
ST,2026-07-23,82.2,1.61,5.65,"Seymour, Ian",672386,693855,strikeout,foul_tip,,,,,2,Alejandro Kirk strikes out on a foul tip.,R,R,L,TOR,TB,S,2,,1,2,2026,-1.03,0.66,-0.0968133128785531,2.6448964976810307,,,,2,8,Bot,,,,,,,-1.7912441653372386,-119.62862634414071,-1.3200543382219343,-9.428349125949897,24.916858863912505,-25.84128873435473,3.010252625,1.519192913,,,,82.0,2177,6.4,822785,676439,666018,680700,691406,810938,802415,676356,683748,54.14,,0.0,0.0,1,0,0,,60,4,Sweeper,3,1,3,1,1,3,3,1,Standard,Standard,239,-0.002,-0.18,67.7,7.1,,,0.18,,2,2,0.926,0.926,27,27,28,28,3,3,5,1,6,1,2.74,-1.03,1.03,42.6,10.113630791481793,9.141833017185965,18.738215213151012,42.07523186122184,30.672939255012658
CH,2026-07-23,85.2,1.54,5.45,"Seymour, Ian",672386,693855,,ball,,,,,14,,R,R,L,TOR,TB,B,,,0,2,2026,1.1,0.58,0.735022805441399,0.6561104149664541,,,,2,8,Bot,,,,,,,-4.132067872386143,-123.90747929950504,-5.902349803469185,12.173161963180274,24.309375512482205,-25.212906696326023,3.010252625,1.519192913,,,,85.5,1606,6.5,822785,676439,666018,680700,691406,810938,802415,676356,683748,54.0,,,,,,,,60,3,Changeup,3,1,3,1,1,3,3,1,Standard,Standard,119,0.0,0.026,,,,,-0.026,,2,2,0.926,0.926,27,27,28,28,3,3,5,1,6,1,2.56,1.1,-1.1,39.8,,,,,
FF,2026-07-23,90.3,1.62,5.42,"Seymour, Ian",672386,693855,,foul,,,,,1,,R,R,L,TOR,TB,S,,,0,1,2026,0.44,1.38,-0.6856587923208031,2.7866087938069457,,,,2,8,Bot,,,,,,,-6.644677006041976,-131.36977216803746,-3.424500750792158,6.494741006493706,27.743626063745612,-15.609863943453329,3.010252625,1.519192913,222,70.4,48,90.9,2237,6.6,822785,676439,666018,680700,691406,810938,802415,676356,683748,53.87,,,,,,,,60,2,4-Seam Fastball,3,1,3,1,1,3,3,1,Infield shade,Standard,145,-0.001,-0.062,70.1,6.3,,,0.062,88.0,2,2,0.927,0.927,27,27,28,28,3,3,5,1,6,1,1.41,0.44,-0.44,37.7,0.3990442353275938,20.30079317747772,20.50990835805912,35.1229920184969,22.86151112961688
SI,2026-07-23,88.4,1.43,5.6,"Seymour, Ian",672386,693855,,called_strike,,,,,6,,R,R,L,TOR,TB,S,,,0,0,2026,1.09,0.81,0.2935825674529648,2.0929294124617135,,,,2,8,Bot,,,,,,,-5.049935403602772,-128.60904306513203,-3.9581389843086217,13.160935390571126,26.312715070457195,-22.612417826144537,3.010252625,1.519192913,,,,88.4,1951,6.3,822785,676439,666018,680700,691406,810938,802415,676356,683748,54.23,,,,,,,,60,1,Sinker,3,1,3,1,1,3,3,1,Infield shade,Standard,147,0.0,-0.044,,,,,0.044,,2,2,0.927,0.927,27,27,28,28,3,3,5,1,6,1,2.11,1.09,-1.09,47.5,,,,,
SI,2026-07-23,88.0,1.4,5.75,"Seymour, Ian",543807,693855,field_out,hit_into_play,,,,,9,"George Springer grounds out, third baseman Junior Caminero to first baseman Jonathan Aranda.",R,R,L,TOR,TB,X,5,ground_ball,0,0,2026,0.96,0.89,0.2883616687686419,1.8719847146623716,,,,1,8,Bot,105.88,169.19,,,,,-4.659615528264822,-128.0284184770274,-4.924955835920254,11.480740104547012,26.81549726417652,-21.588870887007644,3.267396654,1.648966535,52,74.5,3,87.7,1940,6.2,822785,676439,666018,680700,691406,810938,802415,676356,683748,54.33,0.155,0.143,0.0,1,0,0,2,59,1,Sinker,3,1,3,1,1,3,3,1,Infield shade,Standard,147,-0.005,-0.262,77.4,8.4,,0.184,0.262,88.0,2,2,0.932,0.932,27,36,28,37,3,3,5,1,6,1,2.06,0.96,-0.96,45.5,17.43660067225354,-17.99922626940824,35.45903338066629,38.79311276797351,34.14825208577197
FF,2026-07-23,89.5,1.52,5.5,"Seymour, Ian",676391,693855,field_out,hit_into_play,,,,,2,Ernie Clement flies out to left fielder Chandler Simpson.,R,R,L,TOR,TB,X,7,fly_ball,2,0,2026,0.33,1.24,-0.0515234206852788,2.804636965524004,,,,0,8,Bot,69.38,100.77,,,,,-4.547858361772944,-130.39389947432556,-3.165239764114782,4.671708572139035,26.239699768955106,-17.562934533137447,3.191043307,1.610433071,281,93.3,46,89.8,2024,6.3,822785,676439,666018,680700,691406,810938,802415,676356,683748,54.16,0.003,0.003,0.0,1,0,0,3,58,3,4-Seam Fastball,3,1,3,1,1,3,3,1,Infield shade,Standard,144,-0.009,-0.386,72.7,7.5,,0.003,0.386,93.3,2,2,0.941,0.941,27,30,28,30,3,3,5,1,6,1,1.59,0.33,-0.33,40.1,17.60713078300183,-13.696993713698006,23.881711761293538,35.65610158332233,36.96886568906327
SI,2026-07-23,88.4,1.46,5.64,"Seymour, Ian",676391,693855,,ball,,,,,12,,R,R,L,TOR,TB,B,,,1,0,2026,1.06,0.77,1.7604142774765483,2.9733580212979325,,,,0,8,Bot,,,,,,,-1.5251453021762773,-128.8074720490462,-1.848479745979757,12.12867632981174,27.44536017071157,-23.483117353575725,3.191043307,1.610433071,,,,88.5,1913,6.3,822785,676439,666018,680700,691406,810938,802415,676356,683748,54.15,,,,,,,,58,2,Sinker,3,1,3,1,1,3,3,1,Infield shade,Standard,148,0.002,0.082,,,,,-0.082,,2,2,0.939,0.939,27,30,28,30,3,3,5,1,6,1,2.15,1.06,-1.06,44.7,,,,,
CH,2026-07-23,80.6,1.66,5.71,"Seymour, Ian",676391,693855,,ball,,,,,12,,R,R,L,TOR,TB,B,,,0,0,2026,1.15,0.62,1.4473725366612462,2.4712899871009193,,,,0,8,Bot,,,,,,,-2.673446875511817,-117.38281446102896,-1.5491210871732992,11.11666441637037,21.54055924088856,-26.357242544639025,3.191043307,1.610433071,,,,80.7,1586,6.3,822785,676439,666018,680700,691406,810938,802415,676356,683748,54.25,,,,,,,,58,1,Changeup,3,1,3,1,1,3,3,1,Infield shade,Standard,128,0.001,0.043,,,,,-0.043,,2,2,0.938,0.938,27,30,28,30,3,3,5,1,6,1,2.87,1.15,-1.15,43.7,,,,,
SI,2026-07-23,84.5,-3.98,1.31,"Rogers, Tyler",676439,643511,field_out,hit_into_play,,,,,3,Hunter Feduccia lines out to right fielder Myles Straw.,R,L,R,TOR,TB,X,9,line_drive,1,2,2026,-0.33,-0.95,0.608668918120226,3.3010818474628687,,,,2,8,Top,177.71,95.72,,,,,11.092232405514148,-121.83990892757808,12.975124257852592,-5.422225977705572,23.237773921759526,-44.5732875301654,3.262130906,1.646309055,286,81.6,26,83.8,2019,6.2,822785,672386,665489,676391,672960,665926,676914,662139,664702,54.26,0.154,0.139,0.0,1,0,0,3,57,4,Sinker,3,1,1,3,1,3,1,3,Standard,Standard,340,0.009,-0.18,70.2,6.1,,0.186,0.18,88.0,2,-2,0.929,0.071,35,29,36,29,1,2,1,1,4,2,4.19,0.33,-0.33,-60.1,5.75930001890219,3.041499482259415,26.87977740253584,29.43089828315917,32.475492358585676
SL,2026-07-23,72.2,-3.95,1.26,"Rogers, Tyler",676439,643511,,called_strike,,,,,4,,R,L,R,TOR,TB,S,,,1,1,2026,0.76,0.96,-0.4820326773564617,2.4790279744173884,,,,2,8,Top,,,,,,,5.4324419500020955,-104.57448317502144,8.312557334381662,4.577739555645848,18.7536885594365,-26.901664812785462,3.262130906,1.646309055,,,,71.2,2369,5.9,822785,672386,665489,676391,672960,665926,676914,662139,664702,54.57,,,,,,,,57,3,Slider,3,1,1,3,1,3,1,3,Standard,Standard,126,0.003,-0.065,,,,,0.065,,2,-2,0.926,0.074,35,29,36,29,1,2,1,1,4,2,3.47,-0.76,0.76,-57.3,,,,,
SI,2026-07-23,82.7,-3.96,1.22,"Rogers, Tyler",676439,643511,,ball,,,,,13,,R,L,R,TOR,TB,B,,,0,1,2026,-0.21,-1.06,-0.9815167909610718,2.126655406199321,,,,2,8,Top,,,,,,,7.017281976705992,-119.75370814478372,10.65444836021052,-3.3877864151037356,22.663406615461103,-44.69569455166778,3.262130906,1.646309055,,,,81.7,1845,5.8,822785,672386,665489,676391,672960,665926,676914,662139,664702,54.68,,,,,,,,57,2,Sinker,3,1,1,3,1,3,1,3,Standard,Standard,326,-0.001,0.029,,,,,-0.029,,2,-2,0.927,0.073,35,29,36,29,1,2,1,1,4,2,4.42,0.21,-0.21,-58.6,,,,,
SI,2026-07-23,83.8,-3.91,1.22,"Rogers, Tyler",676439,643511,,called_strike,,,,,8,,R,L,R,TOR,TB,S,,,0,0,2026,-0.12,-1.18,0.1461178596623517,1.6910680776348226,,,,2,8,Top,,,,,,,9.37100952194104,-121.24101207528332,9.957050429466014,-3.0267751590991345,24.347792615522472,-46.11140431475443,3.262130906,1.646309055,,,,82.8,1830,6.0,822785,672386,665489,676391,672960,665926,676914,662139,664702,54.49,,,,,,,,57,1,Sinker,3,1,1,3,1,3,1,3,Standard,Standard,321,0.002,-0.044,,,,,0.044,,2,-2,0.925,0.075,35,29,36,29,1,2,1,1,4,2,4.47,0.12,-0.12,-60.4,,,,,
SI,2026-07-23,84.5,-3.97,1.24,"Rogers, Tyler",680700,643511,field_out,hit_into_play,,,,,8,"Richie Palacios grounds out, pitcher Tyler Rogers to first baseman Vladimir Guerrero Jr.",R,L,R,TOR,TB,X,1,ground_ball,0,0,2026,-0.15,-1.15,-0.2580127933629135,1.8192241155775797,,,,1,8,Top,128.88,184.32,,,,,8.747827911876481,-122.13394506272404,10.188241794661367,-3.3200177436257263,25.501821105029457,-46.16517604031822,3.040091864,1.534251969,,,,83.5,2012,6.1,822785,672386,665489,676391,672960,665926,676914,662139,664702,54.38,,,0.0,,0,0,,56,1,Sinker,3,1,1,3,1,3,1,3,Standard,Standard,321,0.025,-0.262,71.0,6.5,,,0.262,,2,-2,0.9,0.1,35,29,36,29,1,2,1,1,4,1,4.41,0.15,-0.15,-58.6,-17.44474101183065,23.7169279798264,38.87522493614574,37.30129089310268,12.43610677586981
SL,2026-07-23,74.0,-3.79,1.23,"Rogers, Tyler",810938,643511,strikeout,swinging_strike,,,,,14,Ben Williamson strikes out swinging.,R,R,R,TOR,TB,S,2,,1,2,2026,0.82,1.13,1.7278346473749644,1.9341762783861092,,,,0,8,Top,,,,,,,9.508596157507224,-107.08554287356928,6.848967942744751,4.500261989744164,19.999039832612375,-25.133152448646182,3.229658793,1.62992126,,,,72.6,2447,5.7,822785,672386,665489,676391,672960,665926,676914,662139,664702,54.76,,0.0,0.0,1,0,0,,55,4,Slider,3,1,1,3,1,3,1,3,Standard,Standard,123,0.027,-0.186,55.2,7.0,1.893750876,,0.186,,2,-2,0.873,0.127,35,25,36,26,1,2,1,1,4,1,3.1,-0.82,-0.82,-59.7,7.529054912715325,0.7546593551383217,17.857826308248903,57.48024938179648,33.315460496735646
SI,2026-07-23,84.4,-3.87,1.26,"Rogers, Tyler",810938,643511,,ball,,,,,12,,R,R,R,TOR,TB,B,,,0,2,2026,0.13,-0.94,1.3246836951266294,3.4166500183326143,,,,0,8,Top,,,,,,,11.453030518627486,-121.41831526622,13.36772450296097,-1.1171907699050867,25.881725917784404,-44.7753757669642,3.229658793,1.62992126,,,,82.7,1974,6.0,822785,672386,665489,676391,672960,665926,676914,662139,664702,54.51,,,,,,,,55,3,Sinker,3,1,1,3,1,3,1,3,Standard,Standard,326,-0.004,0.022,,,,,-0.022,,2,-2,0.877,0.123,35,25,36,26,1,2,1,1,4,1,4.24,-0.13,-0.13,-61.0,,,,,
SL,2026-07-23,72.8,-3.82,1.36,"Rogers, Tyler",810938,643511,,called_strike,,,,,6,,R,R,R,TOR,TB,S,,,0,1,2026,0.85,0.99,0.7903695139802748,2.4009882337131234,,,,0,8,Top,,,,,,,7.539917519532246,-105.37779236775988,7.8348016887375795,5.0360951414642,18.11700334081641,-26.47013223026787,3.229658793,1.62992126,,,,71.8,2268,5.8,822785,672386,665489,676391,672960,665926,676914,662139,664702,54.67,,,,,,,,55,2,Slider,3,1,1,3,1,3,1,3,Standard,Standard,119,0.009,-0.053,,,,,0.053,,2,-2,0.868,0.132,35,25,36,26,1,2,1,1,4,1,3.36,-0.85,-0.85,-56.9,,,,,
SL,2026-07-23,73.5,-3.88,1.32,"Rogers, Tyler",810938,643511,,called_strike,,,,,5,,R,R,R,TOR,TB,S,,,0,0,2026,0.9,0.84,-0.2657395277165635,2.5618789887471234,,,,0,8,Top,,,,,,,5.602657222678872,-106.59817231126932,8.443021878467821,5.88186493120086,18.40076724423578,-27.473681700494165,3.229658793,1.62992126,,,,73.0,2272,6.1,822785,672386,665489,676391,672960,665926,676914,662139,664702,54.36,,,,,,,,55,1,Slider,3,1,1,3,1,3,1,3,Standard,Standard,121,0.006,-0.042,,,,,0.042,,2,-2,0.862,0.138,35,25,36,26,1,2,1,1,4,1,3.41,-0.9,-0.9,-57.0,,,,,
ST,2026-07-23,79.9,1.71,5.59,"Seymour, Ian",676391,693855,truncated_pa,ball,,,,,3,,R,R,L,TOR,TB,B,2,,0,0,2026,-0.79,1.07,0.7390311415550197,3.2501448843678618,,,665489,2,7,Bot,,,,,,,-0.5984077117451323,-116.3714568876704,-0.3377901057467873,-7.104438886358525,21.014817288496765,-22.55565834583504,3.191043307,1.610433071,,,,80.2,2107,6.4,822785,676439,666018,680700,691406,810938,802415,676356,683748,54.15,,,0.0,0,0,0,,54,1,Sweeper,3,1,3,1,1,3,3,1,Infield shade,Standard,233,-0.012,-0.276,,,,,0.276,,2,2,0.874,0.874,27,30,28,30,3,3,5,1,6,1,2.48,-0.79,0.79,38.7,,,,,
FF,2026-07-23,91.7,1.53,5.47,"Seymour, Ian",665489,693855,single,hit_into_play,,,,,5,Vladimir Guerrero Jr. singles on a line drive to right fielder Victor Mesa Jr. Myles Straw scores.,R,R,L,TOR,TB,X,9,line_drive,1,1,2026,0.51,1.54,-0.1818241795985866,2.5341869543155635,,664702,,2,7,Bot,168.86,100.99,,,,,-5.3913771483260255,-133.4240097584315,-4.760324286508004,7.229148569136014,28.721073282434773,-12.909374754405128,3.208595801,1.619291339,226,94.3,13,91.8,2147,6.3,822785,676439,666018,680700,691406,810938,802415,676356,683748,54.16,0.971,0.921,0.9,1,1,0,4,53,3,4-Seam Fastball,2,1,2,1,1,3,3,1,Infield shade,Standard,143,0.099,0.705,76.5,6.9,,1.125,-0.705,94.3,1,1,0.775,0.775,27,27,28,27,3,3,5,1,6,1,1.17,0.51,-0.51,38.6,-11.629492935142505,13.530172421207377,32.38601449390656,35.33553431709769,21.699698390969186
ST,2026-07-23,80.8,1.68,5.53,"Seymour, Ian",665489,693855,,called_strike,,,,,3,,R,R,L,TOR,TB,S,,,1,0,2026,-0.85,0.61,0.5955021620414805,2.8877105625660446,,,664702,2,7,Bot,,,,,,,-0.7226820611346363,-117.57098605928957,-0.1277680713121385,-7.64771189508699,25.3753260878534,-26.817617451402057,3.208595801,1.619291339,,,,80.4,2049,6.3,822785,676439,666018,680700,691406,810938,802415,676356,683748,54.19,,,,,,,,53,2,Sweeper,2,1,2,1,1,2,2,1,Infield shade,Standard,226,0.008,-0.048,,,,,0.048,,1,1,0.767,0.767,27,27,28,27,3,3,5,1,6,1,2.92,-0.85,0.85,39.1,,,,,
FF,2026-07-23,90.2,1.76,5.51,"Seymour, Ian",665489,693855,,ball,,,,,12,,R,R,L,TOR,TB,B,,,0,0,2026,0.48,1.17,0.9722838967601096,3.507905309957778,,,664702,2,7,Bot,,,,,,,-2.968488786920468,-131.31586765995743,-1.3572270686740282,6.23763458083745,28.535555348141298,-18.63169648007184,3.208595801,1.619291339,,,,90.1,2019,6.2,822785,676439,666018,680700,691406,810938,802415,676356,683748,54.26,,,,,,,,53,1,4-Seam Fastball,2,1,2,1,1,2,2,1,Infield shade,Standard,146,0.002,0.035,,,,,-0.035,,1,1,0.765,0.765,27,27,28,27,3,3,5,1,6,1,1.64,0.48,-0.48,39.2,,,,,
FF,2026-07-23,91.7,1.6,5.47,"Seymour, Ian",682818,693855,field_out,hit_into_play,,,,,3,Yohendrick Piñango flies out to center fielder Jonny DeLuca.,R,L,L,TOR,TB,X,8,fly_ball,1,2,2026,0.39,1.42,0.3605749175950936,2.7576530852205874,,,664702,1,7,Bot,127.67,56.64,,,,,-3.9529037771750817,-133.420115146922,-3.928423583896178,5.495065438402416,28.963362409365853,-14.561044617485262,3.137508202,1.583415354,361,98.2,27,91.7,2174,6.3,822785,676439,666018,680700,691406,810938,802415,676356,683748,54.2,0.374,0.61,0.0,1,0,0,6,52,5,4-Seam Fastball,2,1,2,1,1,2,2,1,Standard,Standard,151,-0.017,-0.181,73.3,6.5,,1.108,0.181,98.2,1,1,0.782,0.782,27,24,28,24,3,3,5,1,6,1,1.29,0.39,0.39,39.9,-2.180482527693349,-5.229685401596222,28.01993438704584,31.727028846905835,33.87916311404631
FF,2026-07-23,91.5,1.55,5.5,"Seymour, Ian",682818,693855,,ball,,,,,11,,R,L,L,TOR,TB,B,,,0,2,2026,0.59,1.32,-1.2341266819053724,2.4202953446121365,,,664702,1,7,Bot,,,,,,,-8.236155946744363,-133.0581642495252,-4.594686882587871,8.784244011815995,27.71271494721582,-15.726039376603914,3.137508202,1.583415354,,,,91.8,2292,6.4,822785,676439,666018,680700,691406,810938,802415,676356,683748,54.07,,,,,,,,52,4,4-Seam Fastball,2,1,2,1,1,2,2,1,Standard,Standard,148,0.002,0.02,,,,,-0.02,,1,1,0.78,0.78,27,24,28,24,3,3,5,1,6,1,1.4,0.59,0.59,42.5,,,,,
ST,2026-07-23,80.3,1.75,5.46,"Seymour, Ian",682818,693855,,foul,,,,,5,,R,L,L,TOR,TB,S,,,0,2,2026,-0.94,1.08,-0.2069233967931002,2.387097459328111,,,664702,1,7,Bot,,,,,,,-2.4529059201491012,-116.9461152712562,-2.0009450424213244,-8.194771454700165,21.858268646061653,-22.088393183859164,3.137508202,1.583415354,93,66.6,9,80.3,2129,6.2,822785,676439,666018,680700,691406,810938,802415,676356,683748,54.26,,,,,,,,52,3,Sweeper,2,1,2,1,1,2,2,1,Standard,Standard,230,0.0,0.0,75.6,7.2,,,0.0,88.0,1,1,0.78,0.78,27,24,28,24,3,3,5,1,6,1,2.45,-0.94,-0.94,37.9,1.7507343129400743,-7.748490224719602,26.354291126985597,38.08592625792612,38.735732780136566
SI,2026-07-23,87.8,1.45,5.73,"Seymour, Ian",682818,693855,,called_strike,,,,,5,,R,L,L,TOR,TB,S,,,0,1,2026,1.19,0.97,-0.1266389963836593,2.39317567857084,,,664702,1,7,Bot,,,,,,,-6.254123196878114,-127.6974460132144,-3.7791354399842634,14.352080319109495,25.700402731334385,-20.984990866342795,3.137508202,1.583415354,,,,87.6,1968,6.1,822785,676439,666018,680700,691406,810938,802415,676356,683748,54.37,,,,,,,,52,2,Sinker,2,1,2,1,1,2,2,1,Infield shade,Standard,144,-0.006,-0.06,,,,,0.06,,1,1,0.786,0.786,27,24,28,24,3,3,5,1,6,1,1.99,1.19,1.19,45.6,,,,,
ST,2026-07-23,79.9,1.68,5.59,"Seymour, Ian",682818,693855,,called_strike,,,,,6,,R,L,L,TOR,TB,S,,,0,0,2026,-1.23,0.76,0.4843881132397847,2.458077849284225,,,664702,1,7,Bot,,,,,,,-0.2329825276130709,-116.32492923758096,-1.412782994112742,-11.134256198314803,22.394428839556884,-25.25714501522898,3.137508202,1.583415354,,,,79.8,2167,6.3,822785,676439,666018,680700,691406,810938,802415,676356,683748,54.22,,,,,,,,52,1,Sweeper,2,1,2,1,1,2,2,1,Infield shade,Standard,263,-0.004,-0.039,,,,,0.039,,1,1,0.79,0.79,27,24,28,24,3,3,5,1,6,1,2.82,-1.23,-1.23,43.3,,,,,
FF,2026-07-23,91.2,1.71,5.47,"Seymour, Ian",664702,693855,walk,ball,,,,,14,Myles Straw walks.,R,R,L,TOR,TB,B,,,3,2,2026,0.52,1.38,1.186411264483366,1.7278095491682786,,,,1,7,Bot,,,,,,,-2.4334517472638373,-132.65419692719948,-6.291015119324789,6.715312420558081,28.369787594445828,-14.722942394941354,3.073441601,1.551082677,,,,91.0,2203,6.2,822785,676439,666018,680700,691406,810938,802415,676356,683748,54.3,,0.698492,0.7,1,0,0,,51,7,4-Seam Fastball,2,1,2,1,1,2,2,1,Infield shade,Standard,141,0.017,0.338,,,,,-0.338,,1,1,0.773,0.773,27,31,28,32,2,2,5,1,6,1,1.36,0.52,-0.52,40.9,,,,,
CH,2026-07-23,83.1,1.31,5.72,"Seymour, Ian",664702,693855,,ball,,,,,13,,R,R,L,TOR,TB,B,,,2,2,2026,1.12,0.62,-0.9068759426092295,0.9730088248783964,,,,1,7,Bot,,,,,,,-7.231617000629424,-120.88416520283282,-5.458577998825753,12.298102205007812,21.335065493836257,-25.197240087610815,3.073441601,1.551082677,,,,83.5,1502,6.4,822785,676439,666018,680700,691406,810938,802415,676356,683748,54.14,,,,,,,,51,6,Changeup,2,1,2,1,1,2,2,1,Infield shade,Standard,130,0.005,0.111,,,,,-0.111,,1,1,0.768,0.768,27,31,28,32,2,2,5,1,6,1,2.65,1.12,-1.12,52.0,,,,,
CH,2026-07-23,80.9,1.44,5.72,"Seymour, Ian",664702,693855,,foul,,,,,5,,R,R,L,TOR,TB,S,,,2,2,2026,0.99,0.71,0.20479399910457,2.5673931048379584,,,,1,7,Bot,,,,,,,-4.639368822627073,-117.81289717828987,-1.5946311824916628,10.073470768477485,21.93962689446214,-25.447847654858425,3.073441601,1.551082677,143,56.7,49,81.2,1340,6.4,822785,676439,666018,680700,691406,810938,802415,676356,683748,54.08,,,,,,,,51,5,Changeup,2,1,2,1,1,2,2,1,Infield shade,Standard,132,0.0,0.0,61.5,7.1,,,0.0,88.0,1,1,0.768,0.768,27,31,28,32,2,2,5,1,6,1,2.76,0.99,-0.99,46.8,6.6949593563915215,-3.6406565047253183,27.977805253098943,34.19203988490219,30.804847596533293
CH,2026-07-23,83.0,1.58,5.72,"Seymour, Ian",664702,693855,,ball,,,,,14,,R,R,L,TOR,TB,B,,,1,2,2026,1.15,0.61,0.8730516594535633,1.6163176614286223,,,,1,7,Bot,,,,,,,-3.865647626067797,-120.75404880042096,-3.8787659489049378,12.003285732491335,23.340897390629596,-25.685520761352898,3.073441601,1.551082677,,,,82.7,1499,6.1,822785,676439,666018,680700,691406,810938,802415,676356,683748,54.4,,,,,,,,51,4,Changeup,2,1,2,1,1,2,2,1,Infield shade,Standard,129,0.003,0.052,,,,,-0.052,,1,1,0.765,0.765,27,31,28,32,2,2,5,1,6,1,2.7,1.15,-1.15,43.9,,,,,
ST,2026-07-23,80.8,1.61,5.48,"Seymour, Ian",664702,693855,,foul,,,,,9,,R,R,L,TOR,TB,S,,,1,1,2026,-1.02,0.73,0.3619422755829681,1.9819929434369508,,,,1,7,Bot,,,,,,,-0.759621357673496,-117.57542150532524,-2.2822889368678396,-9.211711453933146,24.393938855553625,-25.22479903128856,3.073441601,1.551082677,202,64.5,40,80.6,2141,6.4,822785,676439,666018,680700,691406,810938,802415,676356,683748,54.12,,,,,,,,51,3,Sweeper,2,1,2,1,1,2,2,1,Infield shade,Standard,226,-0.004,-0.071,66.8,7.7,,,0.071,88.0,1,1,0.769,0.769,27,31,28,32,2,2,5,1,6,1,2.79,-1.02,1.02,42.7,13.83938551887983,-8.38958162014762,38.0638315890887,36.9660336744015,34.605841045244
CH,2026-07-23,78.9,1.36,5.76,"Seymour, Ian",664702,693855,,ball,,,,,12,,R,R,L,TOR,TB,B,,,0,1,2026,1.03,0.76,0.8801576567655878,3.23327975980418,,,,1,7,Bot,,,,,,,-2.970495951254371,-114.91700710248908,0.0183968708469175,9.68331178245347,20.10168954204264,-25.577078319424157,3.073441601,1.551082677,,,,79.1,1527,6.3,822785,676439,666018,680700,691406,810938,802415,676356,683748,54.24,,,,,,,,51,2,Changeup,2,1,2,1,1,2,2,1,Infield shade,Standard,129,0.001,0.033,,,,,-0.033,,1,1,0.768,0.768,27,31,28,32,2,2,5,1,6,1,2.87,1.03,-1.03,45.7,,,,,
FF,2026-07-23,89.7,1.63,5.56,"Seymour, Ian",664702,693855,,foul,,,,,11,,R,R,L,TOR,TB,S,,,0,0,2026,0.21,1.28,-0.0255170709352098,3.242789739449103,,,,1,7,Bot,,,,,,,-4.497168908798402,-130.68574767030748,-2.371466862888113,3.2566797868689368,25.58528176077782,-17.101173085243687,3.073441601,1.551082677,381,106.0,30,90.1,2150,6.3,822785,676439,666018,680700,691406,810938,802415,676356,683748,54.19,,,,,,,,51,1,4-Seam Fastball,2,1,2,1,1,2,2,1,Infield shade,Standard,150,-0.002,-0.041,69.7,7.8,,,0.041,106.0,1,1,0.77,0.77,27,31,28,32,2,2,5,1,6,1,1.52,0.21,-0.21,38.5,26.86521690857435,-23.97193482351897,20.64343702425804,32.327394321290384,41.787502051089405
CH,2026-07-23,83.6,1.36,5.7,"Seymour, Ian",649966,693855,strikeout,foul_tip,,,,,8,Luis Urías strikes out on a foul tip.,R,R,L,TOR,TB,S,2,,0,2,2026,0.91,0.56,0.2698579577777403,1.678771165831268,,,,0,7,Bot,,,,,,,-4.310313361233005,-121.78652858333211,-3.8162686773112497,9.90899303856306,20.73151635556141,-26.112892801630977,3.090994095,1.559940945,,,,84.2,1442,6.3,822785,676439,666018,680700,691406,810938,802415,676356,683748,54.16,,0.0,0.0,1,0,0,,50,4,Changeup,2,1,2,1,1,2,2,1,Infield shade,Standard,129,-0.011,-0.165,64.6,8.7,,,0.165,,1,1,0.781,0.781,27,29,28,29,2,2,5,1,6,1,2.66,0.91,-0.91,41.7,14.50731151334376,-36.12876777152014,25.879299454781258,38.905638893480486,48.80508155102153
FF,2026-07-23,91.9,1.63,5.45,"Seymour, Ian",649966,693855,,foul,,,,,3,,R,R,L,TOR,TB,S,,,0,2,2026,0.42,1.43,0.5818091177209319,2.813121036928959,,,,0,7,Bot,,,,,,,-3.541029755657735,-133.81525124113548,-3.7691558009763706,5.7951951963467545,29.813324720823125,-14.44121109708614,3.090994095,1.559940945,184,68.5,55,91.8,2294,6.3,822785,676439,666018,680700,691406,810938,802415,676356,683748,54.25,,,,,,,,50,3,4-Seam Fastball,2,1,2,1,1,2,2,1,Infield shade,Standard,143,0.0,0.0,66.6,6.9,,,0.0,88.0,1,1,0.781,0.781,27,29,28,29,2,2,5,1,6,1,1.28,0.42,-0.42,40.2,-7.336332922014333,16.661467278188773,23.616945089617406,43.02415884377188,19.459592903209316
ST,2026-07-23,81.3,1.7,5.67,"Seymour, Ian",649966,693855,,foul,,,,,6,,R,R,L,TOR,TB,S,,,0,1,2026,-0.64,0.95,0.6934633631851996,2.480903190258543,,,,0,7,Bot,,,,,,,-0.9722992412757986,-118.42085400882522,-2.2232889269713625,-5.8550639638839215,21.646877779270433,-22.971021798262218,3.090994095,1.559940945,210,66.8,48,81.5,2188,6.3,822785,676439,666018,680700,691406,810938,802415,676356,683748,54.2,,,,,,,,50,2,Sweeper,2,1,2,1,1,2,2,1,Infield shade,Standard,245,-0.005,-0.053,70.5,8.1,,,0.053,88.0,1,1,0.786,0.786,27,29,28,29,2,2,5,1,6,1,2.48,-0.64,0.64,43.4,9.06877573204289,-11.637287495166042,25.172126082829728,44.98461008828417,37.94635826321564
SI,2026-07-23,87.3,1.57,5.7,"Seymour, Ian",649966,693855,,foul,,,,,2,,R,R,L,TOR,TB,S,,,0,0,2026,1.26,0.72,-0.0633638013068864,2.744255931079995,,,,0,7,Bot,,,,,,,-6.517369865522529,-126.97890785636952,-2.2841367397139463,14.94352435467841,24.822145776674308,-24.147614296667548,3.090994095,1.559940945,58,91.0,1,87.4,2015,6.3,822785,676439,666018,680700,691406,810938,802415,676356,683748,54.21,,,,,,,,50,1,Sinker,2,1,2,1,1,2,2,1,Infield shade,Standard,144,-0.003,-0.042,75.7,7.8,,,0.042,91.0,1,1,0.789,0.789,27,29,28,29,2,2,5,1,6,1,2.27,1.26,-1.26,45.4,22.999457461877817,-18.406337909118907,18.366434377773267,35.406710251554685,45.31026365868347
FF,2026-07-23,92.3,-1.46,5.46,"Bieber, Shane",802415,669456,field_out,hit_into_play,,,,,6,Chandler Simpson flies out to left fielder Davis Schneider.,R,L,R,TOR,TB,X,7,fly_ball,0,0,2026,-0.96,1.31,0.3841523915902926,2.523823038830904,,,,2,7,Top,75.19,128.61,,,,,6.796814882248482,-134.27419799546448,-4.389058248645495,-13.05306221047179,27.718936863610605,-15.511394687432412,3.177878937,1.60378937,218,78.7,51,92.9,2337,6.6,822785,672386,665489,649966,672960,676391,676914,664702,682818,53.94,0.046,0.041,0.0,1,0,0,3,49,1,4-Seam Fastball,2,1,1,2,1,2,1,2,Strategic,Standard,220,0.021,-0.26,67.0,6.8,,0.055,0.26,88.0,1,-1,0.768,0.232,31,25,31,26,3,2,5,1,5,1,1.35,0.96,-0.96,36.2,6.973309427264028,-0.8684344051055048,31.755333293275488,35.217919508137214,23.63821250098118
SL,2026-07-23,85.6,-1.52,5.47,"Bieber, Shane",676356,669456,field_out,hit_into_play,,,,,1,"Jonny DeLuca grounds out, pitcher Shane Bieber to first baseman Vladimir Guerrero Jr.",R,R,R,TOR,TB,X,1,ground_ball,2,1,2026,0.09,-0.04,-0.3147546007801196,3.0500345463930625,,,,1,7,Top,129.48,180.69,,,,,2.642840243206541,-124.78014727733512,0.741739300546377,0.4334409103373918,22.38957052897017,-32.93381478329672,3.133120079,1.581200787,13,83.6,-12,86.4,2517,6.5,822785,672386,665489,649966,672960,676391,676914,664702,682818,54.04,0.119,0.107,0.0,1,0,0,2,48,4,Slider,2,1,1,2,1,2,1,2,Standard,Standard,182,0.037,-0.311,61.8,6.4,,0.136,0.311,88.0,1,-1,0.731,0.269,31,27,31,28,3,2,5,2,5,1,3.11,-0.09,-0.09,37.4,-0.6936422021052542,16.06369806970614,17.93517314147161,31.66104025369567,20.691233967302928
SI,2026-07-23,92.5,-1.53,5.46,"Bieber, Shane",676356,669456,,ball,,,,,11,,R,R,R,TOR,TB,B,,,1,1,2026,-1.13,0.92,-1.8115137840469224,3.285447420267076,,,,1,7,Top,,,,,,,1.8069239363424867,-134.72896910351625,-1.632562973554613,-14.16875320398265,28.713634129187103,-20.85034990259145,3.133120079,1.581200787,,,,93.0,2265,6.5,822785,672386,665489,649966,672960,676391,676914,664702,682818,53.98,,,,,,,,48,3,Sinker,2,1,1,2,1,2,1,2,Standard,Standard,222,-0.007,0.057,,,,,-0.057,,1,-1,0.738,0.262,31,27,31,28,3,2,5,2,5,1,1.74,1.13,1.13,37.6,,,,,
FF,2026-07-23,92.6,-1.39,5.53,"Bieber, Shane",676356,669456,,foul,,,,,5,,R,R,R,TOR,TB,S,,,1,0,2026,-1.0,1.36,0.1963891224622745,2.315502691954589,,,,1,7,Top,,,,,,,6.274273734694174,-134.76238282674697,-5.264589331038739,-13.593088788179182,28.32179193514219,-14.606704230817131,3.133120079,1.581200787,68,82.1,89,93.3,2371,6.6,822785,672386,665489,649966,672960,676391,676914,664702,682818,53.9,,,,,,,,48,2,4-Seam Fastball,2,1,1,2,1,2,1,2,Standard,Standard,215,0.007,-0.049,78.3,8.7,,,0.049,88.0,1,-1,0.731,0.269,31,27,31,28,3,2,5,2,5,1,1.29,1.0,1.0,39.6,13.544529162008908,-15.280811965656108,26.049568246006245,38.36831799857961,34.419514535191226
FC,2026-07-23,87.2,-1.45,5.48,"Bieber, Shane",676356,669456,,ball,,,,,12,,R,R,R,TOR,TB,B,,,0,0,2026,-0.02,0.75,1.077194694616785,3.1362641778990388,,,,1,7,Top,,,,,,,6.064844607065377,-127.01651724254872,-0.954732609724832,-1.2731823426712685,21.84385392869169,-24.024861737481537,3.133120079,1.581200787,,,,88.2,2574,6.5,822785,672386,665489,649966,672960,676391,676914,664702,682818,54.01,,,,,,,,48,1,Cutter,2,1,1,2,1,2,1,2,Standard,Standard,198,-0.005,0.041,,,,,-0.041,,1,-1,0.736,0.264,31,27,31,28,3,2,5,2,5,1,2.21,0.02,0.02,35.0,,,,,
KC,2026-07-23,83.2,-1.48,5.48,"Bieber, Shane",683748,669456,strikeout,swinging_strike,,,,,11,Victor Mesa Jr. strikes out swinging.,R,L,R,TOR,TB,S,2,,3,2,2026,0.18,-0.58,-0.8694176967877166,2.890776244946558,,,,0,7,Top,,,,,,,1.0226281336770282,-121.2486983456444,1.8149720654507204,1.6131653494980478,21.81354275806412,-38.44890752182896,3.15769357,1.593602362,,,,84.0,2491,6.5,822785,672386,665489,649966,672960,676391,676914,664702,682818,53.96,,0.0,0.0,1,0,0,,47,6,Knuckle Curve,2,1,1,2,1,2,1,2,Infield shade,Standard,56,0.055,-0.346,69.9,7.3,0.3790896,,0.346,,1,-1,0.681,0.319,31,24,31,25,3,2,5,1,5,2,3.84,-0.18,0.18,42.1,2.558148355055581,26.270309219283515,25.58940082655688,45.14008180843541,13.078139007608344
SI,2026-07-23,93.1,-1.63,5.47,"Bieber, Shane",683748,669456,,foul_bunt,,,,,11,,R,L,R,TOR,TB,S,,,3,1,2026,-1.27,1.34,-1.067616171903698,3.1057273157898653,,,,0,7,Top,,,,,,,4.266148625414444,-135.47757453202846,-3.0901648238888,-16.554726668594324,30.92595742751672,-15.213590846203466,3.15769357,1.593602362,,,,93.2,2427,6.4,822785,672386,665489,649966,672960,676391,676914,664702,682818,54.07,,,,,,,,47,5,Sinker,2,1,1,2,1,2,1,2,Infield shade,Standard,223,0.017,-0.103,7.5,1.9,,,0.103,88.0,1,-1,0.664,0.336,31,24,31,25,3,2,5,1,5,2,1.3,1.27,-1.27,36.7,-60.14115590082384,12.862299162552612,19.562826287893436,49.339527604635535,8.221079639705469
CH,2026-07-23,87.9,-1.52,5.4,"Bieber, Shane",683748,669456,,ball,,,,,13,,R,L,R,TOR,TB,B,,,2,1,2026,-0.84,-0.12,-0.3772305607005743,0.7197265636227237,,,,0,7,Top,,,,,,,4.526428042511093,-128.03893533142394,-4.848634571655343,-10.178789961541092,22.929950683492333,-32.76877137114755,3.15769357,1.593602362,,,,88.7,1064,6.4,822785,672386,665489,649966,672960,676391,676914,664702,682818,54.06,,,,,,,,47,4,Changeup,2,1,1,2,1,2,1,2,Standard,Standard,244,-0.021,0.138,,,,,-0.138,,1,-1,0.685,0.315,31,24,31,25,3,2,5,1,5,2,3.03,0.84,-0.84,38.6,,,,,
FF,2026-07-23,92.1,-1.44,5.57,"Bieber, Shane",683748,669456,,ball,,,,,11,,R,L,R,TOR,TB,B,,,1,1,2026,-1.22,1.36,-0.9545988768517883,3.886867828159013,,,,0,7,Top,,,,,,,3.924110344830863,-134.1111680527241,-1.2862314595958215,-15.50920758983245,29.676668853431742,-15.712567098471816,3.15769357,1.593602362,,,,92.3,2257,6.4,822785,672386,665489,649966,672960,676391,676914,664702,682818,54.08,,,,,,,,47,3,4-Seam Fastball,2,1,1,2,1,2,1,2,Standard,Standard,224,-0.009,0.063,,,,,-0.063,,1,-1,0.694,0.306,31,24,31,25,3,2,5,1,5,2,1.33,1.22,-1.22,36.0,,,,,
KC,2026-07-23,82.4,-1.44,5.53,"Bieber, Shane",683748,669456,,foul_tip,,,,,1,,R,L,R,TOR,TB,S,,,1,0,2026,0.82,-0.57,-0.4918875034270563,2.7164117477560845,,,,0,7,Top,,,,,,,0.5102357464599099,-119.93833053327522,1.481319257430144,7.798280985740194,23.950208480287213,-38.180768842089854,3.15769357,1.593602362,,,,82.3,2451,6.3,822785,672386,665489,649966,672960,676391,676914,664702,682818,54.22,,,,,,,,47,2,Knuckle Curve,2,1,1,2,1,2,1,2,Standard,Standard,32,0.009,-0.056,70.7,6.7,,,0.056,,1,-1,0.685,0.315,31,24,31,25,3,2,5,1,5,2,3.93,-0.82,0.82,37.3,-3.02753944051913,36.18091509167112,28.09675092003283,41.58531608704898,10.595679945607545
CH,2026-07-23,85.9,-1.5,5.42,"Bieber, Shane",683748,669456,,ball,,,,,14,,R,L,R,TOR,TB,B,,,0,0,2026,-0.74,0.18,0.7885360623088061,0.687645442203864,,,,0,7,Top,,,,,,,6.887180235478825,-124.91666787656288,-5.158279254633928,-9.02507809847492,21.88782468817608,-29.523472555211267,3.15769357,1.593602362,,,,86.5,1032,6.4,822785,672386,665489,649966,672960,676391,676914,664702,682818,54.06,,,,,,,,47,1,Changeup,2,1,1,2,1,2,1,2,Standard,Standard,251,-0.007,0.043,,,,,-0.043,,1,-1,0.692,0.308,31,24,31,25,3,2,5,1,5,2,2.88,0.74,-0.74,33.1,,,,,
FF,2026-07-23,90.9,1.73,5.43,"Seymour, Ian",676914,693855,field_out,hit_into_play,,,,,12,Davis Schneider flies out to right fielder Victor Mesa Jr.,R,R,L,TOR,TB,X,9,fly_ball,2,2,2026,0.57,1.36,1.1533830233073985,2.5204753842652172,,543807,,2,6,Bot,173.56,103.29,,,,,-2.6744777947345466,-132.32651725241644,-4.134421168614613,7.298513475176582,29.01200788299342,-15.562589666199848,3.045357612,1.536909449,266,88.2,51,90.7,2175,6.2,822785,676439,666018,680700,691406,810938,802415,676356,683748,54.3,0.011,0.012,0.0,1,0,0,3,46,5,4-Seam Fastball,2,1,2,1,1,2,2,1,Infield shade,Standard,148,-0.03,-0.223,67.1,6.6,,0.019,0.223,88.2,1,1,0.722,0.722,27,27,28,27,2,2,5,27,6,1,1.4,0.57,-0.57,40.9,21.79844458579404,12.08597230810356,25.41446973380926,45.79225776274048,29.58186465298559
FF,2026-07-23,91.2,1.77,5.45,"Seymour, Ian",676914,693855,,ball,,,,,12,,R,R,L,TOR,TB,B,,,1,2,2026,0.52,1.29,0.3747643047808636,3.398623933809687,,543807,,2,6,Bot,,,,,,,-4.585611745372368,-132.90249582395592,-1.98912522621943,7.10605345894394,26.267468488474428,-16.5735980362588,3.045357612,1.536909449,,,,91.4,2217,6.2,822785,676439,666018,680700,691406,810938,802415,676356,683748,54.35,,,,,,,,46,4,4-Seam Fastball,2,1,2,1,1,2,2,1,Infield shade,Standard,141,0.006,0.032,,,,,-0.032,,1,1,0.716,0.716,27,27,28,27,2,2,5,27,6,1,1.42,0.52,-0.52,39.8,,,,,
CH,2026-07-23,84.3,1.58,5.68,"Seymour, Ian",676914,693855,,ball,,,,,14,,R,R,L,TOR,TB,B,,,0,2,2026,1.27,0.79,1.517728411334177,1.4375209630918802,,543807,,2,6,Bot,,,,,,,-2.7193654562708147,-122.77400695245476,-4.889843515380573,13.458897336925336,22.63730184750925,-23.478834742330815,3.045357612,1.536909449,,,,84.4,1655,6.2,822785,676439,666018,680700,691406,810938,802415,676356,683748,54.32,,,,,,,,46,3,Changeup,2,1,2,1,1,2,2,1,Infield shade,Standard,129,0.003,0.008,,,,,-0.008,,1,1,0.713,0.713,27,27,28,27,2,2,5,27,6,1,2.4,1.27,-1.27,43.4,,,,,
CH,2026-07-23,84.9,1.34,5.69,"Seymour, Ian",676914,693855,,swinging_strike,,,,,14,,R,R,L,TOR,TB,S,,,0,1,2026,1.36,0.96,0.872592374351127,1.5445608621845834,,543807,,2,6,Bot,,,,,,,-3.837919035842485,-123.47424279176408,-5.071613818464646,14.66620328785636,25.362634582987123,-21.510714068862363,3.045357612,1.536909449,,,,84.6,1553,6.2,822785,676439,666018,680700,691406,810938,802415,676356,683748,54.32,,,,,,,,46,2,Changeup,2,1,2,1,1,2,2,1,Infield shade,Standard,132,-0.009,-0.059,67.1,8.3,3.674924544,,0.059,,1,1,0.722,0.722,27,27,28,27,2,2,5,27,6,1,2.21,1.36,-1.36,45.1,29.571842753837444,-28.826658969125276,37.23662567505139,42.89861742671015,49.24596797423859
FF,2026-07-23,91.2,1.57,5.42,"Seymour, Ian",676914,693855,,called_strike,,,,,2,,R,R,L,TOR,TB,S,,,0,0,2026,0.64,1.35,0.2156050882934823,2.7833426923160554,,543807,,2,6,Bot,,,,,,,-4.767632055951796,-132.6628574180427,-3.4875432143771627,8.627202547785002,29.556190621413588,-15.70851247887618,3.045357612,1.536909449,,,,91.1,2283,6.3,822785,676439,666018,680700,691406,810938,802415,676356,683748,54.18,,,,,,,,46,1,4-Seam Fastball,2,1,2,1,1,2,2,1,Infield shade,Standard,146,-0.005,-0.039,,,,,0.039,,1,1,0.727,0.727,27,27,28,27,2,2,5,27,6,1,1.4,0.64,-0.64,41.2,,,,,
CH,2026-07-23,83.6,1.56,5.68,"Seymour, Ian",672960,693855,strikeout,swinging_strike,,,,,14,Kazuma Okamoto strikes out swinging.,R,R,L,TOR,TB,S,2,,1,2,2026,1.08,0.66,0.504774690883653,1.103164085324209,,543807,,1,6,Bot,,,,,,,-4.520690810761184,-121.61899481444188,-5.1814558261794454,11.574841577799369,22.780907554697883,-24.81862058120253,3.255987533,1.643208661,,,,83.2,1509,6.0,822785,676439,666018,680700,691406,810938,802415,676356,683748,54.55,,0.0,0.0,1,0,0,,45,4,Changeup,2,1,2,1,1,2,2,1,Infield shade,Standard,128,-0.023,-0.202,70.2,8.9,0.838049436,,0.202,,1,1,0.75,0.75,27,30,28,30,2,2,5,1,6,1,2.59,1.08,-1.08,42.9,22.663550929183433,-16.867597447511557,37.497927177568286,42.225312986845,40.45123022786733
FF,2026-07-23,91.2,1.5,5.56,"Seymour, Ian",672960,693855,,foul,,,,,1,,R,R,L,TOR,TB,S,,,1,1,2026,0.37,1.3,-0.7858048286858901,3.2194478190839604,,543807,,1,6,Bot,,,,,,,-6.460420000570306,-132.64425594515296,-2.6300155498188396,5.768744514692988,29.91301471595958,-16.46961537285179,3.255987533,1.643208661,175,72.3,67,90.9,2129,6.3,822785,676439,666018,680700,691406,810938,802415,676356,683748,54.25,,,,,,,,45,3,4-Seam Fastball,2,1,2,1,1,2,2,1,Infield shade,Standard,152,-0.008,-0.07,73.8,7.6,,,0.07,88.0,1,1,0.758,0.758,27,30,28,30,2,2,5,1,6,1,1.45,0.37,-0.37,39.9,16.025367411226746,-13.06802676369647,26.984556340672217,27.299742265075395,33.303730337665016
CH,2026-07-23,83.0,1.49,5.62,"Seymour, Ian",672960,693855,,foul,,,,,6,,R,R,L,TOR,TB,S,,,1,0,2026,1.05,0.64,0.726423998891767,2.2336249803502284,,543807,,1,6,Bot,,,,,,,-3.819206109026163,-120.84762513818262,-2.3680046301776425,11.064520454882304,22.43985160839126,-25.664847947070506,3.255987533,1.643208661,201,82.5,60,83.2,1594,6.3,822785,676439,666018,680700,691406,810938,802415,676356,683748,54.2,,,,,,,,45,2,Changeup,2,1,2,1,1,2,2,1,Infield shade,Standard,119,-0.003,-0.051,73.4,7.9,,,0.051,88.0,1,1,0.761,0.761,27,30,28,30,2,2,5,1,6,1,2.65,1.05,-1.05,43.7,8.972041313576083,12.31893261573182,31.145647295487116,45.00555496380009,23.966521005004452
ST,2026-07-23,80.5,1.59,5.61,"Seymour, Ian",672960,693855,,ball,,,,,12,,R,R,L,TOR,TB,B,,,0,0,2026,-0.92,0.7,0.6732304672890267,3.6797096200581607,,543807,,1,6,Bot,,,,,,,-0.2194706795409861,-117.28683709216172,1.1762636703279084,-8.494905547515456,21.83394121606602,-26.1128226040487,3.255987533,1.643208661,,,,80.6,2040,6.2,822785,676439,666018,680700,691406,810938,802415,676356,683748,54.25,,,,,,,,45,1,Sweeper,2,1,2,1,1,2,2,1,Infield shade,Standard,245,0.001,0.038,,,,,-0.038,,1,1,0.76,0.76,27,30,28,30,2,2,5,1,6,1,2.8,-0.92,0.92,43.6,,,,,
SI,2026-07-23,89.5,1.49,5.78,"Seymour, Ian",672386,693855,field_out,hit_into_play,,,,,5,"Alejandro Kirk grounds out sharply, shortstop Ben Williamson to first baseman Jonathan Aranda.",R,R,L,TOR,TB,X,6,ground_ball,0,0,2026,0.71,0.98,-0.2713405432424619,2.092841949720117,,543807,,0,6,Bot,108.91,155.28,,,,,-5.791090490165071,-130.34659478354544,-5.06405010393211,9.210938657633992,23.32528901406089,-20.11479899314612,3.010252625,1.519192913,14,104.3,-8,89.9,1951,6.2,822785,676439,666018,680700,691406,810938,802415,676356,683748,54.32,0.251,0.24,0.0,1,0,0,2,44,1,Sinker,2,1,2,1,1,2,2,1,Infield shade,Standard,151,-0.038,-0.206,78.4,7.5,,0.268,0.206,104.3,1,1,0.798,0.798,27,27,28,28,2,2,5,1,6,1,1.83,0.71,-0.71,45.1,4.732366073592968,1.86134484342629,24.420811986893483,40.11903068782616,29.631151627370496
SL,2026-07-23,82.3,1.63,5.57,"Seymour, Ian",543807,693855,double,hit_into_play,,,,,8,George Springer doubles (13) on a line drive to left fielder Chandler Simpson.,R,R,L,TOR,TB,X,7,line_drive,1,1,2026,-0.53,0.67,0.098037790727975,1.842925101595131,,,,0,6,Bot,32.39,107.88,,,,,-2.391857346252834,-119.92320214099009,-3.061836937324314,-4.678222106565824,22.49390023590983,-25.33978960870566,3.267396654,1.648966535,277,91.2,20,82.7,2134,6.4,822785,676439,666018,680700,691406,810938,802415,676356,683748,54.07,0.337,0.306,1.25,1,1,1,4,43,3,Slider,2,1,2,1,1,2,2,1,Infield shade,Standard,258,0.059,0.72,72.7,8.1,,0.421,-0.72,91.2,1,1,0.739,0.739,27,36,28,37,2,2,5,1,6,1,2.68,-0.53,0.53,41.4,17.49875594083967,-11.908019050590584,37.93285026312436,37.303409989430875,33.492321223586714
SI,2026-07-23,89.0,1.21,5.7,"Seymour, Ian",543807,693855,,called_strike,,,,,5,,R,R,L,TOR,TB,S,,,1,0,2026,1.02,0.95,-0.1750850547816319,2.506616941600818,,,,0,6,Bot,,,,,,,-5.4982148671788,-129.5409999186052,-3.6472333030278783,12.563391338218755,24.70526223513983,-20.910759130954915,3.267396654,1.648966535,,,,89.0,1867,6.1,822785,676439,666018,680700,691406,810938,802415,676356,683748,54.44,,,,,,,,43,2,Sinker,2,1,2,1,1,2,2,1,Infield shade,Standard,145,-0.004,-0.056,,,,,0.056,,1,1,0.743,0.743,27,36,28,37,2,2,5,1,6,1,1.91,1.02,-1.02,46.5,,,,,
FF,2026-07-23,90.5,1.72,5.45,"Seymour, Ian",543807,693855,,ball,,,,,12,,R,R,L,TOR,TB,B,,,0,0,2026,0.96,1.17,1.5449336272760197,2.5986762957002325,,,,0,6,Bot,,,,,,,-2.518797998454275,-131.74459036691405,-3.526348698352785,11.742466985151442,28.287675003949666,-18.012357546018745,3.267396654,1.648966535,,,,90.5,2049,6.3,822785,676439,666018,680700,691406,810938,802415,676356,683748,54.24,,,,,,,,43,1,4-Seam Fastball,2,1,2,1,1,2,2,1,Infield shade,Standard,149,0.003,0.043,,,,,-0.043,,1,1,0.74,0.74,27,36,28,37,2,2,5,1,6,1,1.61,0.96,-0.96,39.5,,,,,
FF,2026-07-23,93.4,-1.49,5.52,"Bieber, Shane",691406,669456,strikeout,swinging_strike,,,,,11,Junior Caminero strikes out swinging.,R,R,R,TOR,TB,S,2,,0,2,2026,-0.94,1.38,-0.777898940680526,4.31222044281167,,,,2,6,Top,,,,,,,3.937094051358272,-135.95053696600257,-0.2582303977695785,-12.577934840493525,31.731646068290186,-15.361851879898817,3.243700787,1.637007874,,,,93.5,2387,6.5,822785,672386,665489,649966,672960,676391,676914,664702,682818,54.04,,0.0,0.0,1,0,0,,42,4,4-Seam Fastball,2,1,1,2,1,2,1,2,Standard,Standard,221,0.01,-0.154,61.8,7.1,4.926791412,,0.154,,1,-1,0.73,0.27,31,22,31,23,3,2,5,1,5,1,1.25,0.94,0.94,38.3,5.967793090958286,27.987513081336814,24.27144965171055,27.425264270216086,17.506360024578925
SL,2026-07-23,86.6,-1.47,5.41,"Bieber, Shane",691406,669456,,foul,,,,,14,,R,R,R,TOR,TB,S,,,0,2,2026,-0.04,0.34,1.2535158734042675,2.0122786011073086,,,,2,6,Top,,,,,,,6.531413400443292,-126.0725847142583,-2.465554712837046,-1.6298383337102016,22.927157339083955,-28.302789786044197,3.243700787,1.637007874,4,68.0,-28,87.5,2556,6.6,822785,672386,665489,649966,672960,676391,676914,664702,682818,53.92,,,,,,,,42,3,Slider,2,1,1,2,1,2,1,2,Standard,Standard,181,0.0,0.0,78.2,9.2,,,0.0,88.0,1,-1,0.73,0.27,31,22,31,23,3,2,5,1,5,1,2.68,0.04,0.04,37.5,12.301765724909366,2.072981171006225,23.080335800351808,52.02517743201923,31.22908339619895
FF,2026-07-23,93.4,-1.38,5.49,"Bieber, Shane",691406,669456,,called_strike,,,,,12,,R,R,R,TOR,TB,S,,,0,1,2026,-1.09,1.42,0.8645943917041683,2.4806739397394875,,,,2,6,Top,,,,,,,8.192247140818898,-135.7512792624532,-4.9440323918120574,-15.334942069585887,31.60906883045655,-13.782446445643558,3.243700787,1.637007874,,,,93.6,2401,6.6,822785,672386,665489,649966,672960,676391,676914,664702,682818,53.86,,,,,,,,42,2,4-Seam Fastball,2,1,1,2,1,2,1,2,Standard,Standard,220,0.004,-0.062,,,,,0.062,,1,-1,0.726,0.274,31,22,31,23,3,2,5,1,5,1,1.22,1.09,1.09,37.8,,,,,
FC,2026-07-23,88.1,-1.54,5.45,"Bieber, Shane",691406,669456,,foul,,,,,12,,R,R,R,TOR,TB,S,,,0,0,2026,0.15,0.85,0.6770928670162796,3.618717355997376,,,,2,6,Top,,,,,,,5.0287113348637495,-128.3508305898141,-0.0189980312515357,0.6324029228632079,25.218247962458538,-22.979119347085597,3.243700787,1.637007874,110,78.2,81,88.6,2604,6.4,822785,672386,665489,649966,672960,676391,676914,664702,682818,54.1,,,,,,,,42,1,Cutter,2,1,1,2,1,2,1,2,Standard,Standard,200,0.003,-0.044,80.4,8.9,,,0.044,88.0,1,-1,0.723,0.277,31,22,31,23,3,2,5,1,5,1,2.07,-0.15,-0.15,36.2,12.565826491565833,-0.15051067632395,20.86018711796736,45.69769276784979,35.11382308323873
CH,2026-07-23,87.7,-1.54,5.32,"Bieber, Shane",666018,669456,field_out,hit_into_play,,,,,7,"Jonathan Aranda grounds out, shortstop Ernie Clement to first baseman Vladimir Guerrero Jr.",R,L,R,TOR,TB,X,6,ground_ball,2,1,2026,-0.99,0.43,-0.7081348634718937,1.698609420879312,,,,1,6,Top,126.94,188.79,,,,,4.092360833956637,-127.53862833449958,-3.2368935758854662,-11.658035556425345,29.739880245110143,-26.957533137404667,3.189288058,1.609547244,36,94.7,-1,87.4,1123,6.5,822785,672386,665489,649966,672960,676391,676914,664702,682818,54.04,0.272,0.251,0.0,1,0,0,2,41,4,Changeup,2,1,1,2,1,2,1,2,Infield shade,Standard,245,0.031,-0.311,69.6,7.6,,0.299,0.311,94.7,1,-1,0.692,0.308,31,28,31,28,3,2,5,1,5,1,2.57,0.99,-0.99,32.3,7.7916276409034895,10.443965645563209,30.792136872060617,49.036237038133905,28.127820582991266
KC,2026-07-23,81.9,-1.36,5.55,"Bieber, Shane",666018,669456,,called_strike,,,,,2,,R,L,R,TOR,TB,S,,,2,0,2026,0.33,-1.03,-0.16638356808616,2.8033437245808077,,,,1,6,Top,,,,,,,2.033774426011222,-119.11225889552315,2.728208759562981,2.6027775250515774,27.264864366331853,-42.68877040540499,3.189288058,1.609547244,,,,81.6,2352,6.6,822785,672386,665489,649966,672960,676391,676914,664702,682818,53.93,,,,,,,,41,3,Knuckle Curve,2,1,1,2,1,2,1,2,Infield shade,Standard,33,0.008,-0.069,,,,,0.069,,1,-1,0.684,0.316,31,28,31,28,3,2,5,1,5,1,4.48,-0.33,0.33,41.7,,,,,
CH,2026-07-23,87.4,-1.62,5.35,"Bieber, Shane",666018,669456,,ball,,,,,14,,R,L,R,TOR,TB,B,,,1,0,2026,-1.45,0.01,0.7103049010858553,-1.231074608961476,,,,1,6,Top,,,,,,,8.570120102008786,-126.6075490530396,-9.307895968785116,-17.341296940369237,27.980711422429753,-30.180334556167136,3.189288058,1.609547244,,,,87.1,1084,6.5,822785,672386,665489,649966,672960,676391,676914,664702,682818,53.97,,,,,,,,41,2,Changeup,2,1,1,2,1,2,1,2,Infield shade,Standard,252,-0.008,0.076,,,,,-0.076,,1,-1,0.692,0.308,31,28,31,28,3,2,5,1,5,1,3.02,1.45,-1.45,32.6,,,,,
FF,2026-07-23,92.5,-1.54,5.43,"Bieber, Shane",666018,669456,,ball,,,,,13,,R,L,R,TOR,TB,B,,,0,0,2026,-1.21,1.65,-0.7967120284556433,1.1878529557103017,,,,1,6,Top,,,,,,,4.576193430682983,-134.3032604697927,-8.384588671322543,-15.684068063389818,32.248483193779904,-10.514162984809882,3.189288058,1.609547244,,,,92.3,2450,6.5,822785,672386,665489,649966,672960,676391,676914,664702,682818,53.95,,,,,,,,41,1,4-Seam Fastball,2,1,1,2,1,2,1,2,Infield shade,Standard,219,-0.004,0.041,,,,,-0.041,,1,-1,0.696,0.304,31,28,31,28,3,2,5,1,5,1,1.05,1.21,-1.21,40.3,,,,,
SI,2026-07-23,91.4,-1.49,5.5,"Bieber, Shane",650490,669456,field_out,hit_into_play,,,,,11,"Yandy Díaz grounds out softly, catcher Alejandro Kirk to first baseman Vladimir Guerrero Jr.",R,R,R,TOR,TB,X,2,ground_ball,0,1,2026,-1.38,1.08,-0.9159592385920928,2.4709739106134347,,,,0,6,Top,127.62,202.2,,,,,4.487078715325648,-133.0374996065809,-3.955569746331034,-17.400657497718097,26.790973342534148,-18.71593789919026,3.227903543,1.629035433,1,57.9,-78,92.1,2304,6.5,822785,672386,665489,649966,672960,676391,676914,664702,682818,53.97,0.17,0.153,0.0,1,0,0,1,40,2,Sinker,2,1,1,2,1,2,1,2,Standard,Standard,228,0.031,-0.218,52.5,6.3,,0.17,0.218,88.0,1,-1,0.665,0.335,31,34,31,35,3,2,5,1,5,1,1.64,1.38,1.38,41.5,-6.07011669217988,28.475746755859703,27.494712022068885,27.05834088883703,17.802361681188152
FF,2026-07-23,91.6,-1.43,5.51,"Bieber, Shane",650490,669456,,called_strike,,,,,9,,R,R,R,TOR,TB,S,,,0,0,2026,-1.21,1.49,0.6696459167703708,2.0548341099527923,,,,0,6,Top,,,,,,,7.920703865568198,-133.12492211003126,-5.916125868157048,-16.080676793987013,29.176704830581997,-13.370684505202144,3.227903543,1.629035433,,,,91.8,2396,6.5,822785,672386,665489,649966,672960,676391,676914,664702,682818,53.95,,,,,,,,40,1,4-Seam Fastball,2,1,1,2,1,2,1,2,Standard,Standard,224,0.005,-0.042,,,,,0.042,,1,-1,0.66,0.34,31,34,31,35,3,2,5,1,5,1,1.24,1.21,1.21,37.2,,,,,
CH,2026-07-23,84.3,1.62,5.66,"Seymour, Ian",676391,693855,field_out,hit_into_play,,,,,5,Ernie Clement flies out to left fielder Chandler Simpson.,R,R,L,TOR,TB,X,7,fly_ball,0,1,2026,1.06,0.46,-0.1273449209944794,2.1816846492180035,,,665489,2,5,Bot,41.13,106.26,,,,,-6.115616518744883,-122.71845588306915,-2.4408119932169408,11.931999416328356,23.576412724941346,-27.21665161964629,3.191043307,1.610433071,327,93.1,40,84.1,1591,6.1,822785,676439,666018,680700,691406,810938,802415,676356,683748,54.45,0.023,0.032,0.0,1,0,0,3,39,2,Changeup,2,1,2,1,1,2,2,1,Infield shade,Standard,122,-0.019,-0.236,68.1,8.0,,0.062,0.236,93.1,1,1,0.679,0.679,27,30,28,30,2,2,5,1,6,1,2.73,1.06,-1.06,42.4,19.40129506328489,-21.842242385323708,33.56778317858722,34.10194489065417,42.4383389241209
SI,2026-07-23,89.8,1.41,5.64,"Seymour, Ian",676391,693855,,foul,,,,,2,,R,R,L,TOR,TB,S,,,0,0,2026,0.9,0.88,-0.1483589569427231,2.7506604474973786,,,665489,2,5,Bot,,,,,,,-5.744568531640866,-130.7844946874147,-2.935245762386479,11.490671982532612,25.16200974048606,-21.6356620530124,3.191043307,1.610433071,178,68.9,55,90.2,1989,6.3,822785,676439,666018,680700,691406,810938,802415,676356,683748,54.19,,,,,,,,39,1,Sinker,2,1,2,1,1,2,2,1,Infield shade,Standard,149,-0.003,-0.04,69.7,6.9,,,0.04,88.0,1,1,0.682,0.682,27,30,28,30,2,2,5,1,6,1,1.92,0.9,-0.9,43.5,10.60492712483807,8.896875714444187,33.50107684106245,33.146798237468616,26.56100038332884
CH,2026-07-23,83.4,1.42,5.72,"Seymour, Ian",665489,693855,single,hit_into_play,,,,,13,Vladimir Guerrero Jr. singles on a line drive to left fielder Chandler Simpson.,R,R,L,TOR,TB,X,7,line_drive,2,1,2026,1.06,0.47,-0.1023263775456999,0.992201584409118,,,,2,5,Bot,104.02,89.9,,,,,-5.547419060724123,-121.29809650828432,-5.139803646035686,11.510196289679964,22.168807570484088,-26.718920555452545,3.208595801,1.619291339,185,78.0,14,83.4,1523,6.2,822785,676439,666018,680700,691406,810938,802415,676356,683748,54.32,0.68,0.627,0.9,1,1,0,4,38,4,Changeup,2,1,2,1,1,2,2,1,Infield shade,Standard,129,0.01,0.291,75.4,8.9,,0.752,-0.291,88.0,1,1,0.672,0.672,27,27,28,27,2,2,5,1,6,1,2.79,1.06,-1.06,44.6,12.519988621960826,-26.18281072415863,39.58838264684065,35.98491548508094,47.35709239568926
FF,2026-07-23,91.4,1.51,5.43,"Seymour, Ian",665489,693855,,ball,,,,,13,,R,R,L,TOR,TB,B,,,1,1,2026,0.33,1.29,-1.212054111745279,2.3404535952101133,,,,2,5,Bot,,,,,,,-7.482306409964187,-132.8519057261081,-4.536226728624628,5.436166279355174,27.555415066757213,-16.104275358602454,3.208595801,1.619291339,,,,91.6,2191,6.4,822785,676439,666018,680700,691406,810938,802415,676356,683748,54.12,,,,,,,,38,3,4-Seam Fastball,2,1,2,1,1,2,2,1,Infield shade,Standard,151,0.002,0.056,,,,,-0.056,,1,1,0.67,0.67,27,27,28,27,2,2,5,1,6,1,1.44,0.33,-0.33,41.5,,,,,
CH,2026-07-23,82.7,1.38,5.71,"Seymour, Ian",665489,693855,,foul,,,,,9,,R,R,L,TOR,TB,S,,,1,0,2026,1.0,0.41,0.5548439140126987,2.0300075953041152,,,,2,5,Bot,,,,,,,-3.826010719590806,-120.39769049617642,-2.5017702472389645,10.4435875956727,22.97033478841205,-27.93084809294808,3.208595801,1.619291339,8,47.9,-14,82.6,1632,6.2,822785,676439,666018,680700,691406,810938,802415,676356,683748,54.32,,,,,,,,38,2,Changeup,2,1,2,1,1,2,2,1,Infield shade,Standard,140,-0.002,-0.056,75.0,9.0,,,0.056,88.0,1,1,0.672,0.672,27,27,28,27,2,2,5,1,6,1,2.92,1.0,-1.0,45.5,19.08527130840611,-30.592891633005067,23.193679657140333,44.29217979288705,48.34919240030417
SI,2026-07-23,89.9,1.43,5.65,"Seymour, Ian",665489,693855,,ball,,,,,14,,R,R,L,TOR,TB,B,,,0,0,2026,1.11,0.84,0.7607446971109648,1.207458757386235,,,,2,5,Bot,,,,,,,-4.021869992294728,-130.82530711671976,-6.647574257034064,13.571204076501374,25.675483867100603,-21.36175398193935,3.208595801,1.619291339,,,,90.3,1963,6.4,822785,676439,666018,680700,691406,810938,802415,676356,683748,54.14,,,,,,,,38,1,Sinker,2,1,2,1,1,2,2,1,Infield shade,Standard,147,0.001,0.041,,,,,-0.041,,1,1,0.671,0.671,27,27,28,27,2,2,5,1,6,1,1.96,1.11,-1.11,49.3,,,,,
FF,2026-07-23,92.1,1.58,5.55,"Seymour, Ian",682818,693855,strikeout,swinging_strike,,,,,11,Yohendrick Piñango strikes out swinging.,R,L,L,TOR,TB,S,2,,1,2,2026,0.26,1.33,-0.1730590811069278,3.90278174633919,,,,1,5,Bot,,,,,,,-4.973424541481135,-134.0306786661798,-1.114048928286529,4.231544217928206,30.26794948809003,-16.112216117347035,3.137508202,1.583415354,,,,91.9,2165,6.3,822785,676439,666018,680700,691406,810938,802415,676356,683748,54.23,,0.0,0.0,1,0,0,,37,4,4-Seam Fastball,2,1,2,1,1,2,2,1,Standard,Standard,152,-0.011,-0.183,73.2,5.7,0.817883652,,0.183,,1,1,0.682,0.682,27,24,28,24,2,2,5,1,6,1,1.36,0.26,0.26,45.7,-5.750790313018745,24.26847245763389,19.276228277774745,38.25106993638015,21.963830124074057
ST,2026-07-23,82.0,1.85,5.46,"Seymour, Ian",682818,693855,,foul,,,,,3,,R,L,L,TOR,TB,S,,,1,1,2026,-1.11,0.65,0.7835582346595167,3.175122351727169,,,,1,5,Bot,,,,,,,-0.2027940844363885,-119.59762795806478,0.1807239972791452,-10.7048592668454,20.48607278519393,-26.12028157536595,3.137508202,1.583415354,139,72.8,64,82.4,2147,6.2,822785,676439,666018,680700,691406,810938,802415,676356,683748,54.31,,,,,,,,37,3,Sweeper,2,1,2,1,1,2,2,1,Infield shade,Standard,246,-0.004,-0.071,64.3,5.9,,,0.071,88.0,1,1,0.686,0.686,27,24,28,24,2,2,5,1,6,1,2.7,-1.11,-1.11,42.2,-3.394497500092039,-2.363786214224005,23.817815063347627,25.639836532386592,31.201920887135344
SI,2026-07-23,90.8,1.51,5.7,"Seymour, Ian",682818,693855,,called_strike,,,,,1,,R,L,L,TOR,TB,S,,,1,0,2026,0.87,0.54,-0.4381585168307997,2.9561953418098144,,,,1,5,Bot,,,,,,,-6.670527597017393,-132.22284900191056,-2.0412391303521447,11.49198828583923,23.032254477951906,-25.52974316563985,3.137508202,1.583415354,,,,91.3,1989,6.1,822785,676439,666018,680700,691406,810938,802415,676356,683748,54.36,,,,,,,,37,2,Sinker,2,1,2,1,1,2,2,1,Infield shade,Standard,147,-0.003,-0.049,,,,,0.049,,1,1,0.689,0.689,27,24,28,24,2,2,5,1,6,1,2.18,0.87,0.87,45.0,,,,,
ST,2026-07-23,81.1,1.86,5.5,"Seymour, Ian",682818,693855,,ball,,,,,12,,R,L,L,TOR,TB,B,,,0,0,2026,-0.94,0.68,0.7857444559447617,3.558504083155597,,,,1,5,Bot,,,,,,,-0.5413071326655525,-118.22518349917118,1.0456462882675142,-8.839621370595621,20.045995096558332,-26.137531027266892,3.137508202,1.583415354,,,,81.4,2066,6.1,822785,676439,666018,680700,691406,810938,802415,676356,683748,54.36,,,,,,,,37,1,Sweeper,2,1,2,1,1,2,2,1,Infield shade,Standard,263,0.002,0.041,,,,,-0.041,,1,1,0.687,0.687,27,24,28,24,2,2,5,1,6,1,2.75,-0.94,-0.94,38.3,,,,,
FF,2026-07-23,91.6,1.76,5.47,"Seymour, Ian",664702,693855,strikeout,swinging_strike,,,,,12,Myles Straw strikes out swinging.,R,R,L,TOR,TB,S,2,,1,2,2026,0.44,1.12,1.0528537539266392,3.796557215715643,,,,0,5,Bot,,,,,,,-2.736932962817482,-133.45389918552937,-0.7095691706887132,5.847936342033318,25.93760646554444,-18.79007082138314,3.073441601,1.551082677,,,,91.8,2163,6.2,822785,676439,666018,680700,691406,810938,802415,676356,683748,54.35,,0.0,0.0,1,0,0,,36,5,4-Seam Fastball,2,1,2,1,1,2,2,1,Infield shade,Standard,153,-0.015,-0.186,58.6,5.8,1.826891364,,0.186,,1,1,0.702,0.702,27,31,28,32,1,1,5,1,6,1,1.57,0.44,-0.44,37.8,-7.434274137013265,35.916240643751856,25.25942800720324,44.60387291106965,3.716622752480996
FF,2026-07-23,91.7,1.75,5.57,"Seymour, Ian",664702,693855,,foul,,,,,12,,R,R,L,TOR,TB,S,,,1,2,2026,0.71,1.38,0.9800979813727386,2.744413476107722,,,,0,5,Bot,,,,,,,-3.473333231920884,-133.5209996407184,-4.14296668176815,9.225184862427236,27.93399839687274,-14.959020342679093,3.073441601,1.551082677,250,79.5,42,91.6,2200,6.1,822785,676439,666018,680700,691406,810938,802415,676356,683748,54.37,,,,,,,,36,4,4-Seam Fastball,2,1,2,1,1,2,2,1,Infield shade,Standard,148,0.0,0.0,65.1,6.7,,,0.0,88.0,1,1,0.702,0.702,27,31,28,32,1,1,5,1,6,1,1.32,0.71,-0.71,40.7,-13.1040534057215,13.539905441773088,32.55122954189212,44.21836347013177,15.777386754616629
CH,2026-07-23,84.4,1.29,5.82,"Seymour, Ian",664702,693855,,called_strike,,,,,3,,R,R,L,TOR,TB,S,,,1,1,2026,1.12,0.51,0.2861855412431737,2.703269509287035,,,,0,5,Bot,,,,,,,-4.563751455681849,-122.9827726838449,-1.7784265894628506,12.30322172823316,22.358384806310177,-26.867765031219996,3.073441601,1.551082677,,,,84.3,1650,6.0,822785,676439,666018,680700,691406,810938,802415,676356,683748,54.51,,,,,,,,36,3,Changeup,2,1,2,1,1,2,2,1,Infield shade,Standard,143,-0.005,-0.061,,,,,0.061,,1,1,0.707,0.707,27,31,28,32,1,1,5,1,6,1,2.66,1.12,-1.12,44.6,,,,,
SI,2026-07-23,88.7,1.36,5.73,"Seymour, Ian",664702,693855,,called_strike,,,,,1,,R,R,L,TOR,TB,S,,,1,0,2026,0.81,0.69,-0.5997615006641192,2.796686309821766,,,,0,5,Bot,,,,,,,-6.454884286395952,-129.1041737899457,-2.4435417978016805,10.372875787652054,24.51933414053267,-24.138911260828767,3.073441601,1.551082677,,,,89.0,1926,6.3,822785,676439,666018,680700,691406,810938,802415,676356,683748,54.24,,,,,,,,36,2,Sinker,2,1,2,1,1,2,2,1,Infield shade,Standard,156,-0.004,-0.056,,,,,0.056,,1,1,0.711,0.711,27,31,28,32,1,1,5,1,6,1,2.19,0.81,-0.81,46.5,,,,,
ST,2026-07-23,79.3,1.85,5.52,"Seymour, Ian",664702,693855,,ball,,,,,12,,R,R,L,TOR,TB,B,,,0,0,2026,-0.93,0.67,1.3155012315744563,4.057116057251738,,,,0,5,Bot,,,,,,,0.6269178912942037,-115.54102854461388,2.431575766604394,-8.470698785821138,21.52411543992755,-26.83821596803633,3.073441601,1.551082677,,,,79.3,2156,6.2,822785,676439,666018,680700,691406,810938,802415,676356,683748,54.3,,,,,,,,36,1,Sweeper,2,1,2,1,1,2,2,1,Infield shade,Standard,257,0.003,0.043,,,,,-0.043,,1,1,0.708,0.708,27,31,28,32,1,1,5,1,6,1,2.95,-0.93,0.93,40.4,,,,,
CH,2026-07-23,88.0,-1.51,5.38,"Bieber, Shane",676439,669456,field_out,hit_into_play,,,,,4,"Hunter Feduccia grounds out, shortstop Ernie Clement to first baseman Vladimir Guerrero Jr.",R,L,R,TOR,TB,X,6,ground_ball,1,1,2026,-0.98,0.36,-0.5666534786215117,2.665205373984094,,,,2,5,Top,115.56,156.49,,,,,4.34730813586355,-128.28450852491238,-1.132141952101824,-11.718421285256037,23.505005705409683,-28.161012209310048,3.262130906,1.646309055,9,100.0,-17,88.9,1233,6.5,822785,672386,665489,649966,672960,676391,676914,664702,682818,54.02,0.196,0.176,0.0,1,0,0,2,35,3,Changeup,2,1,1,2,1,2,1,2,Infield shade,Standard,250,0.014,-0.246,69.0,6.1,,0.201,0.246,100.0,1,-1,0.694,0.306,31,29,31,29,2,1,5,1,5,2,2.55,0.98,-0.98,31.7,-4.336154768686935,23.996489353174884,29.9757260966478,41.40080072115292,18.88653927873579
CH,2026-07-23,88.5,-1.56,5.33,"Bieber, Shane",676439,669456,,ball,,,,,14,,R,L,R,TOR,TB,B,,,0,1,2026,-1.26,0.05,0.0339982858940821,0.6907893568598009,,,,2,5,Top,,,,,,,6.554860374780533,-128.69008774155424,-5.076646773520102,-15.3640342099817,28.184870215060045,-30.67551601006058,3.262130906,1.646309055,,,,88.7,1124,6.6,822785,672386,665489,649966,672960,676391,676914,664702,682818,53.91,,,,,,,,35,2,Changeup,2,1,1,2,1,2,1,2,Infield shade,Standard,247,-0.001,0.029,,,,,-0.029,,1,-1,0.695,0.305,31,29,31,29,2,1,5,1,5,2,2.87,1.26,-1.26,32.6,,,,,
FF,2026-07-23,93.3,-1.37,5.46,"Bieber, Shane",676439,669456,,called_strike,,,,,12,,R,L,R,TOR,TB,S,,,0,0,2026,-0.95,1.38,0.926445687923426,3.2931662310691605,,,,2,5,Top,,,,,,,7.970277423242451,-135.54620836634808,-2.631241557789784,-13.586796565656716,35.06314008121222,-14.943751359547544,3.262130906,1.646309055,,,,92.8,2418,6.5,822785,672386,665489,649966,672960,676391,676914,664702,682818,53.98,,,,,,,,35,1,4-Seam Fastball,2,1,1,2,1,2,1,2,Infield shade,Standard,220,0.002,-0.044,,,,,0.044,,1,-1,0.693,0.307,31,29,31,29,2,1,5,1,5,2,1.29,0.95,-0.95,36.3,,,,,
CH,2026-07-23,88.3,-1.5,5.33,"Bieber, Shane",680700,669456,field_out,hit_into_play,,,,,13,"Richie Palacios grounds out, second baseman Luis Urías to first baseman Vladimir Guerrero Jr.",R,L,R,TOR,TB,X,4,ground_ball,2,2,2026,-1.03,0.32,-0.1932866373856614,1.0718943964818437,,,,1,5,Top,147.03,164.96,,,,,5.360732957274192,-128.4502842019843,-4.705586832639645,-12.574032528766784,27.647446120167093,-27.884098105076948,3.040091864,1.534251969,3,92.3,-20,88.5,1190,6.5,822785,672386,665489,649966,672960,676391,676914,664702,682818,53.99,0.137,0.123,0.0,1,0,0,2,34,5,Changeup,2,1,1,2,1,2,1,2,Infield shade,Standard,251,0.02,-0.235,67.9,7.6,,0.144,0.235,92.3,1,-1,0.673,0.327,31,29,31,29,2,1,5,1,5,1,2.62,1.03,-1.03,33.2,-1.3617227467366642,2.7427270755964823,34.58553735861089,37.435959657139406,27.0229597716858
FF,2026-07-23,92.6,-1.43,5.46,"Bieber, Shane",680700,669456,,ball,,,,,13,,R,L,R,TOR,TB,B,,,1,2,2026,-1.13,1.35,-0.8755819135256109,2.2244074597112142,,,,1,5,Top,,,,,,,3.933944797058352,-134.7649281236858,-5.263391620209007,-14.676432147811315,29.592000635522684,-14.7451611759784,3.040091864,1.534251969,,,,93.0,2389,6.5,822785,672386,665489,649966,672960,676391,676914,664702,682818,53.97,,,,,,,,34,4,4-Seam Fastball,2,1,1,2,1,2,1,2,Infield shade,Standard,226,-0.004,0.052,,,,,-0.052,,1,-1,0.677,0.323,31,29,31,29,2,1,5,1,5,1,1.31,1.13,-1.13,38.9,,,,,
FF,2026-07-23,92.8,-1.4,5.56,"Bieber, Shane",680700,669456,,ball,,,,,11,,R,L,R,TOR,TB,B,,,0,2,2026,-1.27,1.4,-0.6207500159201855,4.385094562496889,,,,1,5,Top,,,,,,,4.807742133381223,-135.00987117821794,-0.1819981689398582,-16.587783493007414,30.841861046021055,-15.237162349892657,3.040091864,1.534251969,,,,92.9,2424,6.5,822785,672386,665489,649966,672960,676391,676914,664702,682818,54.04,,,,,,,,34,3,4-Seam Fastball,2,1,1,2,1,2,1,2,Infield shade,Standard,221,-0.002,0.019,,,,,-0.019,,1,-1,0.679,0.321,31,29,31,29,2,1,5,1,5,1,1.25,1.27,-1.27,37.6,,,,,
FC,2026-07-23,87.5,-1.56,5.46,"Bieber, Shane",680700,669456,,foul,,,,,6,,R,L,R,TOR,TB,S,,,0,1,2026,-0.13,0.81,0.8290764082020523,2.2478502060376786,,,,1,5,Top,,,,,,,5.997717258142878,-127.43634224854102,-3.1735079367168737,-2.599247207696416,24.36353804349316,-22.838053550412933,3.040091864,1.534251969,,,,88.2,2484,6.5,822785,672386,665489,649966,672960,676391,676914,664702,682818,54.0,,,,,,,,34,2,Cutter,2,1,1,2,1,2,1,2,Infield shade,Standard,214,0.006,-0.058,68.2,7.4,,,0.058,,1,-1,0.673,0.327,31,29,31,29,2,1,5,1,5,1,2.14,0.13,-0.13,35.4,19.200026324907967,-16.76696048883763,26.68160435915218,26.43801627947169,38.08293690164061
FF,2026-07-23,91.5,-1.49,5.45,"Bieber, Shane",680700,669456,,called_strike,,,,,4,,R,L,R,TOR,TB,S,,,0,0,2026,-1.02,1.57,-0.5184538157371557,2.2372369143191,,,,1,5,Top,,,,,,,4.6867789215794735,-133.09349003395897,-5.497224753099209,-13.10438975751866,29.20145184285077,-12.551572589714436,3.040091864,1.534251969,,,,92.2,2274,6.8,822785,672386,665489,649966,672960,676391,676914,664702,682818,53.73,,,,,,,,34,1,4-Seam Fastball,2,1,1,2,1,2,1,2,Infield shade,Standard,220,0.003,-0.041,,,,,0.041,,1,-1,0.67,0.33,31,29,31,29,2,1,5,1,5,1,1.16,1.02,-1.02,36.8,,,,,
SI,2026-07-23,92.3,-1.5,5.55,"Bieber, Shane",810938,669456,field_out,hit_into_play,,,,,11,"Ben Williamson grounds out softly, pitcher Shane Bieber to first baseman Vladimir Guerrero Jr.",R,R,R,TOR,TB,X,1,ground_ball,0,1,2026,-1.28,1.1,-1.3334185687616456,3.831743498084161,,,,0,5,Top,139.16,189.16,,,,,3.2761825898336374,-134.3295901551952,-0.8028510399450048,-16.19767885898285,30.758247779591112,-18.966430281344728,3.229658793,1.62992126,5,43.3,-38,92.3,2271,6.4,822785,672386,665489,649966,672960,676391,676914,664702,682818,54.07,0.261,0.235,0.0,1,0,0,1,33,2,Sinker,2,1,1,2,1,2,1,2,Standard,Standard,217,0.027,-0.218,29.2,4.7,,0.262,0.218,88.0,1,-1,0.643,0.357,31,25,31,26,2,1,5,1,5,1,1.59,1.28,1.28,36.6,-18.513369021865515,37.5646073630684,25.2592053067412,22.818176948472843,13.355511705285076
FF,2026-07-23,91.6,-1.47,5.57,"Bieber, Shane",810938,669456,,called_strike,,,,,8,,R,R,R,TOR,TB,S,,,0,0,2026,-1.33,1.55,0.2437897264663804,1.8621154644047735,,,,0,5,Top,,,,,,,7.217922006772481,-133.03698599898004,-6.6338321608795,-17.35844378277728,30.891451264640185,-12.48086694280908,3.229658793,1.62992126,,,,91.5,2486,6.5,822785,672386,665489,649966,672960,676391,676914,664702,682818,53.97,,,,,,,,33,1,4-Seam Fastball,2,1,1,2,1,2,1,2,Standard,Standard,216,0.005,-0.042,,,,,0.042,,1,-1,0.638,0.362,31,25,31,26,2,1,5,1,5,1,1.19,1.33,1.33,39.5,,,,,
CH,2026-07-23,84.9,1.65,5.72,"Seymour, Ian",649966,693855,strikeout,called_strike,,,,,9,Luis Urías called out on strikes.,R,R,L,TOR,TB,S,2,,0,2,2026,1.06,0.61,0.3166729438661437,1.705978036071158,,,,2,4,Bot,,,,,,,-5.209098634093591,-123.5356463151644,-4.0899453085192405,11.892573526911011,23.609406664238676,-25.279522132765617,3.090994095,1.559940945,,,,84.7,1554,6.1,822785,676439,666018,680700,691406,810938,802415,676356,683748,54.4,,0.0,0.0,1,0,0,,32,3,Changeup,2,1,2,1,1,2,2,1,Infield shade,Standard,129,-0.007,-0.154,,,,,0.154,,1,1,0.645,0.645,27,29,28,29,1,1,5,1,6,1,2.54,1.06,-1.06,42.8,,,,,
CH,2026-07-23,84.5,1.61,5.63,"Seymour, Ian",649966,693855,,swinging_strike,,,,,14,,R,R,L,TOR,TB,S,,,0,1,2026,1.3,0.5,1.3550219169683295,1.4345289212932153,,,,2,4,Bot,,,,,,,-3.237108457746731,-123.09125705115083,-4.2133487558107765,13.904289089271336,23.719296972267337,-26.472298175182612,3.090994095,1.559940945,,,,84.6,1777,6.3,822785,676439,666018,680700,691406,810938,802415,676356,683748,54.24,,,,,,,,32,2,Changeup,2,1,2,1,1,2,2,1,Infield shade,Standard,129,-0.002,-0.062,70.0,9.1,7.52025024,,0.062,,1,1,0.647,0.647,27,29,28,29,1,1,5,1,6,1,2.68,1.3,-1.3,39.3,20.263543447015905,-35.10416810389314,26.194011128447233,51.94200605979812,46.93403643894945
ST,2026-07-23,82.7,1.75,5.5,"Seymour, Ian",649966,693855,,foul,,,,,5,,R,R,L,TOR,TB,S,,,0,0,2026,-1.35,0.77,-0.15566935412387,2.4261115467002483,,,,2,4,Bot,,,,,,,-1.6077388138080635,-120.37050804218067,-1.791826323960326,-12.759669056197009,25.116183291546378,-24.571113542257265,3.090994095,1.559940945,223,69.0,38,82.4,2177,6.2,822785,676439,666018,680700,691406,810938,802415,676356,683748,54.27,,,,,,,,32,1,Sweeper,2,1,2,1,1,2,2,1,Infield shade,Standard,234,-0.002,-0.044,68.7,8.8,,,0.044,88.0,1,1,0.649,0.649,27,29,28,29,1,1,5,1,6,1,2.58,-1.35,1.35,40.3,10.16997701981683,-32.37947237814316,24.970442443538374,35.373669535977115,44.9044918783179
FF,2026-07-23,91.9,1.8,5.43,"Seymour, Ian",676914,693855,strikeout,swinging_strike,,,,,12,Davis Schneider strikes out swinging.,R,R,L,TOR,TB,S,2,,2,2,2026,0.33,1.26,0.7918879545167651,3.253183634032585,,,,1,4,Bot,,,,,,,-3.245077227075482,-133.83047364223205,-2.2537103018438502,4.70603610276824,31.334120671839244,-16.79236654005621,3.045357612,1.536909449,,,,91.6,2120,6.3,822785,676439,666018,680700,691406,810938,802415,676356,683748,54.24,,0.0,0.0,1,0,0,,31,5,4-Seam Fastball,2,1,2,1,1,2,2,1,Infield shade,Standard,148,-0.013,-0.235,58.6,5.5,0.935870064,,0.235,,1,1,0.662,0.662,27,27,28,27,1,1,5,27,6,1,1.45,0.33,-0.33,41.0,4.4633734827836955,32.68662070469549,25.196725453079225,42.73430094255997,13.462416759799993
FF,2026-07-23,91.7,1.7,5.48,"Seymour, Ian",676914,693855,,swinging_strike,,,,,3,,R,R,L,TOR,TB,S,,,2,1,2026,0.49,1.27,0.786578985020884,2.8841472596209363,,,,1,4,Bot,,,,,,,-3.353111127126243,-133.45300524067005,-3.2508126791500156,6.642716699273065,32.13725560240111,-16.603865998478,3.045357612,1.536909449,,,,91.3,2177,6.3,822785,676439,666018,680700,691406,810938,802415,676356,683748,54.21,,,,,,,,31,4,4-Seam Fastball,2,1,2,1,1,2,2,1,Infield shade,Standard,144,-0.004,-0.076,67.6,6.0,2.437322436,,0.076,,1,1,0.666,0.666,27,27,28,27,1,1,5,27,6,1,1.47,0.49,-0.49,40.6,3.3232486828257155,29.1954903939962,32.35778593207057,43.47717766014567,17.33185267028336
CH,2026-07-23,82.4,1.61,5.62,"Seymour, Ian",676914,693855,,ball,,,,,14,,R,R,L,TOR,TB,B,,,1,1,2026,1.23,0.77,1.5696989249585651,0.6012282453979991,,,,1,4,Bot,,,,,,,-2.507251507230441,-119.87500087986096,-6.118199498304367,12.300214408801278,23.633370756147645,-23.736203680106943,3.045357612,1.536909449,,,,82.0,1615,6.1,822785,676439,666018,680700,691406,810938,802415,676356,683748,54.4,,,,,,,,31,3,Changeup,2,1,2,1,1,2,2,1,Infield shade,Standard,128,0.003,0.057,,,,,-0.057,,1,1,0.663,0.663,27,27,28,27,1,1,5,27,6,1,2.59,1.23,-1.23,39.5,,,,,
ST,2026-07-23,81.7,1.9,5.41,"Seymour, Ian",676914,693855,,ball,,,,,14,,R,R,L,TOR,TB,B,,,0,1,2026,-0.62,0.64,1.2047303074063758,1.7325192007979422,,,,1,4,Bot,,,,,,,-0.3258242004986671,-118.922076420813,-2.6806051534621713,-5.800126582916218,24.881758430652315,-25.813702244661005,3.045357612,1.536909449,,,,81.3,2137,6.2,822785,676439,666018,680700,691406,810938,802415,676356,683748,54.3,,,,,,,,31,2,Sweeper,2,1,2,1,1,2,2,1,Infield shade,Standard,236,0.001,0.033,,,,,-0.033,,1,1,0.662,0.662,27,27,28,27,1,1,5,27,6,1,2.8,-0.62,0.62,43.2,,,,,
FF,2026-07-23,91.5,1.75,5.49,"Seymour, Ian",676914,693855,,called_strike,,,,,4,,R,R,L,TOR,TB,S,,,0,0,2026,0.45,1.44,-0.6054096454811375,2.246508897913962,,,,1,4,Bot,,,,,,,-6.852839142793055,-133.07731846029665,-5.238278484144268,6.832218047944975,29.622195279291695,-14.118093962717484,3.045357612,1.536909449,,,,91.4,2236,6.3,822785,676439,666018,680700,691406,810938,802415,676356,683748,54.18,,,,,,,,31,1,4-Seam Fastball,2,1,2,1,1,2,2,1,Infield shade,Standard,149,-0.002,-0.041,,,,,0.041,,1,1,0.664,0.664,27,27,28,27,1,1,5,27,6,1,1.29,0.45,-0.45,40.1,,,,,
FF,2026-07-23,91.6,1.79,5.49,"Seymour, Ian",672960,693855,field_out,hit_into_play,,,,,8,Kazuma Okamoto flies out to center fielder Jonny DeLuca.,R,R,L,TOR,TB,X,8,fly_ball,3,2,2026,0.45,1.45,-0.0435783608634549,2.094471979623947,,,,0,4,Bot,149.13,85.18,,,,,-5.546702989639736,-133.25797058948208,-5.648768936238427,6.62016047000484,29.841333158218223,-13.910183891277374,3.255987533,1.643208661,289,97.7,46,91.2,2217,6.2,822785,676439,666018,680700,691406,810938,802415,676356,683748,54.34,0.026,0.041,0.0,1,0,0,3,30,6,4-Seam Fastball,2,1,2,1,1,2,2,1,Infield shade,Standard,141,-0.026,-0.346,77.1,8.0,,0.068,0.346,97.7,1,1,0.69,0.69,27,30,28,30,1,1,5,1,6,1,1.28,0.45,-0.45,35.4,11.89298415517689,-0.8934266236294477,34.914769018389435,36.125033315590144,32.77982892503272
CH,2026-07-23,82.2,1.49,5.72,"Seymour, Ian",672960,693855,,foul,,,,,14,,R,R,L,TOR,TB,S,,,3,1,2026,1.12,0.81,0.9327749769366572,2.3871679492593048,,,,0,4,Bot,,,,,,,-3.456285713682816,-119.6844072719421,-2.3606872535661485,11.450751646876128,24.41088176734641,-24.199268593802575,3.255987533,1.643208661,156,71.7,63,81.9,1393,6.2,822785,676439,666018,680700,691406,810938,802415,676356,683748,54.35,,,,,,,,30,5,Changeup,2,1,2,1,1,2,2,1,Infield shade,Standard,131,-0.008,-0.103,63.6,7.8,,,0.103,88.0,1,1,0.698,0.698,27,30,28,30,1,1,5,1,6,1,2.58,1.12,-1.12,42.1,10.569628915556748,8.03485590312807,27.458057668101997,47.65031443155189,23.07219053919828
FF,2026-07-23,91.8,1.82,5.48,"Seymour, Ian",672960,693855,,called_strike,,,,,8,,R,R,L,TOR,TB,S,,,3,0,2026,0.45,1.44,-0.2298971151993393,1.6744729820128552,,,,0,4,Bot,,,,,,,-6.070114136101187,-133.38257796077806,-6.661013562474595,6.718379819217081,30.216953973255304,-13.720389327995347,3.255987533,1.643208661,,,,91.2,2276,6.1,822785,676439,666018,680700,691406,810938,802415,676356,683748,54.38,,,,,,,,30,4,4-Seam Fastball,2,1,2,1,1,2,2,1,Infield shade,Standard,143,-0.007,-0.086,,,,,0.086,,1,1,0.705,0.705,27,30,28,30,1,1,5,1,6,1,1.28,0.45,-0.45,41.3,,,,,
FF,2026-07-23,92.0,1.71,5.62,"Seymour, Ian",672960,693855,,ball,,,,,12,,R,R,L,TOR,TB,B,,,2,0,2026,0.48,1.52,0.4795944909318774,3.747507801954945,,,,0,4,Bot,,,,,,,-4.119085329477612,-133.8757926087689,-2.070257630051332,6.678698206854512,29.947112344315485,-13.668325591152485,3.255987533,1.643208661,,,,91.5,2262,6.1,822785,676439,666018,680700,691406,810938,802415,676356,683748,54.43,,,,,,,,30,3,4-Seam Fastball,2,1,2,1,1,2,2,1,Infield shade,Standard,145,0.01,0.149,,,,,-0.149,,1,1,0.695,0.695,27,30,28,30,1,1,5,1,6,1,1.18,0.48,-0.48,40.8,,,,,
SI,2026-07-23,88.5,1.54,5.8,"Seymour, Ian",672960,693855,,ball,,,,,12,,R,R,L,TOR,TB,B,,,1,0,2026,1.11,0.89,1.6139052953969475,3.1956750336912867,,,,0,4,Bot,,,,,,,-2.1744360581344493,-128.97733024546116,-1.9961858696257329,12.859284794830849,26.73916295896523,-22.001995920346513,3.255987533,1.643208661,,,,88.2,1983,6.0,822785,676439,666018,680700,691406,810938,802415,676356,683748,54.49,,,,,,,,30,2,Sinker,2,1,2,1,1,2,2,1,Infield shade,Standard,145,0.007,0.082,,,,,-0.082,,1,1,0.688,0.688,27,30,28,30,1,1,5,1,6,1,2.01,1.11,-1.11,46.3,,,,,
SI,2026-07-23,89.4,1.58,5.73,"Seymour, Ian",672960,693855,,ball,,,,,12,,R,R,L,TOR,TB,B,,,0,0,2026,1.32,0.91,0.823645150139592,3.624552877199468,,,,0,4,Bot,,,,,,,-4.631344907819829,-130.12898842754728,-0.9376048423174196,15.915071557069831,28.65928529059042,-21.899790000854217,3.255987533,1.643208661,,,,88.9,1990,6.1,822785,676439,666018,680700,691406,810938,802415,676356,683748,54.44,,,,,,,,30,1,Sinker,2,1,2,1,1,2,2,1,Infield shade,Standard,148,0.003,0.043,,,,,-0.043,,1,1,0.685,0.685,27,30,28,30,1,1,5,1,6,1,1.95,1.32,-1.32,43.4,,,,,
CH,2026-07-23,86.9,-1.48,5.38,"Bieber, Shane",802415,669456,field_out,hit_into_play,,,,,4,Chandler Simpson flies out to center fielder Myles Straw.,R,L,R,TOR,TB,X,8,fly_ball,0,0,2026,-1.36,0.16,-0.2948283336168114,2.6258772443008507,,676356,,2,4,Top,128.27,107.47,,,,,5.6324267515601685,-126.22922149417369,-0.4099738445539687,-15.66027687401968,30.91238512624812,-30.61856473220556,3.177878937,1.60378937,230,70.0,40,86.1,1143,6.4,822785,672386,665489,649966,672960,676391,676914,664702,682818,54.13,0.514,0.502,0.0,1,0,0,3,29,1,Changeup,2,1,1,2,1,2,1,2,Standard,Standard,247,0.041,-0.281,69.6,7.0,,0.609,0.281,88.0,1,-1,0.644,0.356,31,25,31,26,2,1,5,1,5,1,2.92,1.36,-1.36,35.7,8.745266714610217,-3.121153371336558,25.49359057952586,42.25877706557552,30.068664324407436
KC,2026-07-23,82.8,-1.4,5.54,"Bieber, Shane",676356,669456,double,hit_into_play,,,,,9,Jonny DeLuca doubles (15) on a line drive to center fielder Myles Straw.,R,R,R,TOR,TB,X,8,line_drive,1,0,2026,0.14,-1.11,0.4146703419901723,1.8996862225217463,,,,2,4,Top,70.78,68.14,,,,,3.812210763229946,-120.47625648388768,0.6769701809348845,0.5332292362419522,25.600939030837225,-43.2583083705389,3.133120079,1.581200787,345,99.7,18,82.7,2733,6.5,822785,672386,665489,649966,672960,676391,676914,664702,682818,54.04,0.38,0.442,1.25,1,1,1,4,28,2,Knuckle Curve,2,1,1,2,1,2,1,2,Standard,Standard,36,-0.026,0.511,74.7,8.5,,0.666,-0.511,99.7,1,-1,0.67,0.33,31,27,31,28,2,1,5,2,5,1,4.46,-0.14,-0.14,38.5,6.634383354834223,-8.763750504579988,24.329083183963057,40.91341757908297,34.11220556844552
FC,2026-07-23,87.5,-1.5,5.5,"Bieber, Shane",676356,669456,,ball,,,,,12,,R,R,R,TOR,TB,B,,,0,0,2026,-0.03,0.88,0.5345830215769054,3.4961607230747886,,,,2,4,Top,,,,,,,4.932061195461876,-127.53391431898493,-0.4731442884207658,-1.1407294270278872,22.30548164904654,-22.50985077505052,3.133120079,1.581200787,,,,88.6,2569,6.5,822785,672386,665489,649966,672960,676391,676914,664702,682818,53.96,,,,,,,,28,1,Cutter,2,1,1,2,1,2,1,2,Standard,Standard,201,-0.002,0.041,,,,,-0.041,,1,-1,0.672,0.328,31,27,31,28,2,1,5,2,5,1,2.05,0.03,0.03,38.2,,,,,
CH,2026-07-23,88.3,-1.5,5.43,"Bieber, Shane",683748,669456,field_out,hit_into_play,,,,,5,"Victor Mesa Jr. grounds out, third baseman Kazuma Okamoto to first baseman Vladimir Guerrero Jr.",R,L,R,TOR,TB,X,5,ground_ball,1,1,2026,-1.17,0.47,-0.2646528995603487,2.4032458088498294,,,,1,4,Top,116.17,179.48,,,,,5.4644651107966755,-128.64338762122375,-2.145134116212722,-14.141890401159772,24.752851914364253,-26.679000020681787,3.15769357,1.593602362,3,76.6,-40,88.8,1123,6.4,822785,672386,665489,649966,672960,676391,676914,664702,682818,54.11,0.088,0.079,0.0,1,0,0,2,27,3,Changeup,2,1,1,2,1,2,1,2,Standard,Standard,251,0.019,-0.254,71.2,7.2,,0.089,0.254,88.0,1,-1,0.653,0.347,31,24,31,25,2,1,5,1,5,2,2.43,1.17,-1.17,33.6,-8.107159270109696,27.93910756155687,30.72186876534498,38.696149345605576,11.54908005420873
FC,2026-07-23,88.1,-1.41,5.56,"Bieber, Shane",683748,669456,,ball,,,,,12,,R,L,R,TOR,TB,B,,,0,1,2026,0.15,0.85,0.7578880698007078,3.703696664684799,,,,1,4,Top,,,,,,,4.911211533509615,-128.2978617817886,-0.1098143122229806,0.7339522194595147,23.70634720514379,-22.850160561115104,3.15769357,1.593602362,,,,88.8,2550,6.5,822785,672386,665489,649966,672960,676391,676914,664702,682818,54.04,,,,,,,,27,2,Cutter,2,1,1,2,1,2,1,2,Standard,Standard,207,-0.002,0.033,,,,,-0.033,,1,-1,0.655,0.345,31,24,31,25,2,1,5,1,5,2,2.05,-0.15,0.15,37.8,,,,,
CH,2026-07-23,87.8,-1.59,5.39,"Bieber, Shane",683748,669456,,called_strike,,,,,13,,R,L,R,TOR,TB,S,,,0,0,2026,-0.93,0.39,-0.1899453726196189,1.4511757130199978,,,,1,4,Top,,,,,,,5.327501766853433,-127.81160907065944,-4.106614201214167,-11.280104809762625,23.46242385469658,-27.248767838171513,3.15769357,1.593602362,,,,88.8,1090,6.6,822785,672386,665489,649966,672960,676391,676914,664702,682818,53.88,,,,,,,,27,1,Changeup,2,1,1,2,1,2,1,2,Standard,Standard,252,0.003,-0.041,,,,,0.041,,1,-1,0.652,0.348,31,24,31,25,2,1,5,1,5,2,2.53,0.93,-0.93,36.3,,,,,
CH,2026-07-23,88.1,-1.65,5.43,"Bieber, Shane",691406,669456,strikeout,foul_tip,,,,,13,Junior Caminero strikes out on a foul tip.,R,R,R,TOR,TB,S,2,,1,2,2026,-1.12,0.16,-0.8305173055995303,1.7796184550938632,,,,0,4,Top,,,,,,,4.334767989936252,-128.28797363846525,-2.8830323726221905,-13.25864604911151,26.84793478399426,-30.02163556253237,3.243700787,1.637007874,,,,88.3,1112,6.4,822785,672386,665489,649966,672960,676391,676914,664702,682818,54.07,,0.0,0.0,1,0,0,,26,4,Changeup,2,1,1,2,1,2,1,2,Standard,Standard,258,0.02,-0.186,80.4,7.7,,,0.186,,1,-1,0.632,0.368,31,22,31,23,2,1,5,1,5,1,2.78,1.12,1.12,35.9,-2.3979435951052044,7.528969552664528,35.139716455151124,27.888040769316937,26.898919337066275
FF,2026-07-23,91.8,-1.51,5.56,"Bieber, Shane",691406,669456,,swinging_strike,,,,,1,,R,R,R,TOR,TB,S,,,1,1,2026,-1.14,1.32,-0.3744335653420345,2.9918511365055513,,,,0,4,Top,,,,,,,5.358528735192069,-133.56590365980725,-3.355611493532413,-14.793935807722823,30.354022625320248,-15.863105184076778,3.243700787,1.637007874,,,,92.0,2398,6.5,822785,672386,665489,649966,672960,676391,676914,664702,682818,53.98,,,,,,,,26,3,4-Seam Fastball,2,1,1,2,1,2,1,2,Standard,Standard,217,0.008,-0.061,81.6,8.2,0.1,,0.061,,1,-1,0.624,0.376,31,22,31,23,2,1,5,1,5,1,1.4,1.14,1.14,38.3,3.894857758863696,10.89770880141482,29.10360538154144,33.75517880740166,22.57269268012824
FF,2026-07-23,91.1,-1.47,5.62,"Bieber, Shane",691406,669456,,ball,,,,,11,,R,R,R,TOR,TB,B,,,0,1,2026,-1.22,1.35,-0.9535608776708632,4.356529486727561,,,,0,4,Top,,,,,,,3.9684722232585927,-132.55011226251332,-0.0245102413587764,-15.264964799107055,31.067303299264047,-16.6399077161916,3.243700787,1.637007874,,,,91.1,2379,6.5,822785,672386,665489,649966,672960,676391,676914,664702,682818,54.01,,,,,,,,26,2,4-Seam Fastball,2,1,1,2,1,2,1,2,Standard,Standard,223,-0.003,0.03,,,,,-0.03,,1,-1,0.627,0.373,31,22,31,23,2,1,5,1,5,1,1.42,1.22,1.22,42.7,,,,,
FC,2026-07-23,86.9,-1.52,5.48,"Bieber, Shane",691406,669456,,called_strike,,,,,9,,R,R,R,TOR,TB,S,,,0,0,2026,-0.24,0.91,0.6886894119474608,1.8068455787657136,,,,0,4,Top,,,,,,,5.729029147833308,-126.49869611691722,-4.332285839454008,-3.649307975552385,24.640795331031367,-21.707226324637176,3.243700787,1.637007874,,,,87.4,2537,6.5,822785,672386,665489,649966,672960,676391,676914,664702,682818,54.0,,,,,,,,26,1,Cutter,2,1,1,2,1,2,1,2,Standard,Standard,208,0.004,-0.042,,,,,0.042,,1,-1,0.623,0.377,31,22,31,23,2,1,5,1,5,1,2.09,0.24,0.24,38.1,,,,,
CH,2026-07-23,83.3,1.67,5.81,"Seymour, Ian",672386,693855,field_out,hit_into_play,,,,,14,"Alejandro Kirk grounds out, shortstop Ben Williamson to first baseman Jonathan Aranda.",R,R,L,TOR,TB,X,6,ground_ball,0,1,2026,1.36,0.71,0.0518249180358942,1.26380400234846,,,543807,2,3,Bot,116.77,164.96,,,,,-6.3470544556756625,-121.01468862948168,-5.092242522726716,14.597798569570594,25.37525047026245,-24.331648941096503,3.010252625,1.519192913,2,83.0,-35,82.7,1691,6.2,822785,676439,666018,680700,691406,810938,802415,676356,683748,54.35,0.028,0.025,0.0,1,0,0,2,25,2,Changeup,2,1,2,1,1,2,2,1,Infield shade,Standard,127,-0.018,-0.235,78.7,8.0,,0.028,0.235,88.0,1,1,0.641,0.641,27,27,28,28,1,1,5,1,6,1,2.6,1.36,-1.36,43.6,14.030441336851425,-13.992472044973091,28.619132792402414,42.66275073258645,40.56432038907083
FF,2026-07-23,92.7,1.78,5.51,"Seymour, Ian",672386,693855,,called_strike,,,,,4,,R,R,L,TOR,TB,S,,,0,0,2026,0.34,1.42,-0.793937161911179,2.4989743765256778,,,543807,2,3,Bot,,,,,,,-7.237058895096832,-134.72627108231086,-4.840144753451903,5.74253247026003,29.3957217495026,-14.011860792389053,3.010252625,1.519192913,,,,92.4,2360,6.2,822785,676439,666018,680700,691406,810938,802415,676356,683748,54.3,,,,,,,,25,1,4-Seam Fastball,2,1,2,1,1,2,2,1,Infield shade,Standard,146,-0.003,-0.04,,,,,0.04,,1,1,0.644,0.644,27,27,28,28,1,1,5,1,6,1,1.24,0.34,-0.34,40.8,,,,,
CH,2026-07-23,83.1,1.52,5.84,"Seymour, Ian",543807,693855,single,hit_into_play,,,,,9,George Springer singles on a ground ball to left fielder Chandler Simpson. Yohendrick Piñango scores.,R,R,L,TOR,TB,X,7,ground_ball,3,2,2026,1.11,0.65,0.752601003333869,1.9937931560313735,,682818,,2,3,Bot,74.42,114.13,,,,,-3.942133535832155,-120.94307301457204,-3.4425647425567343,11.694325719645152,22.313001882098085,-25.332028432660437,3.267396654,1.648966535,123,99.5,7,83.3,1614,6.3,822785,676439,666018,680700,691406,810938,802415,676356,683748,54.24,0.62,0.577,0.9,1,1,0,4,24,6,Changeup,1,1,1,1,1,2,2,1,Infield shade,Standard,127,0.104,0.689,75.8,8.1,,0.697,-0.689,99.5,0,0,0.54,0.54,27,36,28,37,1,1,5,1,6,1,2.64,1.11,-1.11,45.8,19.716466179897665,-0.5704340221243813,31.96769004744371,44.68532352124812,24.43911510088723
CU,2026-07-23,71.4,1.21,6.0,"Seymour, Ian",543807,693855,,ball,,,,,12,,R,R,L,TOR,TB,B,,,2,2,2026,-0.88,-1.12,1.7403896930797518,4.114496251296678,,682818,,2,3,Bot,,,,,,,2.5226765830037055,-103.7694584143531,5.827752565344184,-6.768123974297367,16.07242646650794,-41.41421770509564,3.267396654,1.648966535,,,,71.2,1722,6.0,822785,676439,666018,680700,691406,810938,802415,676356,683748,54.47,,,,,,,,24,5,Curveball,1,1,1,1,1,1,1,1,Infield shade,Standard,331,0.008,0.054,,,,,-0.054,,0,0,0.532,0.532,27,36,28,37,1,1,5,1,6,1,5.57,-0.88,0.88,55.2,,,,,
CH,2026-07-23,84.1,1.64,5.68,"Seymour, Ian",543807,693855,,swinging_strike,,,,,14,,R,R,L,TOR,TB,S,,,2,1,2026,1.09,0.73,0.7260606085044852,1.3211204699300922,,682818,,2,3,Bot,,,,,,,-4.2807973436480085,-122.36533212717168,-4.972361344425005,11.818690055083708,22.28163163102759,-24.08653567573608,3.267396654,1.648966535,,,,84.2,1542,6.2,822785,676439,666018,680700,691406,810938,802415,676356,683748,54.29,,,,,,,,24,4,Changeup,1,1,1,1,1,1,1,1,Infield shade,Standard,124,-0.007,-0.076,73.9,8.5,2.795730492,,0.076,,0,0,0.539,0.539,27,36,28,37,1,1,5,1,6,1,2.47,1.09,-1.09,41.7,18.73572104200336,-12.562757705226256,38.79845089322405,44.306668751121435,34.32071590227579
ST,2026-07-23,82.0,1.82,5.58,"Seymour, Ian",543807,693855,,ball,,,,,13,,R,R,L,TOR,TB,B,,,1,1,2026,-1.04,0.72,-1.1266239152511464,1.074872048072859,,682818,,2,3,Bot,,,,,,,-4.530112261444652,-119.32217803970951,-4.830045569961005,-9.145547355475134,21.640242335008317,-24.59090731764627,3.267396654,1.648966535,,,,82.1,2165,6.2,822785,676439,666018,680700,691406,810938,802415,676356,683748,54.26,,,,,,,,24,3,Sweeper,1,1,1,1,1,1,1,1,Infield shade,Standard,225,0.003,0.039,,,,,-0.039,,0,0,0.536,0.536,27,36,28,37,1,1,5,1,6,1,2.65,-1.04,1.04,36.6,,,,,
CH,2026-07-23,84.8,1.66,5.72,"Seymour, Ian",543807,693855,,swinging_strike,,,,,14,,R,R,L,TOR,TB,S,,,1,0,2026,1.04,0.66,0.9232421946017452,1.431043420546712,,682818,,2,3,Bot,,,,,,,-3.8109809429914456,-123.46664521412202,-4.846390294258564,11.44679869776971,22.797223067298575,-24.65599353185947,3.267396654,1.648966535,,,,84.8,1587,6.1,822785,676439,666018,680700,691406,810938,802415,676356,683748,54.39,,,,,,,,24,2,Changeup,1,1,1,1,1,1,1,1,Infield shade,Standard,124,-0.003,-0.046,37.5,7.6,3.26499432,,0.046,,0,0,0.539,0.539,27,36,28,37,1,1,5,1,6,1,2.49,1.04,-1.04,42.2,-3.7777715368349343,5.765012630162435,39.30430455777846,47.26673505344216,16.486552354917418
ST,2026-07-23,81.7,1.9,5.7,"Seymour, Ian",543807,693855,,ball,,,,,13,,R,R,L,TOR,TB,B,,,0,0,2026,-1.3,0.2,-0.068514216463746,1.070792259415842,,682818,,2,3,Bot,,,,,,,-1.826421476686429,-118.92046482868632,-3.919876148322724,-11.875856287280824,25.122975211307697,-29.738297922145954,3.267396654,1.648966535,,,,81.4,2180,6.3,822785,676439,666018,680700,691406,810938,802415,676356,683748,54.19,,,,,,,,24,1,Sweeper,1,1,1,1,1,1,1,1,Infield shade,Standard,256,0.001,0.025,,,,,-0.025,,0,0,0.538,0.538,27,36,28,37,1,1,5,1,6,1,3.25,-1.3,1.3,42.6,,,,,
FF,2026-07-23,91.8,1.71,5.47,"Seymour, Ian",676391,693855,field_out,hit_into_play,,,,,11,Ernie Clement flies out to left fielder Chandler Simpson.,R,R,L,TOR,TB,X,7,fly_ball,1,1,2026,0.5,1.18,-0.1374588521277835,3.3759686243796603,,682818,,1,3,Bot,74.24,86.12,,,,,-5.71023907031278,-133.70806320131393,-1.8909891919114432,7.265165172061805,27.916964650845145,-17.783933484908545,3.191043307,1.610433071,307,96.2,47,91.8,2126,6.2,822785,676439,666018,680700,691406,810938,802415,676356,683748,54.31,0.006,0.008,0.0,1,0,0,3,23,3,4-Seam Fastball,1,1,1,1,1,1,1,1,Infield shade,Standard,150,-0.037,-0.259,72.6,6.7,,0.015,0.259,96.2,0,0,0.575,0.575,27,30,28,30,1,1,5,1,6,1,1.51,0.5,-0.5,40.7,9.469554769868925,-10.597899560273866,19.70034979108688,33.54382615277667,35.26759129715889
CH,2026-07-23,81.6,1.56,5.84,"Seymour, Ian",676391,693855,,foul,,,,,3,,R,R,L,TOR,TB,S,,,1,0,2026,0.8,0.65,0.7060472811795859,3.1819794370918766,,682818,,1,3,Bot,,,,,,,-3.4486029896713597,-118.85677422114271,-0.5436517872189564,8.215581621288251,21.299382111667697,-26.0453226190864,3.191043307,1.610433071,167,67.2,52,81.7,1424,6.2,822785,676439,666018,680700,691406,810938,802415,676356,683748,54.32,,,,,,,,23,2,Changeup,1,1,1,1,1,1,1,1,Infield shade,Standard,134,-0.004,-0.051,68.3,6.5,,,0.051,88.0,0,0,0.579,0.579,27,30,28,30,1,1,5,1,6,1,2.74,0.8,-0.8,45.2,7.5172770863762,8.993221323887918,21.775908200577536,42.96556744215867,26.461714697835333
SI,2026-07-23,90.0,1.5,5.83,"Seymour, Ian",676391,693855,,ball,,,,,11,,R,R,L,TOR,TB,B,,,0,0,2026,0.79,0.6,-1.0820391242673124,2.7956542139927936,,682818,,1,3,Bot,,,,,,,-7.9981367943296355,-130.85903505048634,-2.6439521056553037,10.78420451922294,26.977974111089967,-24.96442046095967,3.191043307,1.610433071,,,,89.6,1928,6.0,822785,676439,666018,680700,691406,810938,802415,676356,683748,54.45,,,,,,,,23,1,Sinker,1,1,1,1,1,1,1,1,Infield shade,Standard,149,0.002,0.038,,,,,-0.038,,0,0,0.577,0.577,27,30,28,30,1,1,5,1,6,1,2.22,0.79,-0.79,47.7,,,,,
FF,2026-07-23,91.6,1.89,5.56,"Seymour, Ian",665489,693855,field_out,hit_into_play,,,,,5,Vladimir Guerrero Jr. flies out to right fielder Victor Mesa Jr.,R,R,L,TOR,TB,X,9,fly_ball,1,2,2026,0.26,1.43,-0.2575288385404122,2.6548613202816593,,682818,,0,3,Bot,153.74,95.08,,,,,-5.905787230763891,-133.2314383363805,-4.357574714002665,4.426717846511819,31.246078762822822,-14.440164698996046,3.208595801,1.619291339,269,79.4,35,91.0,2179,6.2,822785,676439,666018,680700,691406,810938,802415,676356,683748,54.35,0.074,0.106,0.0,1,0,0,3,22,4,4-Seam Fastball,1,1,1,1,1,1,1,1,Infield shade,Standard,148,-0.032,-0.211,77.1,7.5,,0.147,0.211,88.0,0,0,0.609,0.609,27,27,28,27,1,1,5,1,6,1,1.31,0.26,-0.26,40.1,2.376446406457653,2.5846949275799296,30.85227601032364,33.159301620278,29.526423578361022
ST,2026-07-23,82.3,1.82,5.5,"Seymour, Ian",665489,693855,,called_strike,,,,,7,,R,R,L,TOR,TB,S,,,1,1,2026,-0.89,0.45,-0.7664687653365719,2.028926086166959,,682818,,0,3,Bot,,,,,,,-4.021359937971482,-119.7990652644408,-1.9405183023975825,-7.599091712082181,26.25399806949556,-27.66194428395394,3.208595801,1.619291339,,,,81.7,2141,6.1,822785,676439,666018,680700,691406,810938,802415,676356,683748,54.36,,,,,,,,22,3,Sweeper,1,1,1,1,1,1,1,1,Infield shade,Standard,235,-0.012,-0.052,,,,,0.052,,0,0,0.621,0.621,27,27,28,27,1,1,5,1,6,1,2.95,-0.89,0.89,38.1,,,,,
CH,2026-07-23,83.5,1.57,5.78,"Seymour, Ian",665489,693855,,swinging_strike,,,,,14,,R,R,L,TOR,TB,S,,,1,0,2026,1.19,0.65,0.3659887236527892,1.247094290495638,,682818,,0,3,Bot,,,,,,,-5.109347490864549,-121.40367866536118,-4.993712951291556,12.731298916995716,25.037754967659893,-24.97575459086447,3.208595801,1.619291339,,,,83.2,1600,6.2,822785,676439,666018,680700,691406,810938,802415,676356,683748,54.25,,,,,,,,22,2,Changeup,1,1,1,1,1,1,1,1,Infield shade,Standard,125,-0.005,-0.056,71.8,9.2,4.512951504,,0.056,,0,0,0.626,0.626,27,27,28,27,1,1,5,1,6,1,2.64,1.19,-1.19,43.4,24.059401395959203,-36.64582888580515,34.04617699702743,41.30132024117334,52.85790501188011
FF,2026-07-23,90.7,1.74,5.69,"Seymour, Ian",665489,693855,,ball,,,,,12,,R,R,L,TOR,TB,B,,,0,0,2026,0.29,1.22,0.5341442746430212,3.884949240497061,,682818,,0,3,Bot,,,,,,,-3.574635699244086,-132.08740135797532,-1.039683880365715,4.137522016568852,29.661198849386007,-17.990220987577686,3.208595801,1.619291339,,,,90.2,2138,6.1,822785,676439,666018,680700,691406,810938,802415,676356,683748,54.41,,,,,,,,22,1,4-Seam Fastball,1,1,1,1,1,1,1,1,Infield shade,Standard,148,0.003,0.032,,,,,-0.032,,0,0,0.623,0.623,27,27,28,27,1,1,5,1,6,1,1.56,0.29,-0.29,41.1,,,,,
CH,2026-07-23,84.8,1.56,5.85,"Seymour, Ian",682818,693855,double,hit_into_play,,,,,5,Yohendrick Piñango doubles (8) on a sharp line drive to right fielder Victor Mesa Jr.,R,L,L,TOR,TB,X,9,line_drive,0,1,2026,1.09,0.54,0.2153446719463245,2.300053066535267,,,,0,3,Bot,182.68,65.88,,,,,-5.277014286949065,-123.33082132595254,-2.830785745933379,12.175873944083987,24.699909953272194,-26.264217762048737,3.137508202,1.583415354,357,106.8,18,84.2,1714,5.9,822785,676439,666018,680700,691406,810938,802415,676356,683748,54.55,0.6,0.761,1.25,1,1,1,6,21,2,Changeup,1,1,1,1,1,1,1,1,Infield shade,Standard,133,0.072,0.75,77.8,7.5,,1.205,-0.75,106.8,0,0,0.551,0.551,27,24,28,24,1,1,5,1,6,1,2.63,1.09,1.09,41.1,7.183683300851387,-6.897977376458517,32.67858645407086,32.867772519040656,33.18713602896595
SI,2026-07-23,89.2,1.49,5.79,"Seymour, Ian",682818,693855,,called_strike,,,,,8,,R,L,L,TOR,TB,S,,,0,0,2026,1.24,0.48,0.1826387070398989,2.048270495522037,,,,0,3,Bot,,,,,,,-5.790303126097286,-129.61607582635688,-3.8714214460624072,15.203113050909256,30.162274140263424,-26.10041304014807,3.137508202,1.583415354,,,,88.2,1987,6.0,822785,676439,666018,680700,691406,810938,802415,676356,683748,54.53,,,,,,,,21,1,Sinker,1,1,1,1,1,1,1,1,Infield shade,Standard,146,-0.004,-0.042,,,,,0.042,,0,0,0.555,0.555,27,24,28,24,1,1,5,1,6,1,2.42,1.24,1.24,49.1,,,,,
CH,2026-07-23,88.2,-1.44,5.41,"Bieber, Shane",666018,669456,field_out,hit_into_play,,,,,14,"Jonathan Aranda grounds out, first baseman Vladimir Guerrero Jr. to pitcher Shane Bieber.",R,L,R,TOR,TB,X,3,ground_ball,1,1,2026,-0.7,-0.25,0.9454174820753172,1.719718639524074,,,650490,2,3,Top,149.45,172.22,,,,,7.250941544344462,-128.36439777649034,-2.196876803138416,-9.162430327578443,23.58270490618513,-34.77956489996538,3.189288058,1.609547244,30,76.9,-1,89.2,1267,6.6,822785,672386,665489,649966,672960,676391,676914,664702,682818,53.86,0.065,0.058,0.0,1,0,0,2,20,3,Changeup,1,1,1,1,1,1,1,1,Infield shade,Standard,254,0.024,-0.263,74.5,7.4,,0.068,0.263,88.0,0,0,0.531,0.469,31,28,31,28,2,1,5,1,5,1,3.16,0.7,-0.7,36.3,6.819214596119974,-0.0562172906293773,44.30171791570771,29.50821229263522,24.758898355937554
FC,2026-07-23,88.7,-1.37,5.53,"Bieber, Shane",666018,669456,,ball,,,,,12,,R,L,R,TOR,TB,B,,,0,1,2026,-0.05,1.06,1.357813698849486,3.4503081529609796,,,650490,2,3,Top,,,,,,,6.709771573357655,-129.1665927744508,-1.183209640866505,-1.8559654720246583,24.030631428137223,-20.131583681980683,3.189288058,1.609547244,,,,89.3,2613,6.4,822785,672386,665489,649966,672960,676391,676914,664702,682818,54.11,,,,,,,,20,2,Cutter,1,1,1,1,1,1,1,1,Infield shade,Standard,216,-0.003,0.028,,,,,-0.028,,0,0,0.534,0.466,31,28,31,28,2,1,5,1,5,1,1.8,0.05,-0.05,38.4,,,,,
FF,2026-07-23,92.9,-1.31,5.55,"Bieber, Shane",666018,669456,,foul,,,,,3,,R,L,R,TOR,TB,S,,,0,0,2026,-1.05,1.42,0.5857596269020247,2.721281402894584,,,650490,2,3,Top,,,,,,,7.176888973732727,-135.00812401686144,-4.404265521960798,-14.487409741250948,30.417904022587074,-14.026153396387537,3.189288058,1.609547244,259,81.2,27,93.0,2327,6.5,822785,672386,665489,649966,672960,676391,676914,664702,682818,53.98,,,,,,,,20,1,4-Seam Fastball,1,1,1,1,1,1,1,1,Infield shade,Standard,215,0.004,-0.04,63.7,6.1,,,0.04,88.0,0,0,0.53,0.47,31,28,31,28,2,1,5,1,5,1,1.23,1.05,-1.05,36.7,4.495172778740831,22.476665103924393,36.16084117952581,32.37166671712783,17.96206394725237
KC,2026-07-23,82.6,-1.4,5.51,"Bieber, Shane",650490,669456,single,hit_into_play,,,,,9,Yandy Díaz singles on a line drive to right fielder Yohendrick Piñango. Hunter Feduccia scores.,R,R,R,TOR,TB,X,9,line_drive,1,0,2026,0.45,-1.14,0.3637443452452128,2.025214522032197,,676439,,2,3,Top,170.79,89.49,,,,,3.07739460982247,-120.1882612570442,1.0941203277430451,3.666236933964743,24.77522345884836,-43.66226511441971,3.227903543,1.629035433,294,93.0,19,82.6,2429,6.4,822785,672386,665489,649966,672960,676391,676914,664702,682818,54.06,0.457,0.45,0.9,1,1,0,4,19,2,Knuckle Curve,1,0,0,1,1,1,1,1,Standard,Standard,39,-0.1,0.659,77.1,7.7,,0.636,-0.659,93.0,1,-1,0.63,0.37,31,34,31,35,2,1,5,1,5,1,4.5,-0.45,-0.45,38.2,0.3703721110183184,6.652932476148276,24.71429716071028,43.70250294889546,29.97821831072271
FF,2026-07-23,92.2,-1.47,5.53,"Bieber, Shane",650490,669456,,ball,,,,,11,,R,R,R,TOR,TB,B,,,0,0,2026,-0.94,1.36,-0.0613140159927522,4.144166249089491,,676439,,2,3,Top,,,,,,,5.64972035546728,-134.13450558323024,-0.5183778944134438,-12.638050922687492,30.331696705507397,-15.942257206991505,3.227903543,1.629035433,,,,92.5,2323,6.6,822785,672386,665489,649966,672960,676391,676914,664702,682818,53.9,,,,,,,,19,1,4-Seam Fastball,1,0,0,1,0,1,0,1,Standard,Standard,218,-0.001,0.025,,,,,-0.025,,1,-1,0.631,0.369,31,34,31,35,2,1,5,1,5,1,1.33,0.94,0.94,38.5,,,,,
FF,2026-07-23,91.9,-1.32,5.55,"Bieber, Shane",676439,669456,double,hit_into_play,,,,,5,Hunter Feduccia doubles (6) on a sharp line drive to right fielder Yohendrick Piñango.,R,L,R,TOR,TB,X,9,line_drive,1,1,2026,-0.96,1.35,0.17919576103631,2.690374087493489,,,,2,3,Top,215.53,87.55,,,,,5.91493745951963,-133.71074769291727,-4.212819909244189,-12.811501663394072,28.812592293752868,-15.220068627578456,3.262130906,1.646309055,301,108.2,19,92.5,2241,6.7,822785,672386,665489,649966,672960,676391,676914,664702,682818,53.82,0.709,0.969,1.25,1,1,1,6,18,3,4-Seam Fastball,1,0,0,1,0,1,0,1,Standard,Standard,219,-0.027,0.567,77.7,7.0,,1.587,-0.567,108.2,1,-1,0.658,0.342,31,29,31,29,1,0,5,1,5,2,1.35,0.96,-0.96,44.3,12.781420331483575,-5.16939769868785,34.720539260016146,32.94146291661363,34.964067315363714
CH,2026-07-23,88.8,-1.53,5.48,"Bieber, Shane",676439,669456,,ball,,,,,13,,R,L,R,TOR,TB,B,,,0,1,2026,-1.28,0.13,-0.1312235366285692,1.0037659464690365,,,,2,3,Top,,,,,,,6.105736656959408,-129.21666093235604,-4.989226372487993,-15.62170574594142,25.196429160112565,-29.925691509569543,3.262130906,1.646309055,,,,89.2,1238,6.4,822785,672386,665489,649966,672960,676391,676914,664702,682818,54.11,,,,,,,,18,2,Changeup,1,0,0,1,0,1,0,1,Standard,Standard,244,-0.001,0.029,,,,,-0.029,,1,-1,0.659,0.341,31,29,31,29,1,0,5,1,5,2,2.75,1.28,-1.28,34.7,,,,,
CH,2026-07-23,88.0,-1.47,5.46,"Bieber, Shane",676439,669456,,called_strike,,,,,1,,R,L,R,TOR,TB,S,,,0,0,2026,-1.18,0.49,-0.5160622928690195,3.211232346685454,,,,2,3,Top,,,,,,,4.776662748344469,-128.1337053955906,-0.2444227221585149,-13.998141573270525,25.17735934016123,-26.879937218832033,3.262130906,1.646309055,,,,88.2,1275,6.3,822785,672386,665489,649966,672960,676391,676914,664702,682818,54.22,,,,,,,,18,1,Changeup,1,0,0,1,0,1,0,1,Standard,Standard,249,0.002,-0.044,,,,,0.044,,1,-1,0.657,0.343,31,29,31,29,1,0,5,1,5,2,2.43,1.18,-1.18,36.9,,,,,
KC,2026-07-23,82.1,-1.47,5.5,"Bieber, Shane",680700,669456,field_out,hit_into_play,,,,,4,"Richie Palacios grounds out, third baseman Kazuma Okamoto to first baseman Vladimir Guerrero Jr.",R,L,R,TOR,TB,X,5,ground_ball,1,2,2026,0.81,-0.92,-0.6849345364038343,2.1631833091956527,,,,1,3,Top,97.25,160.17,,,,,0.1590203557100508,-119.49613149864685,1.0571970745829626,7.690748913975043,24.108150651923047,-41.42958501102969,3.040091864,1.534251969,2,49.6,-55,82.2,2450,6.5,822785,672386,665489,649966,672960,676391,676914,664702,682818,54.05,0.249,0.224,0.0,1,0,0,1,17,4,Knuckle Curve,1,0,0,1,0,1,0,1,Infield shade,Standard,36,0.013,-0.183,59.5,6.1,,0.25,0.183,88.0,1,-1,0.644,0.356,31,29,31,29,1,0,5,1,5,1,4.32,-0.81,0.81,42.1,-11.39906340115658,35.83997774446663,23.812498825949895,42.40016005439039,13.027238438713113
CH,2026-07-23,88.8,-1.62,5.44,"Bieber, Shane",680700,669456,,ball,,,,,13,,R,L,R,TOR,TB,B,,,0,2,2026,-0.99,0.12,-1.5874507575543264,2.2841362581460163,,,,1,3,Top,,,,,,,2.178874938527223,-129.3190720784125,-1.7491295617086693,-11.566567956690813,26.116690838370573,-30.703742489026443,3.040091864,1.534251969,,,,89.2,1151,6.4,822785,672386,665489,649966,672960,676391,676914,664702,682818,54.11,,,,,,,,17,3,Changeup,1,0,0,1,0,1,0,1,Infield shade,Standard,251,-0.002,0.019,,,,,-0.019,,1,-1,0.646,0.354,31,29,31,29,1,0,5,1,5,1,2.76,0.99,-0.99,34.1,,,,,
FF,2026-07-23,92.8,-1.42,5.54,"Bieber, Shane",680700,669456,,called_strike,,,,,4,,R,L,R,TOR,TB,S,,,0,1,2026,-0.72,1.35,-0.4680971823394269,2.260246956130958,,,,1,3,Top,,,,,,,4.035278224574917,-135.0211423710158,-5.417418621047308,-9.66091414721495,29.426774256096973,-14.71011265603288,3.040091864,1.534251969,,,,93.3,2222,6.6,822785,672386,665489,649966,672960,676391,676914,664702,682818,53.89,,,,,,,,17,2,4-Seam Fastball,1,0,0,1,0,1,0,1,Standard,Standard,221,0.005,-0.058,,,,,0.058,,1,-1,0.641,0.359,31,29,31,29,1,0,5,1,5,1,1.3,0.72,-0.72,39.4,,,,,
CH,2026-07-23,87.9,-1.49,5.54,"Bieber, Shane",680700,669456,,called_strike,,,,,11,,R,L,R,TOR,TB,S,,,0,0,2026,-0.67,-0.24,-0.5423851051666837,3.4318118282578047,,,,1,3,Top,,,,,,,3.672392025991061,-128.07256890772993,1.6334754156511906,-8.127996813738324,25.017792783996512,-35.392366367673944,3.040091864,1.534251969,,,,88.1,1063,6.2,822785,672386,665489,649966,672960,676391,676914,664702,682818,54.26,,,,,,,,17,1,Changeup,1,0,0,1,0,1,0,1,Standard,Standard,252,0.003,-0.041,,,,,0.041,,1,-1,0.638,0.362,31,29,31,29,1,0,5,1,5,1,3.17,0.67,-0.67,35.6,,,,,
FF,2026-07-23,91.9,-1.47,5.5,"Bieber, Shane",810938,669456,field_out,hit_into_play,,,,,7,"Ben Williamson grounds out, third baseman Kazuma Okamoto to first baseman Vladimir Guerrero Jr.",R,R,R,TOR,TB,X,5,ground_ball,3,2,2026,-1.05,1.5,-0.786912027009803,2.0432194452039862,,,,0,3,Top,107.7,164.35,,,,,4.039489952204482,-133.68598601480795,-6.049002979166253,-13.408730230730267,27.92210494342515,-13.111626151328212,3.229658793,1.62992126,22,81.3,-4,92.5,2361,6.6,822785,672386,665489,649966,672960,676391,676914,664702,682818,53.89,0.149,0.141,0.0,1,0,0,2,16,8,4-Seam Fastball,1,0,0,1,0,1,0,1,Standard,Standard,219,0.032,-0.346,70.4,7.1,,0.164,0.346,88.0,1,-1,0.606,0.394,31,25,31,26,1,0,5,1,5,1,1.2,1.05,1.05,36.7,1.1632278835172023,3.2517221717823475,37.991658232037786,28.22771748926582,30.242621860635484
FF,2026-07-23,93.7,-1.36,5.55,"Bieber, Shane",810938,669456,,foul,,,,,2,,R,R,R,TOR,TB,S,,,3,2,2026,-1.08,1.25,-0.2711423883278132,3.23293096150525,,,,0,3,Top,,,,,,,5.2173513065122386,-136.45134287701677,-2.960249332140231,-14.573762684734245,26.746243382574026,-15.98877007956708,3.229658793,1.62992126,208,72.9,48,94.7,2363,6.6,822785,672386,665489,649966,672960,676391,676914,664702,682818,53.9,,,,,,,,16,7,4-Seam Fastball,1,0,0,1,0,1,0,1,Standard,Standard,217,0.0,0.0,63.7,5.9,,,0.0,88.0,1,-1,0.606,0.394,31,25,31,26,1,0,5,1,5,1,1.32,1.08,1.08,38.5,-6.847166810571619,22.93376133627249,24.638215879667396,34.859598494266095,20.67618117111223
FC,2026-07-23,88.0,-1.43,5.48,"Bieber, Shane",810938,669456,,foul,,,,,14,,R,R,R,TOR,TB,S,,,3,2,2026,0.17,0.87,0.6103633143254015,1.4917173386322564,,,,0,3,Top,,,,,,,4.564903394734192,-128.21804585489548,-5.31263347537128,1.060103687039913,22.129243990084195,-21.752733505658064,3.229658793,1.62992126,2,60.3,-39,89.1,2550,6.5,822785,672386,665489,649966,672960,676391,676914,664702,682818,53.95,,,,,,,,16,6,Cutter,1,0,0,1,0,1,0,1,Standard,Standard,215,0.0,0.0,68.7,7.4,,,0.0,88.0,1,-1,0.606,0.394,31,25,31,26,1,0,5,1,5,1,2.03,-0.17,-0.17,36.7,0.3833664533984016,3.505987582539219,32.21370279006235,45.38350475902709,28.14154687069018
FC,2026-07-23,88.1,-1.46,5.51,"Bieber, Shane",810938,669456,,swinging_strike,,,,,12,,R,R,R,TOR,TB,S,,,3,1,2026,0.2,0.71,1.1634842717716671,2.5793905616001567,,,,0,3,Top,,,,,,,5.889968707459678,-128.31701169173058,-2.3945379808920544,1.1714280978733964,23.51994721086847,-24.043213544655085,3.229658793,1.62992126,,,,88.9,2630,6.5,822785,672386,665489,649966,672960,676391,676914,664702,682818,54.02,,,,,,,,16,5,Cutter,1,0,0,1,0,1,0,1,Standard,Standard,205,0.011,-0.103,52.6,6.9,0.466204476,,0.103,,1,-1,0.595,0.405,31,25,31,26,1,0,5,1,5,1,2.2,-0.2,-0.2,40.9,4.387541663953533,19.681114385835624,23.365023489524138,52.97699862871741,17.613382959062278
FF,2026-07-23,90.8,-1.45,5.52,"Bieber, Shane",810938,669456,,called_strike,,,,,11,,R,R,R,TOR,TB,S,,,3,0,2026,-1.04,1.48,-0.6626358479335782,3.3857911230528144,,,,0,3,Top,,,,,,,4.230667531013619,-132.145817844672,-2.463565344353543,-13.05622360091925,29.46525308182519,-14.609203764486788,3.229658793,1.62992126,,,,91.2,2389,6.6,822785,672386,665489,649966,672960,676391,676914,664702,682818,53.9,,,,,,,,16,4,4-Seam Fastball,1,0,0,1,0,1,0,1,Standard,Standard,217,0.009,-0.086,,,,,0.086,,1,-1,0.586,0.414,31,25,31,26,1,0,5,1,5,1,1.3,1.04,1.04,39.9,,,,,
FC,2026-07-23,87.5,-1.49,5.55,"Bieber, Shane",810938,669456,,ball,,,,,12,,R,R,R,TOR,TB,B,,,2,0,2026,0.24,0.65,0.9727925593109852,3.556776436969419,,,,0,3,Top,,,,,,,5.384168239321405,-127.48434040622064,0.0678727210399681,1.6483372405006884,23.58605669183103,-25.281018365179623,3.229658793,1.62992126,,,,88.2,2606,6.4,822785,672386,665489,649966,672960,676391,676914,664702,682818,54.08,,,,,,,,16,3,Cutter,1,0,0,1,0,1,0,1,Standard,Standard,187,-0.013,0.149,,,,,-0.149,,1,-1,0.599,0.401,31,25,31,26,1,0,5,1,5,1,2.3,-0.24,-0.24,37.7,,,,,
FF,2026-07-23,91.9,-1.35,5.62,"Bieber, Shane",810938,669456,,ball,,,,,12,,R,R,R,TOR,TB,B,,,1,0,2026,-0.85,1.52,0.5645802656535936,3.563403523422674,,,,0,3,Top,,,,,,,6.706570284335564,-133.75353763995392,-2.5557451351484044,-11.65321723636222,29.052401888132724,-13.53949623566514,3.229658793,1.62992126,,,,92.4,2325,6.6,822785,672386,665489,649966,672960,676391,676914,664702,682818,53.88,,,,,,,,16,2,4-Seam Fastball,1,0,0,1,0,1,0,1,Standard,Standard,218,-0.009,0.082,,,,,-0.082,,1,-1,0.608,0.392,31,25,31,26,1,0,5,1,5,1,1.18,0.85,0.85,40.0,,,,,
KC,2026-07-23,80.6,-1.49,5.59,"Bieber, Shane",810938,669456,,ball,,,,,11,,R,R,R,TOR,TB,B,,,0,0,2026,0.23,-0.81,-0.8277793057335154,3.7445817176014176,,,,0,3,Top,,,,,,,0.998226728661691,-117.32919412004468,4.318581984492013,1.9403978024606043,22.38774783884234,-40.713500875161834,3.229658793,1.62992126,,,,80.8,2247,6.4,822785,672386,665489,649966,672960,676391,676914,664702,682818,54.08,,,,,,,,16,1,Knuckle Curve,1,0,0,1,0,1,0,1,Standard,Standard,44,-0.004,0.043,,,,,-0.043,,1,-1,0.612,0.388,31,25,31,26,1,0,5,1,5,1,4.32,-0.23,-0.23,35.5,,,,,
FF,2026-07-23,92.3,-2.01,4.48,"Legumina, Casey",664702,668984,field_out,hit_into_play,,,,,2,Myles Straw pops out to third baseman Junior Caminero.,R,R,R,TOR,TB,X,5,popup,0,2,2026,-1.5,1.01,-0.2043227416655006,2.9958355601586337,,,,2,2,Bot,125.25,190.37,,,,,7.940614456756545,-134.2100891115415,0.0057050282621893,-19.908127846473626,30.580425996392293,-20.22607012937708,3.073441601,1.551082677,32,78.3,80,92.8,2508,6.7,822785,676439,666018,680700,691406,810938,802415,676356,683748,53.75,0.006,0.005,0.0,1,0,0,3,15,3,4-Seam Fastball,1,0,1,0,0,1,1,0,Standard,Standard,232,-0.005,-0.154,75.3,7.2,,0.006,0.154,88.0,1,1,0.617,0.617,29,31,29,32,1,0,3,1,6,1,1.68,1.5,1.5,15.5,7.460291828897511,-7.840879486227878,26.940771898845444,31.246016785625017,33.47978943913772
SL,2026-07-23,82.8,-2.2,4.38,"Legumina, Casey",664702,668984,,called_strike,,,,,6,,R,R,R,TOR,TB,S,,,0,1,2026,0.42,0.33,0.7818082111704944,2.5838030475979665,,,,2,2,Bot,,,,,,,5.91847014059099,-120.4305978624382,1.9045050818659788,3.011359412143488,22.892137526308396,-29.513251463336623,3.073441601,1.551082677,,,,83.4,2509,6.7,822785,676439,666018,680700,691406,810938,802415,676356,683748,53.84,,,,,,,,15,2,Slider,1,0,1,0,0,1,1,0,Infield shade,Standard,136,-0.003,-0.062,,,,,0.062,,1,1,0.62,0.62,29,31,29,32,1,0,3,1,6,1,2.99,-0.42,-0.42,11.0,,,,,
SI,2026-07-23,92.3,-1.98,4.58,"Legumina, Casey",664702,668984,,foul,,,,,4,,R,R,R,TOR,TB,S,,,0,0,2026,-1.71,0.86,-0.3123311866098011,2.1220262095574203,,,,2,2,Bot,,,,,,,8.036442133107657,-134.16047451942993,-2.188574429536192,-22.337721984155472,27.777996927322032,-21.430652344980995,3.073441601,1.551082677,199,64.7,35,93.3,2303,6.9,822785,676439,666018,680700,691406,810938,802415,676356,683748,53.63,,,,,,,,15,1,Sinker,1,0,1,0,0,1,1,0,Infield shade,Standard,230,-0.001,-0.044,72.2,7.2,,,0.044,88.0,1,1,0.621,0.621,29,31,29,32,1,0,3,1,6,1,1.81,1.71,1.71,22.2,-5.6991093780198465,-1.6086533777672458,40.417195221212694,30.328987361640028,23.722165502874496
SI,2026-07-23,92.1,-2.03,4.74,"Legumina, Casey",649966,668984,grounded_into_double_play,hit_into_play,,,,,11,"Luis Urías grounds into a double play, third baseman Junior Caminero to second baseman Richie Palacios to first baseman Jonathan Aranda. Davis Schneider out at 2nd. Luis Urías out at 1st.",R,R,R,TOR,TB,X,5,ground_ball,0,2,2026,-1.72,0.85,-0.8116083044187736,3.2087654367541645,,,676914,0,2,Bot,104.07,169.19,,,,,6.909301554439024,-133.97988458959975,0.2598643399892327,-22.236049470067332,29.99874341174536,-22.220771228698645,3.090994095,1.559940945,48,71.2,1,92.6,2446,6.7,822785,676439,666018,680700,691406,810938,802415,676356,683748,53.79,0.115,0.104,0.0,1,0,0,2,14,3,Sinker,1,0,1,0,0,1,1,0,Infield shade,Standard,223,-0.054,-0.257,68.9,6.7,,0.126,0.257,88.0,1,1,0.675,0.675,29,29,29,29,1,0,3,1,6,1,1.84,1.72,1.72,23.0,13.041295316274375,-3.2684946127854233,14.584217806102943,27.90102631915908,29.047864172021185
FF,2026-07-23,91.8,-2.15,4.57,"Legumina, Casey",649966,668984,,foul,,,,,3,,R,R,R,TOR,TB,S,,,0,1,2026,-1.33,1.17,0.3514012089228184,2.7049397404158095,,,676914,0,2,Bot,,,,,,,9.235873658352752,-133.39842947562946,-1.2487520377966872,-17.84048138300001,29.408388900825862,-18.167365885113888,3.090994095,1.559940945,161,65.0,54,92.4,2393,6.8,822785,676439,666018,680700,691406,810938,802415,676356,683748,53.72,,,,,,,,14,2,4-Seam Fastball,1,0,1,0,0,1,1,0,Infield shade,Standard,233,-0.008,-0.05,68.3,7.3,,,0.05,88.0,1,1,0.683,0.683,29,29,29,29,1,0,3,1,6,1,1.55,1.33,1.33,17.2,3.602963271434709,14.45783858771927,24.418422252143525,42.49988739318946,20.67873923900499
SL,2026-07-23,82.6,-2.28,4.36,"Legumina, Casey",649966,668984,,foul,,,,,5,,R,R,R,TOR,TB,S,,,0,0,2026,0.22,0.41,-0.0401980582236958,2.359766532667163,,,676914,0,2,Bot,,,,,,,4.622188469590398,-120.18482823346356,1.3144141413489272,1.2417768822858906,22.82249841302586,-28.66138046125006,3.090994095,1.559940945,265,99.2,15,83.3,2637,6.7,822785,676439,666018,680700,691406,810938,802415,676356,683748,53.82,,,,,,,,14,1,Slider,1,0,1,0,0,1,1,0,Infield shade,Standard,134,-0.004,-0.04,71.9,8.3,,,0.04,99.2,1,1,0.687,0.687,29,29,29,29,1,0,3,1,6,1,2.93,-0.22,-0.22,14.7,25.115343722831376,-18.58902707750786,20.36683566170679,36.71184700228284,44.17204372348817
FF,2026-07-23,92.9,-1.99,4.53,"Legumina, Casey",676914,668984,walk,blocked_ball,,,,,14,Davis Schneider walks.,R,R,R,TOR,TB,B,,,3,2,2026,-1.36,1.23,0.3935511905061968,0.3705801643585158,,,,0,2,Bot,,,,,,,9.14402066151485,-134.81355634495822,-7.444835954178867,-18.59255583578823,28.282686559934,-15.634897386855746,3.045357612,1.536909449,,,,93.8,2563,6.9,822785,676439,666018,680700,691406,810938,802415,676356,683748,53.59,,0.698492,0.7,1,0,0,,13,6,4-Seam Fastball,1,0,1,0,0,1,1,0,Infield shade,Standard,230,0.026,0.362,,,,,-0.362,,1,1,0.661,0.661,29,27,29,27,1,0,3,27,6,1,1.41,1.36,1.36,17.3,,,,,
SL,2026-07-23,84.4,-2.24,4.17,"Legumina, Casey",676914,668984,,ball,,,,,14,,R,R,R,TOR,TB,B,,,2,2,2026,0.3,0.37,0.9269955357644638,0.6574550455820289,,,,0,2,Bot,,,,,,,6.727957161190244,-122.83265146311146,-2.426951139877108,1.8497119204732744,21.82292504113397,-28.127481173505934,3.045357612,1.536909449,,,,85.4,2699,6.7,822785,676439,666018,680700,691406,810938,802415,676356,683748,53.78,,,,,,,,13,5,Slider,1,0,1,0,0,1,1,0,Infield shade,Standard,167,0.008,0.113,,,,,-0.113,,1,1,0.653,0.653,29,27,29,27,1,0,3,27,6,1,2.8,-0.3,-0.3,9.2,,,,,
SI,2026-07-23,92.0,-1.99,4.67,"Legumina, Casey",676914,668984,,called_strike,,,,,6,,R,R,R,TOR,TB,S,,,2,1,2026,-1.54,0.89,0.763318417322574,2.298888455204597,,,,0,2,Bot,,,,,,,10.390220310366615,-133.59807956952693,-1.98379335079408,-20.675203984231125,26.495664685493654,-21.230649077147778,3.045357612,1.536909449,,,,93.0,2454,6.8,822785,676439,666018,680700,691406,810938,802415,676356,683748,53.67,,,,,,,,13,4,Sinker,1,0,1,0,0,1,1,0,Infield shade,Standard,227,-0.006,-0.078,,,,,0.078,,1,1,0.659,0.659,29,27,29,27,1,0,3,27,6,1,1.8,1.54,1.54,20.7,,,,,
FF,2026-07-23,92.4,-2.0,4.57,"Legumina, Casey",676914,668984,,called_strike,,,,,6,,R,R,R,TOR,TB,S,,,2,0,2026,-1.29,1.28,0.7619508394718186,2.207352798583427,,,,0,2,Bot,,,,,,,9.880040849591271,-134.20425665116753,-2.874323066526813,-17.731969514061372,28.59148123292003,-16.280010870194236,3.045357612,1.536909449,,,,93.2,2495,6.8,822785,676439,666018,680700,691406,810938,802415,676356,683748,53.67,,,,,,,,13,3,4-Seam Fastball,1,0,1,0,0,1,1,0,Infield shade,Standard,226,-0.006,-0.075,,,,,0.075,,1,1,0.665,0.665,29,27,29,27,1,0,3,27,6,1,1.4,1.29,1.29,20.2,,,,,
SI,2026-07-23,92.6,-2.14,4.71,"Legumina, Casey",676914,668984,,ball,,,,,11,,R,R,R,TOR,TB,B,,,1,0,2026,-1.41,0.84,-1.4051344590133446,3.2445353196657414,,,,0,2,Bot,,,,,,,5.034189218702777,-134.92115071312944,0.2996061178623621,-18.34242794464334,26.97607350909977,-22.163652216095524,3.045357612,1.536909449,,,,93.9,2254,6.8,822785,676439,666018,680700,691406,810938,802415,676356,683748,53.71,,,,,,,,13,2,Sinker,1,0,1,0,0,1,1,0,Infield shade,Standard,230,0.006,0.082,,,,,-0.082,,1,1,0.659,0.659,29,27,29,27,1,0,3,27,6,1,1.8,1.41,1.41,19.7,,,,,
SL,2026-07-23,83.5,-2.24,4.37,"Legumina, Casey",676914,668984,,ball,,,,,11,,R,R,R,TOR,TB,B,,,0,0,2026,0.19,0.32,-1.630949123018614,3.1325828724136335,,,,0,2,Bot,,,,,,,0.9941523101552576,-121.58199026270768,3.062606031455841,1.752695819369857,22.220725839807702,-29.721972307039515,3.045357612,1.536909449,,,,84.3,2531,6.6,822785,676439,666018,680700,691406,810938,802415,676356,683748,53.86,,,,,,,,13,1,Slider,1,0,1,0,0,1,1,0,Infield shade,Standard,154,0.003,0.043,,,,,-0.043,,1,1,0.656,0.656,29,27,29,27,1,0,3,27,6,1,2.92,-0.19,-0.19,12.2,,,,,
FF,2026-07-23,91.8,-1.34,5.58,"Bieber, Shane",802415,669456,field_out,hit_into_play,,,,,11,"Chandler Simpson grounds out, shortstop Ernie Clement to first baseman Vladimir Guerrero Jr.",R,L,R,TOR,TB,X,6,ground_ball,2,1,2026,-1.06,1.61,-1.0818390313491226,2.986465312810858,,,,2,2,Top,121.74,157.53,,,,,3.0112240786733295,-133.69587891973953,-4.129578441830731,-13.42193127928845,28.208626242784938,-12.106172836285385,3.177878937,1.60378937,52,62.2,4,92.5,2408,6.6,822785,672386,665489,649966,672960,676391,676914,664702,682818,53.9,0.175,0.162,0.0,1,0,0,2,12,4,4-Seam Fastball,1,0,0,1,0,1,0,1,Strategic,Standard,218,0.012,-0.302,64.4,7.4,,0.211,0.302,88.0,1,-1,0.644,0.356,31,25,31,26,1,0,5,1,5,1,1.08,1.06,-1.06,41.6,14.138758728171323,-0.9019626474929534,21.931929393551247,51.73877511473937,26.16597664635127
FC,2026-07-23,87.1,-1.5,5.59,"Bieber, Shane",802415,669456,,called_strike,,,,,11,,R,L,R,TOR,TB,S,,,2,0,2026,0.22,0.67,-0.3121856468954615,3.310220761512636,,,,2,2,Top,,,,,,,2.364480410140321,-126.97328706242868,-0.6118274028571171,2.01402539458064,23.191977946476676,-24.960121130210215,3.177878937,1.60378937,,,,87.8,2634,6.4,822785,672386,665489,649966,672960,676391,676914,664702,682818,54.1,,,,,,,,12,3,Cutter,1,0,0,1,0,1,0,1,Strategic,Standard,205,0.003,-0.065,,,,,0.065,,1,-1,0.641,0.359,31,25,31,26,1,0,5,1,5,1,2.3,-0.22,0.22,38.4,,,,,
FF,2026-07-23,92.3,-1.5,5.55,"Bieber, Shane",802415,669456,,ball,,,,,11,,R,L,R,TOR,TB,B,,,1,0,2026,-1.19,1.48,-0.8841530553332357,3.7655405019354826,,,,2,2,Top,,,,,,,4.193052436505661,-134.44848882025104,-1.8616905413585465,-15.29646618250806,29.32279927301884,-14.00257696889918,3.177878937,1.60378937,,,,92.7,2405,6.5,822785,672386,665489,649966,672960,676391,676914,664702,682818,54.0,,,,,,,,12,2,4-Seam Fastball,1,0,0,1,0,1,0,1,Strategic,Standard,219,-0.003,0.065,,,,,-0.065,,1,-1,0.644,0.356,31,25,31,26,1,0,5,1,5,1,1.19,1.19,-1.19,39.3,,,,,
FF,2026-07-23,91.8,-1.36,5.6,"Bieber, Shane",802415,669456,,ball,,,,,11,,R,L,R,TOR,TB,B,,,0,0,2026,-1.02,1.36,-0.2972519127454011,4.3067899012124675,,,,2,2,Top,,,,,,,4.9297077185909774,-133.6674640533726,-0.3041967052940022,-13.344738544093726,27.29462861733857,-15.901333485112303,3.177878937,1.60378937,,,,92.5,2325,6.5,822785,672386,665489,649966,672960,676391,676914,664702,682818,53.96,,,,,,,,12,1,4-Seam Fastball,1,0,0,1,0,1,0,1,Strategic,Standard,222,-0.001,0.041,,,,,-0.041,,1,-1,0.645,0.355,31,25,31,26,1,0,5,1,5,1,1.33,1.02,-1.02,41.0,,,,,
FF,2026-07-23,91.9,-1.38,5.53,"Bieber, Shane",676356,669456,field_out,hit_into_play,,,,,3,"Jonny DeLuca grounds out, second baseman Luis Urías to first baseman Vladimir Guerrero Jr.",R,R,R,TOR,TB,X,4,ground_ball,1,2,2026,-1.02,1.27,0.5584140342914825,2.8081303110776634,,,,1,2,Top,137.35,146.8,,,,,7.142578194131892,-133.64361711069623,-3.719810494687446,-13.698387404334516,26.672029965156963,-16.329481126046627,3.133120079,1.581200787,38,85.2,-1,92.8,2235,6.7,822785,672386,665489,649966,672960,676391,676914,664702,682818,53.81,0.308,0.292,0.0,1,0,0,2,11,4,4-Seam Fastball,1,0,0,1,0,1,0,1,Standard,Standard,217,0.013,-0.183,67.5,7.5,,0.341,0.183,88.0,1,-1,0.632,0.368,31,27,31,28,1,0,5,2,5,1,1.42,1.02,1.02,43.4,4.301408986767104,16.997948794266794,15.27158378638092,43.17275526790121,21.325147668130622
FF,2026-07-23,93.4,-1.38,5.62,"Bieber, Shane",676356,669456,,swinging_strike,,,,,12,,R,R,R,TOR,TB,S,,,1,1,2026,-1.13,1.38,0.2925389484643952,3.3561879600011704,,,,1,2,Top,,,,,,,6.82232991692589,-135.92562638490767,-3.011176471412599,-15.546046398176626,28.69693620850878,-14.61790608596356,3.133120079,1.581200787,,,,94.1,2435,6.6,822785,672386,665489,649966,672960,676391,676914,664702,682818,53.91,,,,,,,,11,3,4-Seam Fastball,1,0,0,1,0,1,0,1,Standard,Standard,218,0.004,-0.071,72.6,7.3,0.83127174,,0.071,,1,-1,0.628,0.372,31,27,31,28,1,0,5,2,5,1,1.23,1.13,1.13,41.1,4.629916416240837,23.35477454565238,19.423638951518676,40.32608705980535,17.033201394255855
FF,2026-07-23,93.3,-1.44,5.64,"Bieber, Shane",676356,669456,,ball,,,,,11,,R,R,R,TOR,TB,B,,,0,1,2026,-1.2,1.36,-1.3930910980258189,3.7018554660707066,,,,1,2,Top,,,,,,,2.8127211180768077,-135.91034623248296,-2.1664643608191363,-15.481780393830602,28.255996507625447,-14.960557186265673,3.133120079,1.581200787,,,,94.2,2351,6.7,822785,672386,665489,649966,672960,676391,676914,664702,682818,53.85,,,,,,,,11,2,4-Seam Fastball,1,0,0,1,0,1,0,1,Standard,Standard,219,-0.002,0.033,,,,,-0.033,,1,-1,0.63,0.37,31,27,31,28,1,0,5,2,5,1,1.24,1.2,1.2,39.6,,,,,
FF,2026-07-23,92.9,-1.39,5.63,"Bieber, Shane",676356,669456,,called_strike,,,,,12,,R,R,R,TOR,TB,S,,,0,0,2026,-0.99,1.42,0.0963788521540777,3.4483544182312063,,,,1,2,Top,,,,,,,5.970016367671079,-135.11805117992336,-2.786536664737969,-13.388268859636154,29.93046596168418,-14.404481535878272,3.133120079,1.581200787,,,,93.2,2354,6.5,822785,672386,665489,649966,672960,676391,676914,664702,682818,53.98,,,,,,,,11,1,4-Seam Fastball,1,0,0,1,0,1,0,1,Standard,Standard,216,0.003,-0.041,,,,,0.041,,1,-1,0.627,0.373,31,27,31,28,1,0,5,2,5,1,1.23,0.99,0.99,38.3,,,,,
KC,2026-07-23,83.0,-1.36,5.58,"Bieber, Shane",683748,669456,field_out,hit_into_play,,,,,14,"Victor Mesa Jr. grounds out, first baseman Vladimir Guerrero Jr. to pitcher Shane Bieber.",R,L,R,TOR,TB,X,3,ground_ball,0,2,2026,0.48,-1.07,0.0101259067926567,0.9188802614481086,,,,0,2,Top,163.97,162.54,,,,,2.144581108670449,-120.84766887491168,-1.762028935715857,4.245684596180116,25.37714408288383,-42.478671096758106,3.15769357,1.593602362,4,98.0,-17,82.8,2465,6.3,822785,672386,665489,649966,672960,676391,676914,664702,682818,54.19,0.198,0.178,0.0,1,0,0,2,10,3,Knuckle Curve,1,0,0,1,0,1,0,1,Infield shade,Standard,37,0.014,-0.165,74.2,8.4,,0.205,0.165,98.0,1,-1,0.613,0.387,31,24,31,25,1,0,5,1,5,2,4.4,-0.48,0.48,37.7,10.987475046817096,-9.687186102718,38.73030253987315,34.58078839373677,33.56710660509838
KC,2026-07-23,82.0,-1.54,5.52,"Bieber, Shane",683748,669456,,foul,,,,,14,,R,L,R,TOR,TB,S,,,0,1,2026,0.46,-0.88,0.7771407030057983,1.411042928790004,,,,0,2,Top,,,,,,,4.272176050403535,-119.31938725210324,-0.6927879149642439,3.4521146138747048,25.581085331819157,-40.61290012367242,3.15769357,1.593602362,2,70.8,-33,81.9,2377,6.5,822785,672386,665489,649966,672960,676391,676914,664702,682818,54.02,,,,,,,,10,2,Knuckle Curve,1,0,0,1,0,1,0,1,Standard,Standard,33,0.006,-0.053,75.1,8.2,,,0.053,88.0,1,-1,0.607,0.393,31,24,31,25,1,0,5,1,5,2,4.3,-0.46,0.46,36.8,16.33227497901515,-13.033794610204438,36.18490503941204,27.77203488218281,34.23203387053238
KC,2026-07-23,82.3,-1.65,5.56,"Bieber, Shane",683748,669456,,swinging_strike,,,,,14,,R,L,R,TOR,TB,S,,,0,0,2026,0.39,-0.86,1.0215043611277732,1.1192761274329692,,,,0,2,Top,,,,,,,5.214352677688688,-119.80318823183134,-1.5670213794616856,2.707301297141441,24.7411851815375,-40.30055747909615,3.15769357,1.593602362,,,,82.2,2472,6.3,822785,672386,665489,649966,672960,676391,676914,664702,682818,54.15,,,,,,,,10,1,Knuckle Curve,1,0,0,1,0,1,0,1,Standard,Standard,37,0.004,-0.042,74.5,8.0,3.296428008,,0.042,,1,-1,0.603,0.397,31,24,31,25,1,0,5,1,5,2,4.24,-0.39,0.39,38.5,12.976247495345376,-12.751764093913636,38.651973001278115,24.43199523486277,35.30652225697452
SI,2026-07-23,93.1,-2.06,4.65,"Legumina, Casey",672960,668984,strikeout,swinging_strike,,,,,11,Kazuma Okamoto strikes out swinging.,R,R,R,TOR,TB,S,2,,0,2,2026,-1.46,0.91,-1.052206014504932,2.85943071455434,543807,,672386,2,1,Bot,,,,,,,5.841776003614399,-135.56094101500486,-0.7211466816687163,-19.284721642880942,28.537189061343906,-20.967440709992072,3.255987533,1.643208661,,,,93.9,2414,6.6,822785,676439,666018,680700,691406,810938,802415,676356,683748,53.87,,0.0,0.0,1,0,0,,9,4,Sinker,1,0,1,0,0,1,1,0,Infield shade,Standard,231,-0.026,-0.209,76.4,7.2,1.198578924,,0.209,,1,1,0.629,0.629,29,30,29,30,1,0,3,1,6,1,1.71,1.46,1.46,19.3,6.537763486314443,3.3579584851547133,35.211656786482216,24.57968032619167,25.4969643634648
ST,2026-07-23,79.6,-2.22,4.4,"Legumina, Casey",672960,668984,,foul,,,,,9,,R,R,R,TOR,TB,S,,,0,2,2026,0.65,0.46,0.5457573718977431,1.9585752725570873,543807,,672386,2,1,Bot,,,,,,,4.775389488853161,-115.96089623061891,0.630503911303852,5.119810644523094,19.000726021984093,-28.323097493336903,3.255987533,1.643208661,154,62.8,22,80.5,2617,6.6,822785,676439,666018,680700,691406,810938,802415,676356,683748,53.92,,,,,,,,9,3,Sweeper,1,0,1,0,0,1,1,0,Infield shade,Standard,92,0.0,0.0,60.3,8.5,,,0.0,88.0,1,1,0.629,0.629,29,30,29,30,1,0,3,1,6,1,3.1,-0.65,-0.65,15.5,11.035974613964449,-4.354597633949661,34.02599348626342,42.08022557587615,28.34819845221373
SL,2026-07-23,83.5,-2.25,4.39,"Legumina, Casey",672960,668984,,foul,,,,,4,,R,R,R,TOR,TB,S,,,0,1,2026,-0.01,0.49,-0.3037413262598368,2.4515054288969815,543807,,672386,2,1,Bot,,,,,,,4.454683969928649,-121.5835380594937,1.1228571125917788,-0.9021448666777055,22.460071674023467,-27.698422105301493,3.255987533,1.643208661,295,98.8,50,84.2,2534,6.6,822785,676439,666018,680700,691406,810938,802415,676356,683748,53.89,,,,,,,,9,2,Slider,1,0,1,0,0,1,1,0,Infield shade,Standard,165,-0.011,-0.047,75.7,8.7,,,0.047,98.8,1,1,0.64,0.64,29,30,29,30,1,0,3,1,6,1,2.76,0.01,0.01,14.0,28.522166130240276,-24.24607259936374,33.91476721985513,32.858709583527386,41.36142648967028
SI,2026-07-23,92.4,-2.0,4.77,"Legumina, Casey",672960,668984,,called_strike,,,,,4,,R,R,R,TOR,TB,S,,,0,0,2026,-1.57,0.86,-0.4267615611844924,2.2391701366033634,543807,,672386,2,1,Bot,,,,,,,7.526095172118424,-134.38197151020927,-2.3613833276328657,-20.69791533938804,28.56224527025451,-21.457437467758453,3.255987533,1.643208661,,,,93.4,2298,6.9,822785,676439,666018,680700,691406,810938,802415,676356,683748,53.62,,,,,,,,9,1,Sinker,1,0,1,0,0,1,1,0,Infield shade,Standard,228,-0.006,-0.028,,,,,0.028,,1,1,0.646,0.646,29,30,29,30,1,0,3,1,6,1,1.81,1.57,1.57,23.0,,,,,
SL,2026-07-23,82.6,-2.22,4.37,"Legumina, Casey",672386,668984,single,hit_into_play,,,,,5,Alejandro Kirk singles on a ground ball to third baseman Junior Caminero. Ernie Clement scores. George Springer to 3rd.,R,R,R,TOR,TB,X,5,ground_ball,0,2,2026,0.24,0.29,0.2124651541362881,2.2053705849554897,,676391,543807,2,1,Bot,113.14,183.72,,,,,5.027912101569848,-120.30331483499072,1.1525079987647324,1.373320173005744,22.576882834485,-29.78635264282734,3.010252625,1.519192913,1,66.7,-58,83.2,2598,6.6,822785,676439,666018,680700,691406,810938,802415,676356,683748,53.91,0.236,0.216,0.9,1,1,0,2,8,4,Slider,0,0,0,0,0,1,1,0,Standard,Standard,132,0.12,0.643,76.5,7.1,,0.236,-0.643,88.0,0,0,0.526,0.526,29,27,29,28,1,0,3,1,6,1,3.04,-0.24,-0.24,16.8,11.167262300820108,1.5745613915808094,19.84661985873995,43.90115218568267,35.2400892964762
FF,2026-07-23,92.2,-2.03,4.51,"Legumina, Casey",672386,668984,,foul,,,,,11,,R,R,R,TOR,TB,S,,,0,2,2026,-1.28,1.07,-0.4718580046317173,3.686190240319109,,676391,543807,2,1,Bot,,,,,,,6.793606736398606,-134.15462137291314,1.5263233417784967,-16.966272301563635,29.0043974446697,-19.82483165026657,3.010252625,1.519192913,176,75.6,63,92.8,2358,6.6,822785,676439,666018,680700,691406,810938,802415,676356,683748,53.86,,,,,,,,8,3,4-Seam Fastball,0,0,0,0,0,0,0,0,Standard,Standard,229,0.0,0.0,60.9,5.9,,,0.0,88.0,0,0,0.526,0.526,29,27,29,28,1,0,3,1,6,1,1.61,1.28,1.28,14.0,4.117051799831773,28.81175931831497,11.931371577852792,36.83299787544274,20.05620413258313
SI,2026-07-23,92.5,-2.05,4.75,"Legumina, Casey",672386,668984,,foul,,,,,11,,R,R,R,TOR,TB,S,,,0,1,2026,-1.52,0.85,-1.210499124753856,3.255666069452243,,676391,543807,2,1,Bot,,,,,,,5.5318267042031675,-134.62238382301888,0.2319459143960226,-19.75203581273824,27.409919065760143,-22.058243099015524,3.010252625,1.519192913,114,57.2,18,93.5,2243,6.7,822785,676439,666018,680700,691406,810938,802415,676356,683748,53.76,,,,,,,,8,2,Sinker,0,0,0,0,0,0,0,0,Standard,Standard,228,-0.011,-0.057,37.8,5.0,,,0.057,88.0,0,0,0.537,0.537,29,27,29,28,1,0,3,1,6,1,1.8,1.52,1.52,21.7,2.3203745581170634,43.05921060841453,22.282682805582795,27.991654340668312,16.785334933469194
SL,2026-07-23,84.2,-2.27,4.44,"Legumina, Casey",672386,668984,,called_strike,,,,,5,,R,R,R,TOR,TB,S,,,0,0,2026,0.14,0.28,-0.0673985468966797,2.06592564569979,,676391,543807,2,1,Bot,,,,,,,4.791337360415629,-122.5655021893268,0.4671031361710899,0.5410536198453527,23.244219800339245,-29.59459522672483,3.010252625,1.519192913,,,,85.0,2494,6.7,822785,676439,666018,680700,691406,810938,802415,676356,683748,53.8,,,,,,,,8,1,Slider,0,0,0,0,0,0,0,0,Standard,Standard,159,-0.006,-0.034,,,,,0.034,,0,0,0.543,0.543,29,27,29,28,1,0,3,1,6,1,2.92,-0.14,-0.14,16.0,,,,,
SI,2026-07-23,92.7,-1.91,4.68,"Legumina, Casey",543807,668984,walk,blocked_ball,,,,,14,George Springer walks. Ernie Clement to 2nd.,R,R,R,TOR,TB,B,,,3,2,2026,-1.55,0.68,1.2874033394428774,0.7875114214898782,,,676391,2,1,Bot,,,,,,,11.602142863561044,-134.5805322215222,-5.510880793052699,-21.270352261651887,26.34378214529644,-22.8494636190821,3.267396654,1.648966535,,,,93.8,2354,6.9,822785,676439,666018,680700,691406,810938,802415,676356,683748,53.63,,0.698492,0.7,1,0,0,,7,8,Sinker,0,0,0,0,0,0,0,0,Infield shade,Standard,232,0.018,0.214,,,,,-0.214,,0,0,0.525,0.525,29,36,29,37,1,0,3,1,6,1,1.96,1.55,1.55,19.2,,,,,
SI,2026-07-23,94.0,-1.91,4.75,"Legumina, Casey",543807,668984,,ball,,,,,14,,R,R,R,TOR,TB,B,,,2,2,2026,-1.55,0.71,0.6896682030598591,1.3758149174245389,,,676391,2,1,Bot,,,,,,,10.197142665231766,-136.5389982589374,-4.4226749674967705,-21.631564173395414,29.46537144915595,-22.49834666449798,3.267396654,1.648966535,,,,94.7,2382,6.7,822785,676439,666018,680700,691406,810938,802415,676356,683748,53.78,,,,,,,,7,7,Sinker,0,0,0,0,0,0,0,0,Standard,Standard,225,0.006,0.081,,,,,-0.081,,0,0,0.519,0.519,29,36,29,37,1,0,3,1,6,1,1.88,1.55,1.55,22.3,,,,,
SI,2026-07-23,93.5,-1.93,4.71,"Legumina, Casey",543807,668984,,foul,,,,,5,,R,R,R,TOR,TB,S,,,2,2,2026,-1.4,0.94,0.0215319820756421,2.4639344370077927,,,676391,2,1,Bot,,,,,,,8.173802222396162,-136.00899027031733,-1.9985571805145508,-19.1634108580416,28.44842320001397,-20.2355453690533,3.267396654,1.648966535,3,67.8,-43,94.4,2411,6.7,822785,676439,666018,680700,691406,810938,802415,676356,683748,53.76,,,,,,,,7,6,Sinker,0,0,0,0,0,0,0,0,Standard,Standard,229,0.0,0.0,73.9,7.5,,,0.0,88.0,0,0,0.519,0.519,29,36,29,37,1,0,3,1,6,1,1.66,1.4,1.4,21.1,15.770461761737836,10.498434647756245,31.36961629198337,36.35307598097556,20.443730856974
ST,2026-07-23,78.9,-2.25,4.48,"Legumina, Casey",543807,668984,,ball,,,,,11,,R,R,R,TOR,TB,B,,,1,2,2026,0.99,0.44,-1.358128716127777,3.3478734383007955,,,676391,2,1,Bot,,,,,,,0.0314371242694046,-114.77787170816048,3.735686087026547,8.719023979496383,22.606611890844537,-29.29668654650996,3.267396654,1.648966535,,,,79.1,2611,6.6,822785,676439,666018,680700,691406,810938,802415,676356,683748,53.88,,,,,,,,7,5,Sweeper,0,0,0,0,0,0,0,0,Standard,Standard,89,0.004,0.051,,,,,-0.051,,0,0,0.515,0.515,29,36,29,37,1,0,3,1,6,1,3.25,-0.99,-0.99,15.5,,,,,
SL,2026-07-23,85.0,-2.21,4.37,"Legumina, Casey",543807,668984,,ball,,,,,14,,R,R,R,TOR,TB,B,,,0,2,2026,0.35,0.28,1.5962216229034123,1.7258993293350873,,,676391,2,1,Bot,,,,,,,8.154705073216226,-123.57274435920148,-0.2663254502142701,2.093825099793246,23.023200802566052,-29.47758239991855,3.267396654,1.648966535,,,,85.9,2560,6.8,822785,676439,666018,680700,691406,810938,802415,676356,683748,53.74,,,,,,,,7,4,Slider,0,0,0,0,0,0,0,0,Standard,Standard,146,0.002,0.02,,,,,-0.02,,0,0,0.513,0.513,29,36,29,37,1,0,3,1,6,1,2.87,-0.35,-0.35,13.3,,,,,
ST,2026-07-23,80.7,-2.28,4.24,"Legumina, Casey",543807,668984,,foul,,,,,3,,R,R,R,TOR,TB,S,,,0,2,2026,0.31,1.0,0.7586415244170204,3.282576562896539,,,676391,2,1,Bot,,,,,,,6.127797406525602,-117.3221262582286,2.8551999686267533,1.4840988146937617,25.045327768652665,-23.923918220922655,3.267396654,1.648966535,3,40.9,-50,80.8,2592,6.7,822785,676439,666018,680700,691406,810938,802415,676356,683748,53.81,,,,,,,,7,3,Sweeper,0,0,0,0,0,0,0,0,Standard,Standard,102,0.0,0.0,26.3,5.6,,,0.0,88.0,0,0,0.513,0.513,29,36,29,37,1,0,3,1,6,1,2.55,-0.31,-0.31,10.3,5.230684383022338,35.12098226911309,24.01947154368231,45.502677454909545,5.3532594422972615
SI,2026-07-23,94.3,-2.03,4.73,"Legumina, Casey",543807,668984,,foul,,,,,5,,R,R,R,TOR,TB,S,,,0,1,2026,-1.57,0.94,-0.2542063496477627,2.527809179759865,,,676391,2,1,Bot,,,,,,,8.159541071889034,-137.05761707202004,-1.991268062149288,-21.647156813135325,29.80827421078016,-20.08093882954253,3.267396654,1.648966535,222,69.9,35,94.9,2397,6.7,822785,676439,666018,680700,691406,810938,802415,676356,683748,53.81,,,,,,,,7,2,Sinker,0,0,0,0,0,0,0,0,Infield shade,Standard,231,-0.006,-0.06,76.9,7.4,,,0.06,88.0,0,0,0.519,0.519,29,36,29,37,1,0,3,1,6,1,1.63,1.57,1.57,21.3,5.475693941877468,-0.1216845540984674,36.67827103286635,32.56146248869194,20.022638093711745
SL,2026-07-23,84.6,-2.22,4.38,"Legumina, Casey",543807,668984,,swinging_strike,,,,,14,,R,R,R,TOR,TB,S,,,0,0,2026,-0.38,0.74,0.8627460168458516,2.1113918159327527,,,676391,2,1,Bot,,,,,,,7.906226080018251,-122.9256313953853,-0.1932407389258281,-5.465812902698076,26.106356419866177,-24.92504829955946,3.267396654,1.648966535,,,,84.8,2553,6.7,822785,676439,666018,680700,691406,810938,802415,676356,683748,53.81,,,,,,,,7,1,Slider,0,0,0,0,0,0,0,0,Infield shade,Standard,149,-0.003,-0.04,71.7,8.6,1.8355461,,0.04,,0,0,0.522,0.522,29,36,29,37,1,0,3,1,6,1,2.47,0.38,0.38,13.0,25.083833276048612,-21.33615192683,32.840163774231435,46.517424137630435,39.58173670834941
SL,2026-07-23,85.0,-2.33,4.35,"Legumina, Casey",676391,668984,single,hit_into_play,,,,,2,Ernie Clement singles on a ground ball to center fielder Jonny DeLuca.,R,R,R,TOR,TB,X,8,ground_ball,0,0,2026,0.11,0.55,0.1234648542253548,3.2169436679721852,,,,2,1,Bot,109.95,95.96,,,,,5.480916559576591,-123.73460627629888,2.7020114210917603,0.0052505910412998,24.687792741674947,-27.291211587855145,3.191043307,1.610433071,125,71.2,12,85.6,2560,6.6,822785,676439,666018,680700,691406,810938,802415,676356,683748,53.87,0.311,0.289,0.9,1,1,0,2,6,1,Slider,0,0,0,0,0,0,0,0,Infield shade,Standard,142,0.012,0.333,72.0,7.6,,0.35,-0.333,88.0,0,0,0.51,0.51,29,30,29,30,1,0,3,1,6,1,2.6,-0.11,-0.11,11.0,23.522262895979654,-31.701473210022257,22.978861280626266,36.61069479320045,49.76926640334911
SL,2026-07-23,85.3,-2.2,4.32,"Legumina, Casey",665489,668984,strikeout,swinging_strike,,,,,14,Vladimir Guerrero Jr. strikes out swinging.,R,R,R,TOR,TB,S,2,,1,2,2026,0.28,0.52,0.8662262927900435,1.9084968033915852,,,,1,1,Bot,,,,,,,6.578740940251555,-124.08902804269502,-0.2558502433909201,1.6579562624372732,24.00878690326348,-26.9400806265355,3.208595801,1.619291339,,,,86.0,2597,6.7,822785,676439,666018,680700,691406,810938,802415,676356,683748,53.84,,0.0,0.0,1,0,0,,5,4,Slider,0,0,0,0,0,0,0,0,Strategic,Standard,139,-0.011,-0.183,75.5,8.9,3.41379654,,0.183,,0,0,0.521,0.521,29,27,29,27,1,0,3,1,6,1,2.6,-0.28,-0.28,12.6,18.589038961078938,-31.557318792432586,27.82748586031995,45.13940164797055,53.16768449323122
FF,2026-07-23,93.2,-2.11,4.42,"Legumina, Casey",665489,668984,,ball,,,,,11,,R,R,R,TOR,TB,B,,,0,2,2026,-1.52,0.79,-1.3714020577777244,3.505418513729277,,,,1,1,Bot,,,,,,,5.335592373394067,-135.54434221230449,1.888476258986877,-19.92986750516573,33.92020565645295,-23.315825372328796,3.208595801,1.619291339,,,,93.3,2335,6.7,822785,676439,666018,680700,691406,810938,802415,676356,683748,53.8,,,,,,,,5,3,4-Seam Fastball,0,0,0,0,0,0,0,0,Strategic,Standard,243,0.001,0.019,,,,,-0.019,,0,0,0.52,0.52,29,27,29,27,1,0,3,1,6,1,1.87,1.52,1.52,14.8,,,,,
SI,2026-07-23,94.2,-1.97,4.73,"Legumina, Casey",665489,668984,,foul,,,,,1,,R,R,R,TOR,TB,S,,,0,1,2026,-1.75,0.87,-0.3070436663215414,2.823099071923414,,,,1,1,Bot,,,,,,,8.28499365585383,-136.90238944058714,-1.0425647873463624,-23.84633833609805,29.726030226123683,-21.17665861200917,3.208595801,1.619291339,168,63.3,43,95.1,2323,6.8,822785,676439,666018,680700,691406,810938,802415,676356,683748,53.67,,,,,,,,5,2,Sinker,0,0,0,0,0,0,0,0,Infield shade,Standard,231,-0.004,-0.058,75.5,6.8,,,0.058,88.0,0,0,0.524,0.524,29,27,29,27,1,0,3,1,6,1,1.7,1.75,1.75,19.7,-14.752956016242344,15.983184961448003,29.856838563002967,32.91858652919386,22.42386400335428
FF,2026-07-23,92.9,-2.03,4.54,"Legumina, Casey",665489,668984,,called_strike,,,,,5,,R,R,R,TOR,TB,S,,,0,0,2026,-1.41,1.21,0.2737774693133952,2.5761550535424593,,,,1,1,Bot,,,,,,,9.066152716037006,-134.97904567850142,-1.789153654282667,-19.23084376679112,28.22858083580489,-17.159963385661293,3.208595801,1.619291339,,,,94.0,2326,6.9,822785,676439,666018,680700,691406,810938,802415,676356,683748,53.58,,,,,,,,5,1,4-Seam Fastball,0,0,0,0,0,0,0,0,Infield shade,Standard,235,-0.002,-0.041,,,,,0.041,,0,0,0.526,0.526,29,27,29,27,1,0,3,1,6,1,1.43,1.41,1.41,17.3,,,,,
CH,2026-07-23,87.1,-2.16,4.36,"Legumina, Casey",682818,668984,field_out,hit_into_play,,,,,4,"Yohendrick Piñango grounds out sharply, third baseman Junior Caminero to first baseman Jonathan Aranda.",R,L,R,TOR,TB,X,5,ground_ball,3,2,2026,-1.42,-0.04,-0.8139498009109987,2.543962156996154,,,,0,1,Bot,101.92,157.17,,,,,6.195804074466429,-126.87758463575888,1.995282194114437,-16.545824877485625,22.276688722424748,-33.192228273502856,3.137508202,1.583415354,5,105.8,-25,88.4,1787,6.8,822785,676439,666018,680700,691406,810938,802415,676356,683748,53.74,0.11,0.099,0.0,1,0,0,2,4,7,Changeup,0,0,0,0,0,0,0,0,Strategic,Standard,251,-0.027,-0.346,75.1,6.0,,0.112,0.346,105.8,0,0,0.553,0.553,29,24,29,24,1,0,3,1,6,1,3.01,1.42,-1.42,13.2,-18.271845953636056,29.070452666172713,30.532414921370968,44.51009666345746,13.51408131645261
FF,2026-07-23,93.2,-2.12,4.49,"Legumina, Casey",682818,668984,,foul,,,,,2,,R,L,R,TOR,TB,S,,,3,2,2026,-1.22,1.06,-0.0325293847829575,3.1610027122985196,,,,0,1,Bot,,,,,,,8.085726236512684,-135.50209104918974,0.1680118425977426,-16.843160126501388,30.45594739596089,-19.397654397090076,3.137508202,1.583415354,201,70.9,50,93.9,2461,6.8,822785,676439,666018,680700,691406,810938,802415,676356,683748,53.71,,,,,,,,4,6,4-Seam Fastball,0,0,0,0,0,0,0,0,Infield shade,Standard,234,0.0,0.0,72.0,5.9,,,0.0,88.0,0,0,0.553,0.553,29,24,29,24,1,0,3,1,6,1,1.57,1.22,-1.22,14.8,-11.946255337292358,16.201685388528002,29.890084692221688,34.75248703024073,22.29355264956282
FF,2026-07-23,93.1,-2.02,4.48,"Legumina, Casey",682818,668984,,foul,,,,,2,,R,L,R,TOR,TB,S,,,3,1,2026,-1.2,1.09,-0.2132562571035405,2.9827480182496164,,,,0,1,Bot,,,,,,,7.310242518433872,-135.4444773693741,-0.3471487023374587,-16.324623777916937,29.014594082679853,-18.8883222183374,3.137508202,1.583415354,176,67.7,56,94.0,2450,6.8,822785,676439,666018,680700,691406,810938,802415,676356,683748,53.69,,,,,,,,4,5,4-Seam Fastball,0,0,0,0,0,0,0,0,Strategic,Standard,233,-0.009,-0.103,71.9,6.4,,,0.103,88.0,0,0,0.562,0.562,29,24,29,24,1,0,3,1,6,1,1.54,1.2,-1.2,14.6,-13.152722437289183,10.877420336927251,31.37559829725009,36.971764349971295,21.401689183153323
FF,2026-07-23,93.8,-2.15,4.52,"Legumina, Casey",682818,668984,,ball,,,,,11,,R,L,R,TOR,TB,B,,,2,1,2026,-1.02,1.01,-0.695735160062156,3.9976359998629336,,,,0,1,Bot,,,,,,,6.063222661416285,-136.50241949827736,2.238134617407638,-14.118886704165506,29.91061564998791,-20.231392396818933,3.137508202,1.583415354,,,,94.4,2459,6.6,822785,676439,666018,680700,691406,810938,802415,676356,683748,53.86,,,,,,,,4,4,4-Seam Fastball,0,0,0,0,0,0,0,0,Standard,Standard,234,0.011,0.138,,,,,-0.138,,0,0,0.551,0.551,29,24,29,24,1,0,3,1,6,1,1.58,1.02,-1.02,15.6,,,,,
FF,2026-07-23,93.6,-2.17,4.47,"Legumina, Casey",682818,668984,,ball,,,,,7,,R,L,R,TOR,TB,B,,,1,1,2026,-1.27,0.9,-0.7849256391280675,1.728694594886093,,,,0,1,Bot,,,,,,,6.4233848842223145,-136.11560719711642,-3.151140330587701,-17.15307025861435,31.3628009710193,-20.493556169066785,3.137508202,1.583415354,,,,94.2,2338,6.8,822785,676439,666018,680700,691406,810938,802415,676356,683748,53.72,,,,,,,,4,3,4-Seam Fastball,0,0,0,0,0,0,0,0,Standard,Standard,240,0.004,0.063,,,,,-0.063,,0,0,0.547,0.547,29,24,29,24,1,0,3,1,6,1,1.71,1.27,-1.27,13.5,,,,,
CH,2026-07-23,86.5,-2.29,4.34,"Legumina, Casey",682818,668984,,ball,,,,,11,,R,L,R,TOR,TB,B,,,0,1,2026,-1.47,-0.12,-1.0226851754045183,2.6124429273644885,,,,0,1,Bot,,,,,,,6.062936116671651,-125.73001992518992,2.5513690930957726,-16.802193364705385,26.24227197864096,-34.18308528218714,3.137508202,1.583415354,,,,87.0,1353,6.7,822785,676439,666018,680700,691406,810938,802415,676356,683748,53.77,,,,,,,,4,2,Changeup,0,0,0,0,0,0,0,0,Standard,Standard,244,0.002,0.03,,,,,-0.03,,0,0,0.545,0.545,29,24,29,24,1,0,3,1,6,1,3.18,1.47,-1.47,11.4,,,,,
FF,2026-07-23,92.8,-2.15,4.46,"Legumina, Casey",682818,668984,,foul,,,,,11,,R,L,R,TOR,TB,S,,,0,0,2026,-1.49,1.14,-0.9534808283259926,2.5182724772806804,,,,0,1,Bot,,,,,,,6.410325500517849,-134.97745973242303,-1.5152823264828488,-19.63158620015717,32.28655015223416,-18.19276444072151,3.137508202,1.583415354,,,,93.3,2434,6.8,822785,676439,666018,680700,691406,810938,802415,676356,683748,53.65,,,,,,,,4,1,4-Seam Fastball,0,0,0,0,0,0,0,0,Standard,Standard,235,-0.003,-0.042,73.9,6.0,,,0.042,,0,0,0.548,0.548,29,24,29,24,1,0,3,1,6,1,1.53,1.49,-1.49,15.2,-15.497315959427237,24.58608999878991,33.53985979057184,45.90361880193527,17.579361022713414
SL,2026-07-23,85.7,-1.5,5.56,"Bieber, Shane",691406,669456,field_out,hit_into_play,,,,,9,Junior Caminero lines out to left fielder Davis Schneider.,R,R,R,TOR,TB,X,7,line_drive,1,1,2026,0.03,0.28,0.5025193043016337,1.6190369538478246,,,,2,1,Top,76.23,109.29,,,,,4.64941686302912,-124.8402907888794,-3.47181536541367,-0.5969593520453064,23.17342880878778,-28.738053626044955,3.243700787,1.637007874,268,78.3,24,86.4,2631,6.5,822785,672386,665489,649966,672960,676391,676914,664702,682818,54.01,0.723,0.658,0.0,1,0,0,4,3,3,Slider,0,0,0,0,0,0,0,0,Standard,Standard,129,0.01,-0.246,77.3,9.5,,0.797,0.246,88.0,0,0,0.538,0.462,31,22,31,23,1,0,5,1,5,1,2.79,-0.03,-0.03,38.9,7.516161482153089,-20.873318602905,29.682215379291055,43.50033695213985,44.18140203097117
FF,2026-07-23,92.6,-1.38,5.6,"Bieber, Shane",691406,669456,,called_strike,,,,,6,,R,R,R,TOR,TB,S,,,1,0,2026,-1.04,1.44,0.6454903454233383,2.5452262810239543,,,,2,1,Top,,,,,,,7.424306136817597,-134.5964337145184,-4.999708450625926,-14.231828775729475,29.609562077392606,-13.706173017687885,3.243700787,1.637007874,,,,92.9,2522,6.5,822785,672386,665489,649966,672960,676391,676914,664702,682818,53.96,,,,,,,,3,2,4-Seam Fastball,0,0,0,0,0,0,0,0,Standard,Standard,218,0.001,-0.056,,,,,0.056,,0,0,0.537,0.463,31,22,31,23,1,0,5,1,5,1,1.22,1.04,1.04,38.6,,,,,
FF,2026-07-23,93.4,-1.38,5.59,"Bieber, Shane",691406,669456,,ball,,,,,12,,R,R,R,TOR,TB,B,,,0,0,2026,-1.06,1.48,0.429982317886729,3.7094151373369297,,,,2,1,Top,,,,,,,6.996143707553838,-135.80405506773076,-2.2409467395529883,-14.657617890632588,29.699582544973705,-13.537589204964144,3.243700787,1.637007874,,,,93.8,2477,6.6,822785,672386,665489,649966,672960,676391,676914,664702,682818,53.93,,,,,,,,3,1,4-Seam Fastball,0,0,0,0,0,0,0,0,Standard,Standard,212,-0.001,0.041,,,,,-0.041,,0,0,0.538,0.462,31,22,31,23,1,0,5,1,5,1,1.13,1.06,1.06,43.2,,,,,
SL,2026-07-23,85.8,-1.54,5.58,"Bieber, Shane",666018,669456,field_out,hit_into_play,,,,,9,Jonathan Aranda flies out sharply to center fielder Myles Straw.,R,L,R,TOR,TB,X,8,fly_ball,2,2,2026,-0.04,0.13,0.3258934719152513,1.5302400263559464,,,,1,1,Top,150.78,43.71,,,,,4.466443331353603,-125.03956887848672,-3.4926568947563736,-1.1429727420917055,20.599818345300097,-30.42031583441531,3.189288058,1.609547244,387,103.9,24,87.0,2652,6.6,822785,672386,665489,649966,672960,676391,676914,664702,682818,53.93,0.78,1.367,0.0,1,0,0,6,2,5,Slider,0,0,0,0,0,0,0,0,Infield shade,Standard,66,0.014,-0.235,72.9,7.8,,2.547,0.235,103.9,0,0,0.524,0.476,31,28,31,28,1,0,5,1,5,1,2.92,0.04,-0.04,44.3,11.47027648470858,-3.79905971096112,39.01918983809478,36.125888554079026,32.24247875406283
CH,2026-07-23,88.4,-1.54,5.54,"Bieber, Shane",666018,669456,,foul,,,,,9,,R,L,R,TOR,TB,S,,,2,1,2026,-1.11,-0.17,0.556992885461806,1.5202313136456702,,,,1,1,Top,,,,,,,7.413770887959203,-128.6316487865861,-3.1860901705384546,-13.855665514026915,25.02416485479353,-33.592238487550254,3.189288058,1.609547244,2,55.0,-44,88.8,1348,6.4,822785,672386,665489,649966,672960,676391,676914,664702,682818,54.08,,,,,,,,2,4,Changeup,0,0,0,0,0,0,0,0,Infield shade,Standard,256,0.004,-0.076,69.0,7.1,,,0.076,88.0,0,0,0.52,0.48,31,28,31,28,1,0,5,1,5,1,3.07,1.11,-1.11,35.9,2.331254973813875,12.369338041115723,42.3958383127516,33.38778167445105,21.236653828175267
FF,2026-07-23,92.4,-1.4,5.64,"Bieber, Shane",666018,669456,,ball,,,,,12,,R,L,R,TOR,TB,B,,,1,1,2026,-1.03,1.52,0.5507587143209707,3.957319812015596,,,,1,1,Top,,,,,,,7.228939903277118,-134.4030664307299,-1.650165984376807,-14.088342643797752,31.13606298035908,-13.727043457475888,3.189288058,1.609547244,,,,92.5,2341,6.5,822785,672386,665489,649966,672960,676391,676914,664702,682818,53.96,,,,,,,,2,3,4-Seam Fastball,0,0,0,0,0,0,0,0,Infield shade,Standard,219,-0.003,0.057,,,,,-0.057,,0,0,0.523,0.477,31,28,31,28,1,0,5,1,5,1,1.17,1.03,-1.03,37.6,,,,,
FC,2026-07-23,85.4,-1.54,5.69,"Bieber, Shane",666018,669456,,ball,,,,,11,,R,L,R,TOR,TB,B,,,0,1,2026,0.05,0.77,-0.3844909544163917,5.359833067306992,,,,1,1,Top,,,,,,,2.573707209961694,-124.40004479636234,4.045214537023698,0.0599335498450737,24.24546950010296,-25.203855136874097,3.189288058,1.609547244,,,,85.7,2460,6.3,822785,672386,665489,649966,672960,676391,676914,664702,682818,54.15,,,,,,,,2,2,Cutter,0,0,0,0,0,0,0,0,Infield shade,Standard,166,-0.001,0.033,,,,,-0.033,,0,0,0.524,0.476,31,28,31,28,1,0,5,1,5,1,2.35,-0.05,0.05,42.7,,,,,
KC,2026-07-23,82.2,-1.6,5.65,"Bieber, Shane",666018,669456,,called_strike,,,,,1,,R,L,R,TOR,TB,S,,,0,0,2026,0.32,-0.86,-0.7435896790704188,3.217970786842906,,,,1,1,Top,,,,,,,1.2791761598917073,-119.54845547035428,2.9781469402337963,2.765334951395934,25.27450170665243,-41.18854251087514,3.189288058,1.609547244,,,,82.0,2504,6.4,822785,672386,665489,649966,672960,676391,676914,664702,682818,54.08,,,,,,,,2,1,Knuckle Curve,0,0,0,0,0,0,0,0,Infield shade,Standard,40,0.002,-0.041,,,,,0.041,,0,0,0.522,0.478,31,28,31,28,1,0,5,1,5,1,4.26,-0.32,0.32,38.5,,,,,
FF,2026-07-23,92.3,-1.46,5.58,"Bieber, Shane",650490,669456,field_out,hit_into_play,,,,,11,Yandy Díaz pops out to first baseman Vladimir Guerrero Jr.,R,R,R,TOR,TB,X,3,popup,3,2,2026,-1.01,1.46,-0.8006477306030017,3.531888562787353,,,,0,1,Top,143.4,184.32,,,,,3.911274332085011,-134.4277664765439,-2.475340948705648,-13.060063043578886,29.85114436109735,-14.124104054280211,3.227903543,1.629035433,75,73.6,74,92.9,2419,6.6,822785,672386,665489,649966,672960,676391,676914,664702,682818,53.88,0.001,0.0,0.0,1,0,0,3,1,6,4-Seam Fastball,0,0,0,0,0,0,0,0,Standard,Standard,214,0.027,-0.346,64.1,6.9,,0.001,0.346,88.0,0,0,0.495,0.505,31,34,31,35,1,0,5,1,5,1,1.21,1.01,1.01,38.8,4.726550141800224,2.0695998745161464,15.679509499561906,29.62947462982016,28.593173375594517
FF,2026-07-23,92.5,-1.47,5.56,"Bieber, Shane",650490,669456,,foul,,,,,5,,R,R,R,TOR,TB,S,,,3,1,2026,-1.13,1.39,0.1540011398844056,2.409270948720642,,,,0,1,Top,,,,,,,6.616929165736802,-134.44665686594212,-5.085650735769917,-15.200072058772012,29.746685118887097,-14.435445091947582,3.227903543,1.629035433,235,82.6,44,92.6,2474,6.4,822785,672386,665489,649966,672960,676391,676914,664702,682818,54.05,,,,,,,,1,5,4-Seam Fastball,0,0,0,0,0,0,0,0,Standard,Standard,214,0.009,-0.103,71.3,7.6,,,0.103,88.0,0,0,0.486,0.514,31,34,31,35,1,0,5,1,5,1,1.29,1.13,1.13,37.9,-3.81085259418719,18.046242758009264,28.932670698570092,41.73215084936619,18.337532953490665
FF,2026-07-23,93.0,-1.45,5.6,"Bieber, Shane",650490,669456,,called_strike,,,,,8,,R,R,R,TOR,TB,S,,,3,0,2026,-1.26,1.44,-0.2547826531891519,1.8085522826373583,,,,0,1,Top,,,,,,,5.862526562008443,-135.23547297280766,-6.957043980766158,-16.744117084009066,29.666729692856745,-13.187339757170616,3.227903543,1.629035433,,,,93.5,2501,6.7,822785,672386,665489,649966,672960,676391,676914,664702,682818,53.85,,,,,,,,1,4,4-Seam Fastball,0,0,0,0,0,0,0,0,Standard,Standard,215,0.008,-0.086,,,,,0.086,,0,0,0.478,0.522,31,34,31,35,1,0,5,1,5,1,1.2,1.26,1.26,38.2,,,,,
FF,2026-07-23,92.6,-1.51,5.64,"Bieber, Shane",650490,669456,,ball,,,,,11,,R,R,R,TOR,TB,B,,,2,0,2026,-1.16,1.41,-0.6425733023223252,4.294643732163724,,,,0,1,Top,,,,,,,4.790889323826881,-134.81953720230933,-0.611172246056346,-15.196610775111422,30.284617095416177,-15.08691950021158,3.227903543,1.629035433,,,,93.0,2366,6.6,822785,672386,665489,649966,672960,676391,676914,664702,682818,53.9,,,,,,,,1,3,4-Seam Fastball,0,0,0,0,0,0,0,0,Standard,Standard,210,-0.011,0.149,,,,,-0.149,,0,0,0.489,0.511,31,34,31,35,1,0,5,1,5,1,1.25,1.16,1.16,38.8,,,,,
SL,2026-07-23,84.4,-1.57,5.59,"Bieber, Shane",650490,669456,,ball,,,,,14,,R,R,R,TOR,TB,B,,,1,0,2026,-0.07,0.24,1.876179215270845,1.7529193766734283,,,,0,1,Top,,,,,,,8.087479383585567,-122.80403963853097,-2.88943383612863,-2.192334196343099,21.755773460329134,-29.384529293727645,3.227903543,1.629035433,,,,85.0,2609,6.4,822785,672386,665489,649966,672960,676391,676914,664702,682818,54.07,,,,,,,,1,2,Slider,0,0,0,0,0,0,0,0,Standard,Standard,71,-0.007,0.082,,,,,-0.082,,0,0,0.496,0.504,31,34,31,35,1,0,5,1,5,1,2.93,0.07,0.07,37.9,,,,,
FF,2026-07-23,92.1,-1.34,5.58,"Bieber, Shane",650490,669456,,ball,,,,,14,,R,R,R,TOR,TB,B,,,0,0,2026,-1.02,1.5,1.081325554553651,2.0269242919345443,,,,0,1,Top,,,,,,,8.342077389263808,-133.74594280659244,-6.265235959699965,-14.120295020334176,30.90871781610862,-12.936497114734673,3.227903543,1.629035433,,,,92.1,2389,6.6,822785,672386,665489,649966,672960,676391,676914,664702,682818,53.93,,,,,,,,1,1,4-Seam Fastball,0,0,0,0,0,0,0,0,Standard,Standard,213,-0.004,0.043,,,,,-0.043,,0,0,0.5,0.5,31,34,31,35,1,0,5,1,5,1,1.21,1.02,1.02,39.4,,,,,
